LapTime,LapNumber,Stint,Sector1Time,Sector2Time,Sector3Time,SpeedI1,SpeedI2,SpeedFL,SpeedST,Compound,TyreLife,FreshTyre,Team,LapStartTime,TrackStatus,Position,Deleted,DriverID,AirTemp,Humidity,Pressure,Rainfall,TrackTemp,WindDirection,WindSpeed,LapType,RoundYear,MedianLapTime,Rank,TrackRound
96.556,2,1,28.287,30.597,37.672,198.0,264.0,253.0,290.0,INTERMEDIATE,2,True,Mercedes,0 days 00:05:49.596000,Track Clear,1,True,russell,16.3,75.0,996.3,True,20.6,96,1.1,Lap,2024_9,87.0935,2.0,2024_9
97.672,2,1,28.815,31.274,37.583,189.0,263.0,263.0,294.0,INTERMEDIATE,2,True,Red Bull Racing,0 days 00:05:50.866000,Track Clear,2,False,max_verstappen,16.3,75.0,996.3,True,20.6,96,1.1,Lap,2024_9,88.452,7.0,2024_9
98.203,2,1,28.599,31.697,37.907,197.0,264.0,263.0,291.0,INTERMEDIATE,2,True,McLaren,0 days 00:05:52.595000,Track Clear,3,False,norris,16.3,75.0,996.3,True,20.6,96,1.1,Lap,2024_9,86.391,1.0,2024_9
98.591,2,1,29.244,31.939,37.408,194.0,263.0,264.0,293.0,INTERMEDIATE,2,True,McLaren,0 days 00:05:54.331000,Track Clear,4,False,piastri,16.3,75.0,996.3,True,20.6,96,1.1,Lap,2024_9,86.391,1.0,2024_9
96.793,2,1,28.804,30.757,37.232,199.0,267.0,265.0,292.0,WET,2,True,Haas F1 Team,0 days 00:05:57.700000,Track Clear,5,False,kevin_magnussen,16.3,75.0,996.3,True,20.6,96,1.1,Lap,2024_9,88.298,6.0,2024_9
100.628,2,1,29.527,32.032,39.069,184.0,264.0,256.0,285.0,INTERMEDIATE,2,True,Aston Martin,0 days 00:05:55.162000,Track Clear,6,False,alonso,16.3,75.0,996.3,True,20.6,96,1.1,Lap,2024_9,87.472,3.0,2024_9
100.379,2,1,29.522,32.393,38.464,185.0,264.0,244.0,289.0,INTERMEDIATE,2,True,Mercedes,0 days 00:05:56.033000,Track Clear,7,False,hamilton,16.3,75.0,996.3,True,20.6,96,1.1,Lap,2024_9,87.0935,2.0,2024_9
101.606,2,1,30.528,32.411,38.667,185.0,261.0,263.0,300.0,INTERMEDIATE,2,True,Racing Bulls,0 days 00:05:57.178000,Track Clear,8,False,ricciardo,16.3,75.0,996.3,True,20.6,96,1.1,Lap,2024_9,88.23150000000001,5.0,2024_9
100.966,2,1,30.732,32.111,38.123,171.0,265.0,264.0,302.0,INTERMEDIATE,2,True,Aston Martin,0 days 00:05:58.955000,Track Clear,9,False,stroll,16.3,75.0,996.3,True,20.6,96,1.1,Lap,2024_9,87.472,3.0,2024_9
98.64,2,1,29.843,31.382,37.415,200.0,260.0,244.0,279.0,WET,2,True,Haas F1 Team,0 days 00:06:02.008000,Track Clear,10,False,hulkenberg,16.3,75.0,996.3,True,20.6,96,1.1,Lap,2024_9,88.298,6.0,2024_9
102.116,2,1,29.941,33.051,39.124,178.0,231.0,255.0,275.0,INTERMEDIATE,2,True,Ferrari,0 days 00:06:00.285000,Track Clear,11,False,leclerc,16.3,75.0,996.3,True,20.6,96,1.1,Lap,2024_9,90.0575,10.0,2024_9
102.925,2,1,30.567,33.103,39.255,187.0,217.0,230.0,248.0,INTERMEDIATE,2,True,Racing Bulls,0 days 00:06:00.578000,Track Clear,12,False,tsunoda,16.3,75.0,996.3,True,20.6,96,1.1,Lap,2024_9,88.23150000000001,5.0,2024_9
102.91,2,1,30.886,32.99,39.034,184.0,238.0,258.0,266.0,INTERMEDIATE,2,True,Williams,0 days 00:06:01.660000,Track Clear,13,False,albon,16.3,75.0,996.3,True,20.6,96,1.1,Lap,2024_9,89.528,9.0,2024_9
101.547,2,1,30.147,32.561,38.839,181.0,252.0,237.0,288.0,INTERMEDIATE,2,True,Williams,0 days 00:06:03.558000,Track Clear,14,False,sargeant,16.3,75.0,996.3,True,20.6,96,1.1,Lap,2024_9,89.528,9.0,2024_9
102.579,2,1,31.034,32.486,39.059,180.0,253.0,243.0,285.0,INTERMEDIATE,2,True,Ferrari,0 days 00:06:03.536000,Track Clear,15,False,sainz,16.3,75.0,996.3,True,20.6,96,1.1,Lap,2024_9,90.0575,10.0,2024_9
102.937,2,1,30.741,32.586,39.61,189.0,249.0,262.0,232.0,INTERMEDIATE,2,True,Alpine,0 days 00:06:04.799000,Track Clear,16,False,ocon,16.3,75.0,996.3,True,20.6,96,1.1,Lap,2024_9,88.21000000000001,4.0,2024_9
102.78,2,1,30.398,33.017,39.365,193.0,245.0,240.0,244.0,INTERMEDIATE,2,True,Red Bull Racing,0 days 00:06:05.933000,Track Clear,17,False,perez,16.3,75.0,996.3,True,20.6,96,1.1,Lap,2024_9,88.452,7.0,2024_9
103.105,2,1,31.04,33.346,38.719,180.0,261.0,263.0,297.0,INTERMEDIATE,2,True,Alpine,0 days 00:06:06.534000,Track Clear,18,False,gasly,16.3,75.0,996.3,True,20.6,96,1.1,Lap,2024_9,88.21000000000001,4.0,2024_9
103.023,2,1,31.004,33.562,38.457,180.0,258.0,241.0,298.0,INTERMEDIATE,2,True,Kick Sauber,0 days 00:06:07.680000,Track Clear,19,False,bottas,16.3,75.0,996.3,True,20.6,96,1.1,Lap,2024_9,89.076,8.0,2024_9
103.668,2,1,31.384,33.521,38.763,175.0,247.0,252.0,263.0,INTERMEDIATE,2,True,Kick Sauber,0 days 00:06:09.436000,Track Clear,20,False,zhou,16.3,75.0,996.3,True,20.6,96,1.1,Lap,2024_9,89.076,8.0,2024_9
96.396,3,1,28.246,31.353,36.797,206.0,265.0,265.0,293.0,INTERMEDIATE,3,True,Mercedes,0 days 00:07:26.152000,Track Clear,1,False,russell,16.2,74.0,996.4,True,20.4,115,1.4,Lap,2024_9,87.0935,2.0,2024_9
96.443,3,1,28.62,31.275,36.548,182.0,265.0,266.0,298.0,INTERMEDIATE,3,True,Red Bull Racing,0 days 00:07:28.538000,Track Clear,2,False,max_verstappen,16.2,74.0,996.4,True,20.4,115,1.4,Lap,2024_9,88.452,7.0,2024_9
96.569,3,1,28.411,31.343,36.815,195.0,266.0,268.0,297.0,INTERMEDIATE,3,True,McLaren,0 days 00:07:30.798000,Track Clear,3,False,norris,16.2,75.0,996.2,True,20.0,146,0.7,Lap,2024_9,86.391,1.0,2024_9
96.134,3,1,27.936,31.214,36.984,198.0,268.0,264.0,295.0,WET,3,True,Haas F1 Team,0 days 00:07:34.493000,Track Clear,4,False,kevin_magnussen,16.2,75.0,996.2,True,20.0,146,0.7,Lap,2024_9,88.298,6.0,2024_9
98.416,3,1,29.226,31.118,38.072,192.0,265.0,266.0,276.0,INTERMEDIATE,3,True,McLaren,0 days 00:07:32.922000,Track Clear,5,False,piastri,16.2,75.0,996.2,True,20.0,146,0.7,Lap,2024_9,86.391,1.0,2024_9
98.216,3,1,29.434,31.644,37.138,173.0,267.0,269.0,301.0,INTERMEDIATE,3,True,Aston Martin,0 days 00:07:35.790000,Track Clear,6,False,alonso,16.2,75.0,996.2,True,20.0,146,0.7,Lap,2024_9,87.472,3.0,2024_9
98.714,3,1,29.402,31.647,37.665,180.0,268.0,266.0,298.0,INTERMEDIATE,3,True,Mercedes,0 days 00:07:36.412000,Track Clear,7,False,hamilton,16.2,75.0,996.2,True,20.0,146,0.7,Lap,2024_9,87.0935,2.0,2024_9
96.651,3,1,28.886,31.32,36.445,197.0,263.0,264.0,293.0,WET,3,True,Haas F1 Team,0 days 00:07:40.648000,Track Clear,8,False,hulkenberg,16.2,75.0,996.2,True,20.0,146,0.7,Lap,2024_9,88.298,6.0,2024_9
100.559,3,1,29.874,32.386,38.299,,240.0,266.0,300.0,INTERMEDIATE,3,True,Racing Bulls,0 days 00:07:38.784000,Track Clear,9,False,ricciardo,16.2,75.0,996.2,True,20.0,146,0.7,Lap,2024_9,88.23150000000001,5.0,2024_9
100.688,3,1,30.71,31.78,38.198,185.0,252.0,268.0,297.0,INTERMEDIATE,3,True,Aston Martin,0 days 00:07:39.921000,Track Clear,10,False,stroll,16.2,75.0,996.2,True,20.0,146,0.7,Lap,2024_9,87.472,3.0,2024_9
99.247,3,1,28.968,32.376,37.903,185.0,255.0,257.0,287.0,INTERMEDIATE,3,True,Ferrari,0 days 00:07:42.401000,Track Clear,11,False,leclerc,16.2,75.0,996.2,True,20.0,146,0.7,Lap,2024_9,90.0575,10.0,2024_9
99.935,3,1,29.978,32.236,37.721,186.0,264.0,265.0,286.0,INTERMEDIATE,3,True,Racing Bulls,0 days 00:07:43.503000,Track Clear,12,False,tsunoda,16.2,75.0,996.2,True,20.0,146,0.7,Lap,2024_9,88.23150000000001,5.0,2024_9
99.947,3,1,29.853,32.228,37.866,193.0,250.0,267.0,304.0,INTERMEDIATE,3,True,Williams,0 days 00:07:44.570000,Track Clear,13,False,albon,16.2,75.0,996.2,True,20.0,146,0.7,Lap,2024_9,89.528,9.0,2024_9
100.477,3,1,29.905,32.129,38.443,,252.0,252.0,300.0,INTERMEDIATE,3,True,Ferrari,0 days 00:07:46.115000,Track Clear,14,False,sainz,16.2,75.0,996.2,True,20.0,146,0.7,Lap,2024_9,90.0575,10.0,2024_9
101.749,3,1,30.405,32.068,39.276,175.0,263.0,233.0,304.0,INTERMEDIATE,3,True,Williams,0 days 00:07:45.105000,Track Clear,15,True,sargeant,16.2,75.0,996.2,True,20.0,146,0.7,Lap,2024_9,89.528,9.0,2024_9
100.159,3,1,30.069,32.188,37.902,183.0,265.0,258.0,298.0,INTERMEDIATE,3,True,Alpine,0 days 00:07:47.736000,Track Clear,16,False,ocon,16.2,75.0,996.2,True,20.0,146,0.7,Lap,2024_9,88.21000000000001,4.0,2024_9
100.055,3,1,30.513,31.934,37.608,184.0,263.0,267.0,303.0,INTERMEDIATE,3,True,Red Bull Racing,0 days 00:07:48.713000,Track Clear,17,False,perez,16.2,75.0,996.2,True,20.0,146,0.7,Lap,2024_9,88.452,7.0,2024_9
100.496,3,1,30.326,32.429,37.741,172.0,260.0,267.0,299.0,INTERMEDIATE,3,True,Alpine,0 days 00:07:49.639000,Track Clear,18,False,gasly,16.2,75.0,996.2,True,20.0,146,0.7,Lap,2024_9,88.21000000000001,4.0,2024_9
100.755,3,1,30.493,32.185,38.077,188.0,265.0,267.0,296.0,INTERMEDIATE,3,True,Kick Sauber,0 days 00:07:50.703000,Track Clear,19,False,bottas,16.2,75.0,996.2,True,20.0,146,0.7,Lap,2024_9,89.076,8.0,2024_9
101.41,3,1,30.267,32.578,38.565,185.0,265.0,265.0,284.0,INTERMEDIATE,3,True,Kick Sauber,0 days 00:07:53.104000,Track Clear,20,False,zhou,16.2,75.0,996.2,True,20.0,146,0.7,Lap,2024_9,89.076,8.0,2024_9
94.585,4,1,27.927,30.207,36.451,204.0,267.0,269.0,296.0,INTERMEDIATE,4,True,Mercedes,0 days 00:09:02.548000,Track Clear,1,False,russell,16.0,76.0,996.2,True,19.9,104,1.3,Lap,2024_9,87.0935,2.0,2024_9
95.105,4,1,28.103,30.649,36.353,198.0,266.0,267.0,298.0,INTERMEDIATE,4,True,Red Bull Racing,0 days 00:09:04.981000,Track Clear,2,False,max_verstappen,16.0,76.0,996.2,True,19.9,104,1.3,Lap,2024_9,88.452,7.0,2024_9
95.138,4,1,28.082,30.586,36.47,201.0,265.0,269.0,299.0,INTERMEDIATE,4,True,McLaren,0 days 00:09:07.367000,Track Clear,3,False,norris,16.0,76.0,996.2,True,19.9,104,1.3,Lap,2024_9,86.391,1.0,2024_9
93.993,4,1,27.334,29.992,36.667,215.0,265.0,265.0,300.0,WET,4,True,Haas F1 Team,0 days 00:09:10.627000,Track Clear,4,False,kevin_magnussen,16.0,76.0,996.2,True,19.9,104,1.3,Lap,2024_9,88.298,6.0,2024_9
97.594,4,1,29.093,31.409,37.092,190.0,267.0,267.0,300.0,INTERMEDIATE,4,True,McLaren,0 days 00:09:11.338000,Track Clear,5,False,piastri,16.0,76.0,996.2,True,19.9,104,1.3,Lap,2024_9,86.391,1.0,2024_9
96.643,4,1,28.891,31.213,36.539,176.0,269.0,269.0,303.0,INTERMEDIATE,4,True,Aston Martin,0 days 00:09:14.006000,Track Clear,6,False,alonso,16.0,76.0,996.2,True,19.9,104,1.3,Lap,2024_9,87.472,3.0,2024_9
96.666,4,1,28.639,31.222,36.805,182.0,267.0,272.0,305.0,INTERMEDIATE,4,True,Mercedes,0 days 00:09:15.126000,Track Clear,7,False,hamilton,16.0,76.0,996.2,True,19.9,104,1.3,Lap,2024_9,87.0935,2.0,2024_9
95.053,4,1,27.355,30.684,37.014,,264.0,268.0,302.0,WET,4,True,Haas F1 Team,0 days 00:09:17.299000,Track Clear,8,False,hulkenberg,16.0,76.0,996.2,True,19.9,104,1.3,Lap,2024_9,88.298,6.0,2024_9
97.504,4,1,28.687,31.496,37.321,184.0,266.0,267.0,302.0,INTERMEDIATE,4,True,Racing Bulls,0 days 00:09:19.343000,Track Clear,9,False,ricciardo,16.0,76.0,996.2,True,19.9,104,1.3,Lap,2024_9,88.23150000000001,5.0,2024_9
97.302,4,1,28.71,31.12,37.472,,270.0,269.0,304.0,INTERMEDIATE,4,True,Aston Martin,0 days 00:09:20.609000,Track Clear,10,False,stroll,16.0,76.0,996.2,True,19.9,104,1.3,Lap,2024_9,87.472,3.0,2024_9
97.813,4,1,29.078,31.438,37.297,183.0,256.0,258.0,289.0,INTERMEDIATE,4,True,Ferrari,0 days 00:09:21.648000,Track Clear,11,False,leclerc,16.0,76.0,996.2,True,19.9,104,1.3,Lap,2024_9,90.0575,10.0,2024_9
97.475,4,1,28.57,31.454,37.451,190.0,268.0,267.0,306.0,INTERMEDIATE,4,True,Racing Bulls,0 days 00:09:23.438000,Track Clear,12,False,tsunoda,16.0,76.0,996.2,True,19.9,104,1.3,Lap,2024_9,88.23150000000001,5.0,2024_9
97.922,4,1,28.913,31.471,37.538,198.0,236.0,268.0,305.0,INTERMEDIATE,4,True,Williams,0 days 00:09:24.517000,Track Clear,13,False,albon,16.0,76.0,996.2,True,19.9,104,1.3,Lap,2024_9,89.528,9.0,2024_9
97.631,4,1,29.189,31.351,37.091,184.0,266.0,266.0,302.0,INTERMEDIATE,4,True,Ferrari,0 days 00:09:26.592000,Track Clear,14,False,sainz,16.0,76.0,996.2,True,19.9,104,1.3,Lap,2024_9,90.0575,10.0,2024_9
98.521,4,1,30.065,31.492,36.964,184.0,269.0,270.0,309.0,INTERMEDIATE,4,True,Williams,0 days 00:09:26.854000,Track Clear,15,False,sargeant,16.0,76.0,996.2,True,19.9,104,1.3,Lap,2024_9,89.528,9.0,2024_9
99.746,4,1,30.06,31.842,37.844,,263.0,266.0,298.0,INTERMEDIATE,4,True,Alpine,0 days 00:09:27.895000,Track Clear,16,False,ocon,16.0,78.0,996.3,True,19.9,343,0.9,Lap,2024_9,88.21000000000001,4.0,2024_9
99.37,4,1,29.998,31.635,37.737,190.0,267.0,271.0,279.0,INTERMEDIATE,4,True,Red Bull Racing,0 days 00:09:28.768000,Track Clear,17,False,perez,16.0,78.0,996.3,True,19.9,343,0.9,Lap,2024_9,88.452,7.0,2024_9
98.907,4,1,29.518,31.43,37.959,180.0,266.0,267.0,302.0,INTERMEDIATE,4,True,Alpine,0 days 00:09:30.135000,Track Clear,18,False,gasly,16.0,78.0,996.3,True,19.9,343,0.9,Lap,2024_9,88.21000000000001,4.0,2024_9
98.608,4,1,29.444,31.575,37.589,189.0,266.0,266.0,301.0,INTERMEDIATE,4,True,Kick Sauber,0 days 00:09:31.458000,Track Clear,19,False,bottas,16.0,78.0,996.3,True,19.9,343,0.9,Lap,2024_9,89.076,8.0,2024_9
99.785,4,1,30.183,31.62,37.982,181.0,264.0,266.0,299.0,INTERMEDIATE,4,True,Kick Sauber,0 days 00:09:34.514000,Track Clear,20,False,zhou,16.0,78.0,996.3,True,19.9,343,0.9,Lap,2024_9,89.076,8.0,2024_9
94.094,5,1,28.005,30.058,36.031,203.0,269.0,271.0,298.0,INTERMEDIATE,5,True,Mercedes,0 days 00:10:37.133000,Track Clear,1,False,russell,15.9,78.0,996.2,True,19.9,142,0.8,Lap,2024_9,87.0935,2.0,2024_9
93.859,5,1,27.574,30.293,35.992,200.0,267.0,267.0,300.0,INTERMEDIATE,5,True,Red Bull Racing,0 days 00:10:40.086000,Track Clear,2,False,max_verstappen,15.9,78.0,996.2,True,19.9,142,0.8,Lap,2024_9,88.452,7.0,2024_9
94.885,5,1,28.193,30.245,36.447,189.0,269.0,269.0,298.0,INTERMEDIATE,5,True,McLaren,0 days 00:10:42.505000,Track Clear,3,False,norris,15.9,78.0,996.2,True,19.9,142,0.8,Lap,2024_9,86.391,1.0,2024_9
94.529,5,1,27.517,30.564,36.448,207.0,267.0,266.0,299.0,WET,5,True,Haas F1 Team,0 days 00:10:44.620000,Track Clear,4,False,kevin_magnussen,15.9,78.0,996.2,True,19.9,142,0.8,Lap,2024_9,88.298,6.0,2024_9
96.59,5,1,29.721,30.784,36.085,194.0,267.0,270.0,295.0,INTERMEDIATE,5,True,McLaren,0 days 00:10:48.932000,Track Clear,5,False,piastri,15.9,78.0,996.2,True,19.9,142,0.8,Lap,2024_9,86.391,1.0,2024_9
96.345,5,1,29.01,30.778,36.557,181.0,270.0,270.0,301.0,INTERMEDIATE,5,True,Aston Martin,0 days 00:10:50.649000,Track Clear,6,False,alonso,15.9,78.0,996.2,True,19.9,142,0.8,Lap,2024_9,87.472,3.0,2024_9
95.905,5,1,28.39,30.892,36.623,185.0,271.0,271.0,301.0,INTERMEDIATE,5,True,Mercedes,0 days 00:10:51.792000,Track Clear,7,False,hamilton,15.9,78.0,996.2,True,19.9,142,0.8,Lap,2024_9,87.0935,2.0,2024_9
96.104,5,1,28.277,31.065,36.762,190.0,267.0,267.0,299.0,WET,5,True,Haas F1 Team,0 days 00:10:52.352000,Track Clear,8,False,hulkenberg,15.9,78.0,996.2,True,19.9,142,0.8,Lap,2024_9,88.298,6.0,2024_9
97.388,5,1,29.193,31.212,36.983,187.0,266.0,267.0,300.0,INTERMEDIATE,5,True,Racing Bulls,0 days 00:10:56.847000,Track Clear,9,False,ricciardo,15.9,78.0,996.2,True,19.9,142,0.8,Lap,2024_9,88.23150000000001,5.0,2024_9
97.044,5,1,29.041,30.935,37.068,189.0,270.0,270.0,303.0,INTERMEDIATE,5,True,Aston Martin,0 days 00:10:57.911000,Track Clear,10,False,stroll,15.9,78.0,996.2,True,19.9,142,0.8,Lap,2024_9,87.472,3.0,2024_9
96.358,5,1,28.625,30.75,36.983,194.0,258.0,260.0,293.0,INTERMEDIATE,5,True,Ferrari,0 days 00:10:59.461000,Track Clear,11,False,leclerc,15.9,78.0,996.2,True,19.9,142,0.8,Lap,2024_9,90.0575,10.0,2024_9
95.882,5,1,28.438,30.65,36.794,194.0,268.0,267.0,303.0,INTERMEDIATE,5,True,Racing Bulls,0 days 00:11:00.913000,Track Clear,12,False,tsunoda,15.9,78.0,996.2,True,19.9,142,0.8,Lap,2024_9,88.23150000000001,5.0,2024_9
98.077,5,1,29.659,31.353,37.065,202.0,264.0,270.0,305.0,INTERMEDIATE,5,True,Williams,0 days 00:11:02.439000,Track Clear,13,False,albon,15.9,78.0,996.2,True,19.9,142,0.8,Lap,2024_9,89.528,9.0,2024_9
97.379,5,1,29.367,31.144,36.868,185.0,267.0,268.0,302.0,INTERMEDIATE,5,True,Ferrari,0 days 00:11:04.223000,Track Clear,14,False,sainz,15.9,78.0,996.2,True,19.9,142,0.8,Lap,2024_9,90.0575,10.0,2024_9
98.36,5,1,30.037,30.89,37.433,182.0,269.0,264.0,306.0,INTERMEDIATE,5,True,Williams,0 days 00:11:05.375000,Track Clear,15,True,sargeant,15.9,78.0,996.2,True,19.9,142,0.8,Lap,2024_9,89.528,9.0,2024_9
98.507,5,1,29.588,31.496,37.423,193.0,265.0,266.0,299.0,INTERMEDIATE,5,True,Alpine,0 days 00:11:07.641000,Track Clear,16,False,ocon,15.9,78.0,996.2,True,19.9,142,0.8,Lap,2024_9,88.21000000000001,4.0,2024_9
98.58,5,1,29.893,31.351,37.336,198.0,266.0,269.0,288.0,INTERMEDIATE,5,True,Red Bull Racing,0 days 00:11:08.138000,Track Clear,17,False,perez,15.9,78.0,996.2,True,19.9,142,0.8,Lap,2024_9,88.452,7.0,2024_9
98.846,5,1,29.873,31.091,37.882,185.0,268.0,266.0,300.0,INTERMEDIATE,5,True,Alpine,0 days 00:11:09.042000,Track Clear,18,False,gasly,15.9,78.0,996.2,True,19.9,142,0.8,Lap,2024_9,88.21000000000001,4.0,2024_9
98.637,5,1,29.414,31.608,37.615,180.0,267.0,269.0,302.0,INTERMEDIATE,5,True,Kick Sauber,0 days 00:11:10.066000,Track Clear,19,False,bottas,15.9,78.0,996.2,True,19.9,142,0.8,Lap,2024_9,89.076,8.0,2024_9
98.327,5,1,29.746,31.28,37.301,189.0,266.0,269.0,300.0,INTERMEDIATE,5,True,Kick Sauber,0 days 00:11:14.299000,Track Clear,20,False,zhou,15.9,78.0,996.2,True,19.9,142,0.8,Lap,2024_9,89.076,8.0,2024_9
90.974,7,1,26.616,29.056,35.302,214.0,271.0,271.0,298.0,INTERMEDIATE,7,True,Mercedes,0 days 00:13:44.126000,Track Clear,1,False,russell,15.9,77.0,996.3,True,20.3,143,1.4,Lap,2024_9,87.0935,2.0,2024_9
91.258,7,1,26.61,29.509,35.139,208.0,267.0,270.0,302.0,INTERMEDIATE,7,True,Red Bull Racing,0 days 00:13:46.579000,Track Clear,2,False,max_verstappen,15.9,77.0,996.3,True,20.3,143,1.4,Lap,2024_9,88.452,7.0,2024_9
92.547,7,1,26.939,29.807,35.801,213.0,269.0,270.0,295.0,INTERMEDIATE,7,True,McLaren,0 days 00:13:52.427000,Track Clear,3,False,norris,15.9,77.0,996.3,True,20.3,143,1.4,Lap,2024_9,86.391,1.0,2024_9
91.954,7,1,27.103,29.455,35.396,209.0,271.0,271.0,302.0,INTERMEDIATE,7,True,McLaren,0 days 00:13:58.582000,Track Clear,4,False,piastri,15.9,77.0,996.3,True,20.3,143,1.4,Lap,2024_9,86.391,1.0,2024_9
95.131,7,1,28.584,30.45,36.097,176.0,271.0,270.0,300.0,INTERMEDIATE,7,True,Aston Martin,0 days 00:14:03.314000,Track Clear,5,False,alonso,15.9,77.0,996.3,True,20.3,143,1.4,Lap,2024_9,87.472,3.0,2024_9
95.866,7,1,28.939,30.523,36.404,188.0,272.0,274.0,305.0,INTERMEDIATE,7,True,Mercedes,0 days 00:14:03.361000,Track Clear,6,True,hamilton,15.9,77.0,996.3,True,20.3,143,1.4,Lap,2024_9,87.0935,2.0,2024_9
96.158,7,1,28.378,31.046,36.734,193.0,264.0,263.0,296.0,WET,7,True,Haas F1 Team,0 days 00:14:04.634000,Track Clear,7,False,hulkenberg,15.9,77.0,996.3,True,20.3,143,1.4,Lap,2024_9,88.298,6.0,2024_9
93.997,7,1,27.37,30.157,36.47,197.0,269.0,269.0,303.0,INTERMEDIATE,7,True,Racing Bulls,0 days 00:14:10.919000,Track Clear,8,False,ricciardo,15.9,77.0,996.3,True,20.3,143,1.4,Lap,2024_9,88.23150000000001,5.0,2024_9
93.695,7,1,27.404,29.909,36.382,201.0,273.0,273.0,306.0,INTERMEDIATE,7,True,Aston Martin,0 days 00:14:11.610000,Track Clear,9,False,stroll,15.9,77.0,996.3,True,20.3,143,1.4,Lap,2024_9,87.472,3.0,2024_9
94.541,7,1,28.467,29.76,36.314,198.0,262.0,260.0,293.0,INTERMEDIATE,7,True,Ferrari,0 days 00:14:12.119000,Track Clear,10,False,leclerc,15.9,77.0,996.3,True,20.3,143,1.4,Lap,2024_9,90.0575,10.0,2024_9
94.176,7,1,28.0,30.087,36.089,199.0,271.0,269.0,307.0,INTERMEDIATE,7,True,Racing Bulls,0 days 00:14:13.441000,Track Clear,11,False,tsunoda,15.9,77.0,996.3,True,20.3,143,1.4,Lap,2024_9,88.23150000000001,5.0,2024_9
93.969,7,1,27.717,30.143,36.109,211.0,269.0,272.0,305.0,INTERMEDIATE,7,True,Williams,0 days 00:14:16.433000,Track Clear,13,False,albon,15.9,77.0,996.3,True,20.3,143,1.4,Lap,2024_9,89.528,9.0,2024_9
93.725,7,1,27.747,29.868,36.11,199.0,270.0,270.0,308.0,INTERMEDIATE,7,True,Ferrari,0 days 00:14:17.351000,Track Clear,14,False,sainz,15.9,77.0,996.3,True,20.3,143,1.4,Lap,2024_9,90.0575,10.0,2024_9
93.72,7,1,27.621,29.938,36.161,203.0,268.0,268.0,299.0,INTERMEDIATE,7,True,Alpine,0 days 00:14:22.649000,Track Clear,15,False,ocon,15.9,77.0,996.3,True,20.3,143,1.4,Lap,2024_9,88.21000000000001,4.0,2024_9
94.071,7,1,28.116,29.762,36.193,211.0,270.0,269.0,309.0,INTERMEDIATE,7,True,Red Bull Racing,0 days 00:14:23.095000,Track Clear,16,False,perez,15.9,77.0,996.3,True,20.3,143,1.4,Lap,2024_9,88.452,7.0,2024_9
95.344,7,1,27.894,31.042,36.408,197.0,263.0,267.0,299.0,INTERMEDIATE,7,True,Alpine,0 days 00:14:24.462000,Track Clear,17,False,gasly,15.9,77.0,996.3,True,20.3,143,1.4,Lap,2024_9,88.21000000000001,4.0,2024_9
95.655,7,1,28.169,30.84,36.646,190.0,268.0,268.0,303.0,INTERMEDIATE,7,True,Kick Sauber,0 days 00:14:25.739000,Track Clear,18,False,bottas,15.9,77.0,996.3,True,20.3,143,1.4,Lap,2024_9,89.076,8.0,2024_9
95.318,7,1,28.591,30.024,36.703,204.0,269.0,270.0,301.0,INTERMEDIATE,7,True,Kick Sauber,0 days 00:14:30.154000,Track Clear,19,False,zhou,15.9,77.0,996.3,True,20.3,143,1.4,Lap,2024_9,89.076,8.0,2024_9
94.031,7,1,28.011,30.109,35.911,187.0,267.0,269.0,303.0,INTERMEDIATE,7,True,Williams,0 days 00:14:42.061000,Track Clear,20,False,sargeant,16.0,80.0,996.3,True,20.5,313,1.3,Lap,2024_9,89.528,9.0,2024_9
91.467,8,1,27.092,29.252,35.123,216.0,271.0,270.0,297.0,INTERMEDIATE,8,True,Mercedes,0 days 00:15:15.100000,Track Clear,1,False,russell,16.0,80.0,996.3,True,20.5,313,1.3,Lap,2024_9,87.0935,2.0,2024_9
90.766,8,1,26.684,29.016,35.066,213.0,270.0,270.0,302.0,INTERMEDIATE,8,True,Red Bull Racing,0 days 00:15:17.837000,Track Clear,2,False,max_verstappen,16.0,80.0,996.3,True,20.5,313,1.3,Lap,2024_9,88.452,7.0,2024_9
91.299,8,1,26.629,29.32,35.35,,270.0,271.0,296.0,INTERMEDIATE,8,True,McLaren,0 days 00:15:24.974000,Track Clear,3,False,norris,16.0,80.0,996.3,True,20.5,313,1.3,Lap,2024_9,86.391,1.0,2024_9
91.133,8,1,26.733,29.314,35.086,213.0,270.0,271.0,300.0,INTERMEDIATE,8,True,McLaren,0 days 00:15:30.536000,Track Clear,4,False,piastri,16.0,80.0,996.3,True,20.5,313,1.3,Lap,2024_9,86.391,1.0,2024_9
92.566,8,1,27.485,29.543,35.538,184.0,271.0,270.0,300.0,INTERMEDIATE,8,True,Aston Martin,0 days 00:15:38.445000,Track Clear,5,False,alonso,16.1,78.0,996.2,True,23.0,119,0.7,Lap,2024_9,87.472,3.0,2024_9
92.524,8,1,27.042,29.756,35.726,205.0,273.0,274.0,306.0,INTERMEDIATE,8,True,Mercedes,0 days 00:15:39.227000,Track Clear,6,False,hamilton,16.1,78.0,996.2,True,23.0,119,0.7,Lap,2024_9,87.0935,2.0,2024_9
94.17,8,1,27.495,30.306,36.369,194.0,263.0,265.0,296.0,WET,8,True,Haas F1 Team,0 days 00:15:40.792000,Track Clear,7,False,hulkenberg,16.1,78.0,996.2,True,23.0,119,0.7,Lap,2024_9,88.298,6.0,2024_9
93.341,8,1,27.726,29.971,35.644,193.0,269.0,270.0,304.0,INTERMEDIATE,8,True,Racing Bulls,0 days 00:15:44.916000,Track Clear,8,False,ricciardo,16.1,78.0,996.2,True,23.0,119,0.7,Lap,2024_9,88.23150000000001,5.0,2024_9
93.549,8,1,27.741,30.102,35.706,192.0,273.0,273.0,307.0,INTERMEDIATE,8,True,Aston Martin,0 days 00:15:45.305000,Track Clear,9,False,stroll,16.1,78.0,996.2,True,23.0,119,0.7,Lap,2024_9,87.472,3.0,2024_9
93.768,8,1,27.232,29.921,36.615,197.0,263.0,259.0,294.0,INTERMEDIATE,8,True,Ferrari,0 days 00:15:46.660000,Track Clear,10,False,leclerc,16.1,78.0,996.2,True,23.0,119,0.7,Lap,2024_9,90.0575,10.0,2024_9
93.491,8,1,27.943,29.484,36.064,203.0,268.0,271.0,307.0,INTERMEDIATE,8,True,Racing Bulls,0 days 00:15:47.617000,Track Clear,11,False,tsunoda,16.1,78.0,996.2,True,23.0,119,0.7,Lap,2024_9,88.23150000000001,5.0,2024_9
92.963,8,1,27.244,29.825,35.894,216.0,270.0,272.0,306.0,INTERMEDIATE,8,True,Williams,0 days 00:15:50.402000,Track Clear,12,False,albon,16.1,78.0,996.2,True,23.0,119,0.7,Lap,2024_9,89.528,9.0,2024_9
93.103,8,1,27.663,29.712,35.728,198.0,271.0,270.0,307.0,INTERMEDIATE,8,True,Ferrari,0 days 00:15:51.076000,Track Clear,13,False,sainz,16.1,78.0,996.2,True,23.0,119,0.7,Lap,2024_9,90.0575,10.0,2024_9
93.301,8,1,27.146,30.154,36.001,206.0,269.0,270.0,299.0,INTERMEDIATE,8,True,Alpine,0 days 00:15:56.369000,Track Clear,15,False,ocon,16.1,78.0,996.2,True,23.0,119,0.7,Lap,2024_9,88.21000000000001,4.0,2024_9
93.132,8,1,27.194,30.32,35.618,213.0,270.0,273.0,310.0,INTERMEDIATE,8,True,Red Bull Racing,0 days 00:15:57.166000,Track Clear,16,False,perez,16.1,78.0,996.2,True,23.0,119,0.7,Lap,2024_9,88.452,7.0,2024_9
92.862,8,1,26.836,30.024,36.002,209.0,268.0,267.0,300.0,INTERMEDIATE,8,True,Alpine,0 days 00:15:59.806000,Track Clear,17,False,gasly,16.1,78.0,996.2,True,23.0,119,0.7,Lap,2024_9,88.21000000000001,4.0,2024_9
93.68,8,1,27.421,29.976,36.283,202.0,269.0,270.0,300.0,INTERMEDIATE,8,True,Kick Sauber,0 days 00:16:01.394000,Track Clear,18,False,bottas,16.1,78.0,996.2,True,23.0,119,0.7,Lap,2024_9,89.076,8.0,2024_9
93.889,8,1,27.722,29.899,36.268,209.0,270.0,270.0,301.0,INTERMEDIATE,8,True,Kick Sauber,0 days 00:16:05.472000,Track Clear,19,False,zhou,16.1,78.0,996.2,True,23.0,119,0.7,Lap,2024_9,89.076,8.0,2024_9
94.161,8,1,28.407,30.136,35.618,188.0,270.0,271.0,304.0,INTERMEDIATE,8,True,Williams,0 days 00:16:16.092000,Track Clear,20,False,sargeant,16.1,78.0,996.2,True,23.0,119,0.7,Lap,2024_9,89.528,9.0,2024_9
90.401,9,1,26.887,28.672,34.842,218.0,272.0,271.0,297.0,INTERMEDIATE,9,True,Mercedes,0 days 00:16:46.567000,Track Clear,1,False,russell,16.5,78.0,996.3,True,23.8,209,1.1,Lap,2024_9,87.0935,2.0,2024_9
90.159,9,1,26.391,28.943,34.825,216.0,271.0,271.0,303.0,INTERMEDIATE,9,True,Red Bull Racing,0 days 00:16:48.603000,Track Clear,2,False,max_verstappen,16.5,78.0,996.3,True,23.8,209,1.1,Lap,2024_9,88.452,7.0,2024_9
89.86,9,1,25.877,29.073,34.91,,271.0,270.0,294.0,INTERMEDIATE,9,True,McLaren,0 days 00:16:56.273000,Track Clear,3,False,norris,16.5,78.0,996.3,True,23.8,209,1.1,Lap,2024_9,86.391,1.0,2024_9
91.043,9,1,26.473,29.674,34.896,214.0,271.0,272.0,299.0,INTERMEDIATE,9,True,McLaren,0 days 00:17:01.669000,Track Clear,4,False,piastri,16.5,78.0,996.3,True,23.8,209,1.1,Lap,2024_9,86.391,1.0,2024_9
90.866,9,1,26.584,29.085,35.197,190.0,271.0,270.0,299.0,INTERMEDIATE,9,True,Aston Martin,0 days 00:17:11.011000,Track Clear,5,False,alonso,16.5,78.0,996.3,True,23.8,209,1.1,Lap,2024_9,87.472,3.0,2024_9
91.01,9,1,26.405,29.176,35.429,207.0,275.0,275.0,303.0,INTERMEDIATE,9,True,Mercedes,0 days 00:17:11.751000,Track Clear,6,False,hamilton,16.5,78.0,996.3,True,23.8,209,1.1,Lap,2024_9,87.0935,2.0,2024_9
94.267,9,1,27.921,30.115,36.231,198.0,265.0,264.0,294.0,WET,9,True,Haas F1 Team,0 days 00:17:14.962000,Track Clear,7,False,hulkenberg,16.5,78.0,996.3,True,23.8,209,1.1,Lap,2024_9,88.298,6.0,2024_9
92.518,9,1,26.882,29.712,35.924,201.0,272.0,269.0,305.0,INTERMEDIATE,9,True,Racing Bulls,0 days 00:17:18.257000,Track Clear,8,False,ricciardo,16.5,78.0,996.3,True,23.8,209,1.1,Lap,2024_9,88.23150000000001,5.0,2024_9
92.85,9,1,27.262,29.64,35.948,198.0,273.0,272.0,304.0,INTERMEDIATE,9,True,Aston Martin,0 days 00:17:18.854000,Track Clear,9,False,stroll,16.5,78.0,996.3,True,23.8,209,1.1,Lap,2024_9,87.472,3.0,2024_9
92.791,9,1,27.253,29.547,35.991,200.0,261.0,261.0,294.0,INTERMEDIATE,9,True,Ferrari,0 days 00:17:20.428000,Track Clear,10,False,leclerc,16.5,78.0,996.3,True,23.8,209,1.1,Lap,2024_9,90.0575,10.0,2024_9
92.88,9,1,27.124,29.76,35.996,197.0,271.0,271.0,305.0,INTERMEDIATE,9,True,Racing Bulls,0 days 00:17:21.108000,Track Clear,11,False,tsunoda,16.5,78.0,996.3,True,23.8,209,1.1,Lap,2024_9,88.23150000000001,5.0,2024_9
92.225,9,1,26.888,29.706,35.631,200.0,272.0,274.0,307.0,INTERMEDIATE,9,True,Williams,0 days 00:17:23.365000,Track Clear,12,False,albon,16.5,78.0,996.3,True,23.8,209,1.1,Lap,2024_9,89.528,9.0,2024_9
92.154,9,1,27.006,29.657,35.491,210.0,271.0,272.0,307.0,INTERMEDIATE,9,True,Ferrari,0 days 00:17:24.179000,Track Clear,13,False,sainz,16.5,78.0,996.3,True,23.8,209,1.1,Lap,2024_9,90.0575,10.0,2024_9
93.695,9,2,27.975,29.667,36.053,215.0,271.0,271.0,304.0,INTERMEDIATE,2,True,Haas F1 Team,0 days 00:17:27.225000,Track Clear,14,False,kevin_magnussen,16.5,78.0,996.3,True,23.8,209,1.1,Lap,2024_9,88.298,6.0,2024_9
92.887,9,1,27.197,29.777,35.913,209.0,269.0,271.0,301.0,INTERMEDIATE,9,True,Alpine,0 days 00:17:29.670000,Track Clear,15,False,ocon,16.5,78.0,996.3,True,23.8,209,1.1,Lap,2024_9,88.21000000000001,4.0,2024_9
93.168,9,1,27.547,30.072,35.549,207.0,269.0,272.0,306.0,INTERMEDIATE,9,True,Red Bull Racing,0 days 00:17:30.298000,Track Clear,16,False,perez,16.5,78.0,996.3,True,23.8,209,1.1,Lap,2024_9,88.452,7.0,2024_9
91.76,9,1,26.948,29.056,35.756,214.0,271.0,271.0,303.0,INTERMEDIATE,9,True,Alpine,0 days 00:17:32.668000,Track Clear,17,False,gasly,16.5,78.0,996.3,True,23.8,209,1.1,Lap,2024_9,88.21000000000001,4.0,2024_9
92.461,9,1,27.145,29.45,35.866,206.0,271.0,270.0,300.0,INTERMEDIATE,9,True,Kick Sauber,0 days 00:17:35.074000,Track Clear,18,False,bottas,16.5,78.0,996.3,False,24.5,1,1.2,Lap,2024_9,89.076,8.0,2024_9
93.064,9,1,27.446,29.712,35.906,213.0,270.0,271.0,300.0,INTERMEDIATE,9,True,Kick Sauber,0 days 00:17:39.361000,Track Clear,19,False,zhou,16.5,78.0,996.3,False,24.5,1,1.2,Lap,2024_9,89.076,8.0,2024_9
91.967,9,1,27.553,29.126,35.288,199.0,272.0,273.0,303.0,INTERMEDIATE,9,True,Williams,0 days 00:17:50.253000,Track Clear,20,False,sargeant,16.5,78.0,996.3,False,24.5,1,1.2,Lap,2024_9,89.528,9.0,2024_9
89.79,10,1,26.344,28.653,34.793,225.0,271.0,272.0,297.0,INTERMEDIATE,10,True,Mercedes,0 days 00:18:16.968000,Track Clear,1,False,russell,16.5,78.0,996.3,False,24.5,1,1.2,Lap,2024_9,87.0935,2.0,2024_9
89.295,10,1,26.155,28.544,34.596,223.0,271.0,271.0,302.0,INTERMEDIATE,10,True,Red Bull Racing,0 days 00:18:18.762000,Track Clear,2,False,max_verstappen,16.5,78.0,996.3,False,24.5,1,1.2,Lap,2024_9,88.452,7.0,2024_9
90.86,10,1,26.59,29.5,34.77,208.0,268.0,273.0,298.0,INTERMEDIATE,10,True,McLaren,0 days 00:18:26.133000,Track Clear,3,False,norris,16.5,78.0,996.3,False,24.5,1,1.2,Lap,2024_9,86.391,1.0,2024_9
89.459,10,1,26.193,28.843,34.423,212.0,272.0,273.0,300.0,INTERMEDIATE,10,True,McLaren,0 days 00:18:32.712000,Track Clear,4,False,piastri,16.5,78.0,996.3,False,24.5,1,1.2,Lap,2024_9,86.391,1.0,2024_9
90.025,10,1,26.214,28.731,35.08,202.0,271.0,271.0,299.0,INTERMEDIATE,10,True,Aston Martin,0 days 00:18:41.877000,Track Clear,5,False,alonso,16.8,76.0,996.3,False,24.8,148,1.2,Lap,2024_9,87.472,3.0,2024_9
90.417,10,1,26.59,28.798,35.029,213.0,273.0,274.0,302.0,INTERMEDIATE,10,True,Mercedes,0 days 00:18:42.761000,Track Clear,6,False,hamilton,16.8,76.0,996.3,False,24.8,148,1.2,Lap,2024_9,87.0935,2.0,2024_9
94.671,10,1,28.005,30.336,36.33,199.0,265.0,264.0,295.0,WET,10,True,Haas F1 Team,0 days 00:18:49.229000,Track Clear,7,False,hulkenberg,16.8,76.0,996.3,False,24.8,148,1.2,Lap,2024_9,88.298,6.0,2024_9
93.382,10,1,27.356,29.984,36.042,197.0,272.0,270.0,312.0,INTERMEDIATE,10,True,Racing Bulls,0 days 00:18:50.775000,Track Clear,8,False,ricciardo,16.8,76.0,996.3,False,24.8,148,1.2,Lap,2024_9,88.23150000000001,5.0,2024_9
92.786,10,1,27.367,29.605,35.814,194.0,275.0,271.0,305.0,INTERMEDIATE,10,True,Aston Martin,0 days 00:18:51.704000,Track Clear,9,False,stroll,16.8,76.0,996.3,False,24.8,148,1.2,Lap,2024_9,87.472,3.0,2024_9
92.094,10,1,26.738,29.279,36.077,204.0,266.0,265.0,295.0,INTERMEDIATE,10,True,Ferrari,0 days 00:18:53.219000,Track Clear,10,False,leclerc,16.8,76.0,996.3,False,24.8,148,1.2,Lap,2024_9,90.0575,10.0,2024_9
92.028,10,1,26.832,29.647,35.549,213.0,273.0,271.0,310.0,INTERMEDIATE,10,True,Racing Bulls,0 days 00:18:53.988000,Track Clear,11,False,tsunoda,16.8,76.0,996.3,False,24.8,148,1.2,Lap,2024_9,88.23150000000001,5.0,2024_9
91.606,10,1,27.26,29.291,35.055,212.0,273.0,276.0,309.0,INTERMEDIATE,10,True,Williams,0 days 00:18:55.590000,Track Clear,12,False,albon,16.8,76.0,996.3,False,24.8,148,1.2,Lap,2024_9,89.528,9.0,2024_9
91.554,10,1,27.216,29.292,35.046,205.0,273.0,273.0,310.0,INTERMEDIATE,10,True,Ferrari,0 days 00:18:56.333000,Track Clear,13,False,sainz,16.8,76.0,996.3,False,24.8,148,1.2,Lap,2024_9,90.0575,10.0,2024_9
91.129,10,2,26.725,29.08,35.324,219.0,273.0,272.0,306.0,INTERMEDIATE,3,True,Haas F1 Team,0 days 00:19:00.920000,Track Clear,14,False,kevin_magnussen,16.8,76.0,996.3,False,24.8,148,1.2,Lap,2024_9,88.298,6.0,2024_9
91.432,10,1,26.964,29.165,35.303,,271.0,272.0,303.0,INTERMEDIATE,10,True,Alpine,0 days 00:19:02.557000,Track Clear,15,False,ocon,16.8,76.0,996.3,False,24.8,148,1.2,Lap,2024_9,88.21000000000001,4.0,2024_9
91.205,10,1,27.098,29.218,34.889,213.0,274.0,272.0,311.0,INTERMEDIATE,10,True,Red Bull Racing,0 days 00:19:03.466000,Track Clear,16,False,perez,16.8,76.0,996.3,False,24.8,148,1.2,Lap,2024_9,88.452,7.0,2024_9
91.486,10,1,26.732,29.38,35.374,207.0,273.0,271.0,301.0,INTERMEDIATE,10,True,Alpine,0 days 00:19:04.428000,Track Clear,17,False,gasly,16.8,76.0,996.3,False,24.8,148,1.2,Lap,2024_9,88.21000000000001,4.0,2024_9
91.422,10,1,26.503,29.547,35.372,201.0,270.0,270.0,302.0,INTERMEDIATE,10,True,Kick Sauber,0 days 00:19:07.535000,Track Clear,18,False,bottas,16.8,76.0,996.3,False,24.8,148,1.2,Lap,2024_9,89.076,8.0,2024_9
92.906,10,1,26.891,30.271,35.744,216.0,270.0,272.0,302.0,INTERMEDIATE,10,True,Kick Sauber,0 days 00:19:12.425000,Track Clear,19,False,zhou,16.8,76.0,996.3,False,24.8,148,1.2,Lap,2024_9,89.076,8.0,2024_9
91.06,10,1,27.085,28.877,35.098,198.0,272.0,273.0,305.0,INTERMEDIATE,10,True,Williams,0 days 00:19:22.220000,Track Clear,20,False,sargeant,16.8,76.0,996.3,False,24.8,148,1.2,Lap,2024_9,89.528,9.0,2024_9
89.741,11,1,26.298,28.796,34.647,219.0,272.0,272.0,299.0,INTERMEDIATE,11,True,Mercedes,0 days 00:19:46.758000,Track Clear,1,False,russell,17.0,79.0,996.3,False,25.3,132,0.7,Lap,2024_9,87.0935,2.0,2024_9
89.7,11,1,26.031,29.271,34.398,218.0,271.0,271.0,300.0,INTERMEDIATE,11,True,Red Bull Racing,0 days 00:19:48.057000,Track Clear,2,False,max_verstappen,17.0,79.0,996.3,False,25.3,132,0.7,Lap,2024_9,88.452,7.0,2024_9
88.032,11,1,25.407,28.24,34.385,216.0,271.0,273.0,295.0,INTERMEDIATE,11,True,McLaren,0 days 00:19:56.993000,Track Clear,3,False,norris,17.0,79.0,996.3,False,25.3,132,0.7,Lap,2024_9,86.391,1.0,2024_9
89.005,11,1,26.062,28.552,34.391,219.0,273.0,274.0,300.0,INTERMEDIATE,11,True,McLaren,0 days 00:20:02.171000,Track Clear,4,False,piastri,17.0,79.0,996.3,False,25.3,132,0.7,Lap,2024_9,86.391,1.0,2024_9
89.371,11,1,25.95,28.733,34.688,,271.0,271.0,300.0,INTERMEDIATE,11,True,Aston Martin,0 days 00:20:11.902000,Track Clear,5,False,alonso,17.0,79.0,996.3,False,25.3,132,0.7,Lap,2024_9,87.472,3.0,2024_9
88.956,11,1,26.11,28.284,34.562,221.0,274.0,274.0,302.0,INTERMEDIATE,11,True,Mercedes,0 days 00:20:13.178000,Track Clear,6,False,hamilton,17.0,79.0,996.3,False,25.3,132,0.7,Lap,2024_9,87.0935,2.0,2024_9
93.504,11,1,28.185,29.778,35.541,,273.0,271.0,311.0,INTERMEDIATE,11,True,Racing Bulls,0 days 00:20:24.157000,Track Clear,7,False,ricciardo,17.0,79.0,996.3,False,25.3,132,0.7,Lap,2024_9,88.23150000000001,5.0,2024_9
94.672,11,1,27.854,30.231,36.587,202.0,265.0,267.0,295.0,WET,11,True,Haas F1 Team,0 days 00:20:23.900000,Track Clear,8,False,hulkenberg,17.0,79.0,996.3,False,25.3,132,0.7,Lap,2024_9,88.298,6.0,2024_9
94.245,11,1,28.317,29.871,36.057,188.0,276.0,277.0,299.0,INTERMEDIATE,11,True,Aston Martin,0 days 00:20:24.490000,Track Clear,9,False,stroll,17.0,79.0,996.3,False,25.3,132,0.7,Lap,2024_9,87.472,3.0,2024_9
94.16,11,1,27.806,30.098,36.256,192.0,266.0,265.0,300.0,INTERMEDIATE,11,True,Ferrari,0 days 00:20:25.313000,Track Clear,10,False,leclerc,17.0,79.0,996.3,False,25.3,132,0.7,Lap,2024_9,90.0575,10.0,2024_9
94.0,11,1,27.487,30.25,36.263,202.0,266.0,273.0,277.0,INTERMEDIATE,11,True,Racing Bulls,0 days 00:20:26.016000,Track Clear,11,False,tsunoda,17.0,79.0,996.3,False,25.3,132,0.7,Lap,2024_9,88.23150000000001,5.0,2024_9
93.286,11,1,27.067,30.036,36.183,216.0,275.0,275.0,311.0,INTERMEDIATE,11,True,Williams,0 days 00:20:27.196000,Track Clear,12,False,albon,17.0,79.0,996.3,False,25.3,132,0.7,Lap,2024_9,89.528,9.0,2024_9
93.036,11,1,27.062,29.796,36.178,208.0,272.0,273.0,309.0,INTERMEDIATE,11,True,Ferrari,0 days 00:20:27.887000,Track Clear,13,False,sainz,17.0,79.0,996.3,False,25.3,132,0.7,Lap,2024_9,90.0575,10.0,2024_9
90.747,11,2,26.358,28.859,35.53,221.0,274.0,273.0,308.0,INTERMEDIATE,4,True,Haas F1 Team,0 days 00:20:32.049000,Track Clear,14,False,kevin_magnussen,17.0,79.0,996.3,False,25.3,132,0.7,Lap,2024_9,88.298,6.0,2024_9
90.896,11,1,26.405,29.008,35.483,215.0,271.0,272.0,299.0,INTERMEDIATE,11,True,Alpine,0 days 00:20:33.989000,Track Clear,15,False,ocon,17.0,79.0,996.3,False,25.3,132,0.7,Lap,2024_9,88.21000000000001,4.0,2024_9
92.334,11,1,27.772,29.438,35.124,217.0,273.0,270.0,311.0,INTERMEDIATE,11,True,Red Bull Racing,0 days 00:20:34.671000,Track Clear,16,False,perez,17.3,78.0,996.4,False,25.7,0,0.5,Lap,2024_9,88.452,7.0,2024_9
93.319,11,1,27.19,30.966,35.163,206.0,267.0,271.0,301.0,INTERMEDIATE,11,True,Alpine,0 days 00:20:35.914000,Track Clear,17,False,gasly,17.3,78.0,996.4,False,25.7,0,0.5,Lap,2024_9,88.21000000000001,4.0,2024_9
91.668,11,1,26.697,29.467,35.504,,271.0,272.0,304.0,INTERMEDIATE,11,True,Kick Sauber,0 days 00:20:38.957000,Track Clear,18,False,bottas,17.3,78.0,996.4,False,25.7,0,0.5,Lap,2024_9,89.076,8.0,2024_9
91.991,11,1,26.814,29.784,35.393,219.0,270.0,272.0,301.0,INTERMEDIATE,11,True,Kick Sauber,0 days 00:20:45.331000,Track Clear,19,False,zhou,17.3,78.0,996.4,False,25.7,0,0.5,Lap,2024_9,89.076,8.0,2024_9
90.075,11,1,26.633,28.736,34.706,209.0,272.0,274.0,305.0,INTERMEDIATE,11,True,Williams,0 days 00:20:53.280000,Track Clear,20,False,sargeant,17.3,78.0,996.4,False,25.7,0,0.5,Lap,2024_9,89.528,9.0,2024_9
89.445,12,1,26.394,28.477,34.574,223.0,273.0,273.0,298.0,INTERMEDIATE,12,True,Mercedes,0 days 00:21:16.499000,Track Clear,1,False,russell,17.3,78.0,996.4,False,25.7,0,0.5,Lap,2024_9,87.0935,2.0,2024_9
88.991,12,1,26.076,28.639,34.276,224.0,270.0,273.0,303.0,INTERMEDIATE,12,True,Red Bull Racing,0 days 00:21:17.757000,Track Clear,2,False,max_verstappen,17.3,78.0,996.4,False,25.7,0,0.5,Lap,2024_9,88.452,7.0,2024_9
88.568,12,1,26.034,28.372,34.162,212.0,272.0,272.0,298.0,INTERMEDIATE,12,True,McLaren,0 days 00:21:25.025000,Track Clear,3,False,norris,17.3,78.0,996.4,False,25.7,0,0.5,Lap,2024_9,86.391,1.0,2024_9
88.661,12,1,25.788,28.431,34.442,222.0,273.0,273.0,300.0,INTERMEDIATE,12,True,McLaren,0 days 00:21:31.176000,Track Clear,4,False,piastri,17.3,78.0,996.4,False,25.7,0,0.5,Lap,2024_9,86.391,1.0,2024_9
89.269,12,1,26.093,28.436,34.74,,273.0,273.0,301.0,INTERMEDIATE,12,True,Aston Martin,0 days 00:21:41.273000,Track Clear,5,False,alonso,17.4,74.0,996.3,False,25.8,137,0.6,Lap,2024_9,87.472,3.0,2024_9
88.896,12,1,26.125,28.278,34.493,220.0,275.0,273.0,302.0,INTERMEDIATE,12,True,Mercedes,0 days 00:21:42.134000,Track Clear,6,False,hamilton,17.4,74.0,996.3,False,25.8,137,0.6,Lap,2024_9,87.0935,2.0,2024_9
90.514,12,1,26.275,29.023,35.216,210.0,272.0,272.0,302.0,INTERMEDIATE,12,True,Racing Bulls,0 days 00:21:57.661000,Track Clear,7,False,ricciardo,17.4,74.0,996.3,False,25.8,137,0.6,Lap,2024_9,88.23150000000001,5.0,2024_9
91.2,12,1,27.6,28.736,34.864,206.0,273.0,273.0,304.0,INTERMEDIATE,12,True,Aston Martin,0 days 00:21:58.735000,Track Clear,8,False,stroll,17.4,74.0,996.3,False,25.8,137,0.6,Lap,2024_9,87.472,3.0,2024_9
93.158,12,1,27.964,29.948,35.246,,265.0,265.0,292.0,INTERMEDIATE,12,True,Ferrari,0 days 00:21:59.473000,Track Clear,9,False,leclerc,17.4,74.0,996.3,False,25.8,137,0.6,Lap,2024_9,90.0575,10.0,2024_9
93.494,12,1,27.706,30.106,35.682,192.0,272.0,273.0,309.0,INTERMEDIATE,12,True,Racing Bulls,0 days 00:22:00.016000,Track Clear,10,False,tsunoda,17.4,74.0,996.3,False,25.8,137,0.6,Lap,2024_9,88.23150000000001,5.0,2024_9
93.609,12,1,27.549,30.374,35.686,194.0,273.0,276.0,306.0,INTERMEDIATE,12,True,Williams,0 days 00:22:00.482000,Track Clear,11,False,albon,17.4,74.0,996.3,False,25.8,137,0.6,Lap,2024_9,89.528,9.0,2024_9
93.73,12,1,27.756,30.187,35.787,205.0,274.0,274.0,301.0,INTERMEDIATE,12,True,Ferrari,0 days 00:22:00.923000,Track Clear,12,False,sainz,17.4,74.0,996.3,False,25.8,137,0.6,Lap,2024_9,90.0575,10.0,2024_9
92.839,12,2,26.509,30.009,36.321,213.0,275.0,274.0,308.0,INTERMEDIATE,5,True,Haas F1 Team,0 days 00:22:02.796000,Track Clear,13,False,kevin_magnussen,17.4,74.0,996.3,False,25.8,137,0.6,Lap,2024_9,88.298,6.0,2024_9
92.115,12,1,26.544,29.43,36.141,212.0,273.0,272.0,275.0,INTERMEDIATE,12,True,Alpine,0 days 00:22:04.885000,Track Clear,14,False,ocon,17.4,74.0,996.3,False,25.8,137,0.6,Lap,2024_9,88.21000000000001,4.0,2024_9
91.058,12,1,26.842,29.03,35.186,216.0,271.0,273.0,312.0,INTERMEDIATE,12,True,Red Bull Racing,0 days 00:22:07.005000,Track Clear,15,False,perez,17.4,74.0,996.3,False,25.8,137,0.6,Lap,2024_9,88.452,7.0,2024_9
89.961,12,1,25.988,28.68,35.293,212.0,274.0,272.0,300.0,INTERMEDIATE,12,True,Alpine,0 days 00:22:09.233000,Track Clear,16,False,gasly,17.4,74.0,996.3,False,25.8,137,0.6,Lap,2024_9,88.21000000000001,4.0,2024_9
91.085,12,1,26.481,29.126,35.478,212.0,273.0,273.0,305.0,INTERMEDIATE,12,True,Kick Sauber,0 days 00:22:10.625000,Track Clear,17,False,bottas,17.4,74.0,996.3,False,25.8,137,0.6,Lap,2024_9,89.076,8.0,2024_9
90.817,12,1,26.571,29.161,35.085,,272.0,272.0,302.0,INTERMEDIATE,12,True,Kick Sauber,0 days 00:22:17.322000,Track Clear,18,False,zhou,17.4,74.0,996.3,False,25.8,137,0.6,Lap,2024_9,89.076,8.0,2024_9
89.528,12,1,26.446,28.345,34.737,198.0,272.0,276.0,305.0,INTERMEDIATE,12,True,Williams,0 days 00:22:23.355000,Track Clear,20,False,sargeant,17.4,74.0,996.3,False,25.8,137,0.6,Lap,2024_9,89.528,9.0,2024_9
88.582,13,1,25.914,28.303,34.365,227.0,273.0,273.0,299.0,INTERMEDIATE,13,True,Mercedes,0 days 00:22:45.944000,Track Clear,1,False,russell,17.5,72.0,996.3,False,25.8,185,1.1,Lap,2024_9,87.0935,2.0,2024_9
88.532,13,1,25.653,28.773,34.106,228.0,270.0,271.0,302.0,INTERMEDIATE,13,True,Red Bull Racing,0 days 00:22:46.748000,Track Clear,2,False,max_verstappen,17.5,72.0,996.3,False,25.8,185,1.1,Lap,2024_9,88.452,7.0,2024_9
88.181,13,1,25.889,28.159,34.133,217.0,272.0,274.0,300.0,INTERMEDIATE,13,True,McLaren,0 days 00:22:53.593000,Track Clear,3,False,norris,17.5,72.0,996.3,False,25.8,185,1.1,Lap,2024_9,86.391,1.0,2024_9
88.857,13,1,25.782,29.094,33.981,225.0,273.0,273.0,301.0,INTERMEDIATE,13,True,McLaren,0 days 00:22:59.837000,Track Clear,4,False,piastri,17.5,72.0,996.3,False,25.8,185,1.1,Lap,2024_9,86.391,1.0,2024_9
88.661,13,1,25.898,28.234,34.529,204.0,273.0,273.0,302.0,INTERMEDIATE,13,True,Aston Martin,0 days 00:23:10.542000,Track Clear,5,False,alonso,17.5,72.0,996.3,False,25.8,185,1.1,Lap,2024_9,87.472,3.0,2024_9
88.683,13,1,25.709,28.43,34.544,219.0,274.0,273.0,305.0,INTERMEDIATE,13,True,Mercedes,0 days 00:23:11.030000,Track Clear,6,False,hamilton,17.5,72.0,996.3,False,25.8,185,1.1,Lap,2024_9,87.0935,2.0,2024_9
90.251,13,1,26.29,28.877,35.084,215.0,271.0,272.0,302.0,INTERMEDIATE,13,True,Racing Bulls,0 days 00:23:28.175000,Track Clear,7,False,ricciardo,17.5,72.0,996.3,False,25.8,185,1.1,Lap,2024_9,88.23150000000001,5.0,2024_9
90.255,13,1,26.228,28.902,35.125,198.0,273.0,273.0,303.0,INTERMEDIATE,13,True,Aston Martin,0 days 00:23:29.935000,Track Clear,8,False,stroll,17.5,72.0,996.3,False,25.8,185,1.1,Lap,2024_9,87.472,3.0,2024_9
90.52,13,1,26.391,28.587,35.542,212.0,262.0,264.0,289.0,INTERMEDIATE,13,True,Ferrari,0 days 00:23:32.631000,Track Clear,9,False,leclerc,17.5,72.0,996.3,False,25.8,185,1.1,Lap,2024_9,90.0575,10.0,2024_9
90.362,13,1,26.575,28.849,34.938,213.0,275.0,272.0,308.0,INTERMEDIATE,13,True,Racing Bulls,0 days 00:23:33.510000,Track Clear,10,False,tsunoda,17.5,72.0,996.3,False,25.8,185,1.1,Lap,2024_9,88.23150000000001,5.0,2024_9
90.275,13,1,26.629,28.931,34.715,222.0,276.0,276.0,311.0,INTERMEDIATE,13,True,Williams,0 days 00:23:34.091000,Track Clear,11,False,albon,17.5,72.0,996.3,False,25.8,185,1.1,Lap,2024_9,89.528,9.0,2024_9
90.677,13,1,26.803,28.819,35.055,211.0,273.0,275.0,305.0,INTERMEDIATE,13,True,Ferrari,0 days 00:23:34.653000,Track Clear,12,False,sainz,17.5,72.0,996.3,False,25.8,185,1.1,Lap,2024_9,90.0575,10.0,2024_9
91.095,13,2,26.582,29.163,35.35,223.0,272.0,274.0,305.0,INTERMEDIATE,6,True,Haas F1 Team,0 days 00:23:35.635000,Track Clear,13,False,kevin_magnussen,17.5,74.0,996.2,False,25.9,79,1.4,Lap,2024_9,88.298,6.0,2024_9
91.244,13,1,26.666,29.116,35.462,219.0,273.0,271.0,303.0,INTERMEDIATE,13,True,Alpine,0 days 00:23:37,Track Clear,14,False,ocon,17.5,74.0,996.2,False,25.9,79,1.4,Lap,2024_9,88.21000000000001,4.0,2024_9
90.802,13,1,26.491,29.194,35.117,,271.0,274.0,309.0,INTERMEDIATE,13,True,Red Bull Racing,0 days 00:23:38.063000,Track Clear,15,False,perez,17.5,74.0,996.2,False,25.9,79,1.4,Lap,2024_9,88.452,7.0,2024_9
90.82,13,1,26.213,28.945,35.662,218.0,275.0,273.0,301.0,INTERMEDIATE,13,True,Alpine,0 days 00:23:39.194000,Track Clear,16,False,gasly,17.5,74.0,996.2,False,25.9,79,1.4,Lap,2024_9,88.21000000000001,4.0,2024_9
90.036,13,1,26.165,29.278,34.593,208.0,271.0,271.0,306.0,INTERMEDIATE,13,True,Kick Sauber,0 days 00:23:41.710000,Track Clear,17,False,bottas,17.5,74.0,996.2,False,25.9,79,1.4,Lap,2024_9,89.076,8.0,2024_9
91.764,13,1,27.058,29.315,35.391,220.0,272.0,272.0,301.0,INTERMEDIATE,13,True,Kick Sauber,0 days 00:23:48.139000,Track Clear,18,False,zhou,17.5,74.0,996.2,False,25.9,79,1.4,Lap,2024_9,89.076,8.0,2024_9
92.818,13,1,28.147,29.503,35.168,197.0,274.0,276.0,314.0,INTERMEDIATE,13,True,Williams,0 days 00:23:52.883000,Track Clear,20,True,sargeant,17.5,74.0,996.2,False,25.9,79,1.4,Lap,2024_9,89.528,9.0,2024_9
88.778,14,1,26.147,28.291,34.34,221.0,274.0,273.0,300.0,INTERMEDIATE,14,True,Mercedes,0 days 00:24:14.526000,Track Clear,1,False,russell,17.5,74.0,996.2,False,25.9,79,1.4,Lap,2024_9,87.0935,2.0,2024_9
88.527,14,1,25.724,28.668,34.135,225.0,270.0,271.0,301.0,INTERMEDIATE,14,True,Red Bull Racing,0 days 00:24:15.280000,Track Clear,2,False,max_verstappen,17.5,74.0,996.2,False,25.9,79,1.4,Lap,2024_9,88.452,7.0,2024_9
86.857,14,1,25.056,28.142,33.659,223.0,272.0,275.0,301.0,INTERMEDIATE,14,True,McLaren,0 days 00:24:21.774000,Track Clear,3,False,norris,17.5,74.0,996.2,False,25.9,79,1.4,Lap,2024_9,86.391,1.0,2024_9
87.573,14,1,25.4,28.187,33.986,228.0,273.0,274.0,302.0,INTERMEDIATE,14,True,McLaren,0 days 00:24:28.694000,Track Clear,4,False,piastri,17.5,74.0,996.2,False,25.9,79,1.4,Lap,2024_9,86.391,1.0,2024_9
88.314,14,1,25.493,28.327,34.494,208.0,273.0,271.0,303.0,INTERMEDIATE,14,True,Aston Martin,0 days 00:24:39.203000,Track Clear,5,False,alonso,17.5,72.0,996.3,False,26.1,348,1.5,Lap,2024_9,87.472,3.0,2024_9
89.493,14,1,26.6,28.067,34.826,211.0,273.0,270.0,303.0,INTERMEDIATE,14,True,Mercedes,0 days 00:24:39.713000,Track Clear,6,False,hamilton,17.5,72.0,996.3,False,26.1,348,1.5,Lap,2024_9,87.0935,2.0,2024_9
88.964,14,1,25.739,28.551,34.674,213.0,271.0,272.0,302.0,INTERMEDIATE,14,True,Racing Bulls,0 days 00:24:58.426000,Track Clear,7,False,ricciardo,17.5,72.0,996.3,False,26.1,348,1.5,Lap,2024_9,88.23150000000001,5.0,2024_9
89.446,14,1,26.076,28.532,34.838,203.0,274.0,273.0,303.0,INTERMEDIATE,14,True,Aston Martin,0 days 00:25:00.190000,Track Clear,8,False,stroll,17.5,72.0,996.3,False,26.1,348,1.5,Lap,2024_9,87.472,3.0,2024_9
89.171,14,1,26.08,28.49,34.601,213.0,263.0,266.0,294.0,INTERMEDIATE,14,True,Ferrari,0 days 00:25:03.151000,Track Clear,9,False,leclerc,17.5,72.0,996.3,False,26.1,348,1.5,Lap,2024_9,90.0575,10.0,2024_9
89.622,14,1,26.489,28.612,34.521,210.0,274.0,274.0,308.0,INTERMEDIATE,14,True,Racing Bulls,0 days 00:25:03.872000,Track Clear,10,False,tsunoda,17.5,72.0,996.3,False,26.1,348,1.5,Lap,2024_9,88.23150000000001,5.0,2024_9
89.832,14,1,26.505,28.87,34.457,220.0,275.0,274.0,309.0,INTERMEDIATE,14,True,Williams,0 days 00:25:04.366000,Track Clear,11,False,albon,17.5,72.0,996.3,False,26.1,348,1.5,Lap,2024_9,89.528,9.0,2024_9
89.892,14,1,26.854,28.585,34.453,213.0,273.0,274.0,302.0,INTERMEDIATE,14,True,Ferrari,0 days 00:25:05.330000,Track Clear,12,False,sainz,17.5,72.0,996.3,False,26.1,348,1.5,Lap,2024_9,90.0575,10.0,2024_9
90.139,14,2,26.552,28.742,34.845,219.0,275.0,276.0,307.0,INTERMEDIATE,7,True,Haas F1 Team,0 days 00:25:06.730000,Track Clear,13,False,kevin_magnussen,17.5,72.0,996.3,False,26.1,348,1.5,Lap,2024_9,88.298,6.0,2024_9
90.081,14,1,26.316,28.75,35.015,213.0,271.0,273.0,303.0,INTERMEDIATE,14,True,Alpine,0 days 00:25:08.244000,Track Clear,14,False,ocon,17.5,72.0,996.3,False,26.1,348,1.5,Lap,2024_9,88.21000000000001,4.0,2024_9
90.583,14,1,26.837,28.664,35.082,213.0,274.0,272.0,311.0,INTERMEDIATE,14,True,Red Bull Racing,0 days 00:25:08.865000,Track Clear,15,False,perez,17.5,72.0,996.3,False,26.1,348,1.5,Lap,2024_9,88.452,7.0,2024_9
90.358,14,1,26.396,28.664,35.298,214.0,272.0,273.0,303.0,INTERMEDIATE,14,True,Alpine,0 days 00:25:10.014000,Track Clear,16,False,gasly,17.5,72.0,996.3,False,26.1,348,1.5,Lap,2024_9,88.21000000000001,4.0,2024_9
90.06,14,1,26.53,28.71,34.82,211.0,273.0,273.0,306.0,INTERMEDIATE,14,True,Kick Sauber,0 days 00:25:11.746000,Track Clear,17,False,bottas,17.5,72.0,996.3,False,26.1,348,1.5,Lap,2024_9,89.076,8.0,2024_9
90.422,14,1,26.69,28.813,34.919,225.0,272.0,273.0,301.0,INTERMEDIATE,14,True,Kick Sauber,0 days 00:25:19.903000,Track Clear,18,False,zhou,17.5,72.0,996.3,False,26.1,348,1.5,Lap,2024_9,89.076,8.0,2024_9
88.912,14,2,26.405,28.259,34.248,210.0,272.0,271.0,301.0,INTERMEDIATE,2,True,Haas F1 Team,0 days 00:25:24.986000,Track Clear,19,False,hulkenberg,17.5,72.0,996.3,False,26.1,348,1.5,Lap,2024_9,88.298,6.0,2024_9
89.949,14,1,26.677,28.619,34.653,209.0,273.0,274.0,304.0,INTERMEDIATE,14,True,Williams,0 days 00:25:25.701000,Track Clear,20,False,sargeant,17.5,72.0,996.3,False,26.1,348,1.5,Lap,2024_9,89.528,9.0,2024_9
88.705,15,1,26.388,28.205,34.112,222.0,274.0,274.0,301.0,INTERMEDIATE,15,True,Mercedes,0 days 00:25:43.304000,Track Clear,1,False,russell,17.6,73.0,996.3,False,26.3,25,1.5,Lap,2024_9,87.0935,2.0,2024_9
88.637,15,1,26.102,28.613,33.922,228.0,274.0,272.0,302.0,INTERMEDIATE,15,True,Red Bull Racing,0 days 00:25:43.807000,Track Clear,2,False,max_verstappen,17.6,73.0,996.3,False,26.3,25,1.5,Lap,2024_9,88.452,7.0,2024_9
87.634,15,1,25.459,28.333,33.842,228.0,273.0,275.0,302.0,INTERMEDIATE,15,True,McLaren,0 days 00:25:48.631000,Track Clear,3,False,norris,17.6,73.0,996.3,False,26.3,25,1.5,Lap,2024_9,86.391,1.0,2024_9
87.904,15,1,25.93,28.362,33.612,231.0,274.0,274.0,302.0,INTERMEDIATE,15,True,McLaren,0 days 00:25:56.267000,Track Clear,4,False,piastri,17.6,73.0,996.3,False,26.3,25,1.5,Lap,2024_9,86.391,1.0,2024_9
87.99,15,1,25.621,28.067,34.302,,275.0,273.0,302.0,INTERMEDIATE,15,True,Aston Martin,0 days 00:26:07.517000,Track Clear,5,False,alonso,17.6,73.0,996.3,False,26.3,25,1.5,Lap,2024_9,87.472,3.0,2024_9
87.823,15,1,25.75,27.886,34.187,226.0,274.0,275.0,302.0,INTERMEDIATE,15,True,Mercedes,0 days 00:26:09.206000,Track Clear,6,False,hamilton,17.6,73.0,996.3,False,26.3,25,1.5,Lap,2024_9,87.0935,2.0,2024_9
88.743,15,1,25.997,28.323,34.423,215.0,273.0,272.0,300.0,INTERMEDIATE,15,True,Racing Bulls,0 days 00:26:27.390000,Track Clear,7,False,ricciardo,17.6,73.0,996.3,False,26.3,25,1.5,Lap,2024_9,88.23150000000001,5.0,2024_9
89.017,15,1,25.978,28.343,34.696,202.0,274.0,274.0,304.0,INTERMEDIATE,15,True,Aston Martin,0 days 00:26:29.636000,Track Clear,8,False,stroll,17.6,73.0,996.3,False,26.3,25,1.5,Lap,2024_9,87.472,3.0,2024_9
88.868,15,1,26.06,28.281,34.527,216.0,266.0,265.0,295.0,INTERMEDIATE,15,True,Ferrari,0 days 00:26:32.322000,Track Clear,9,False,leclerc,17.6,73.0,996.3,False,26.3,25,1.5,Lap,2024_9,90.0575,10.0,2024_9
89.266,15,1,26.014,28.893,34.359,217.0,272.0,273.0,307.0,INTERMEDIATE,15,True,Racing Bulls,0 days 00:26:33.494000,Track Clear,10,False,tsunoda,17.6,73.0,996.3,False,26.3,25,1.5,Lap,2024_9,88.23150000000001,5.0,2024_9
89.027,15,1,26.048,28.646,34.333,230.0,276.0,275.0,314.0,INTERMEDIATE,15,True,Williams,0 days 00:26:34.198000,Track Clear,11,False,albon,17.6,73.0,996.3,False,26.3,25,1.5,Lap,2024_9,89.528,9.0,2024_9
89.088,15,1,26.026,28.712,34.35,218.0,275.0,274.0,304.0,INTERMEDIATE,15,True,Ferrari,0 days 00:26:35.222000,Track Clear,12,False,sainz,17.6,73.0,996.3,False,26.3,25,1.5,Lap,2024_9,90.0575,10.0,2024_9
89.011,15,2,25.894,28.549,34.568,224.0,272.0,275.0,307.0,INTERMEDIATE,8,True,Haas F1 Team,0 days 00:26:36.869000,Track Clear,13,False,kevin_magnussen,17.6,73.0,996.3,False,26.3,25,1.5,Lap,2024_9,88.298,6.0,2024_9
89.52,15,1,25.892,29.129,34.499,225.0,273.0,274.0,300.0,INTERMEDIATE,15,True,Alpine,0 days 00:26:38.325000,Track Clear,14,False,ocon,17.7,72.0,996.2,False,26.3,34,1.9,Lap,2024_9,88.21000000000001,4.0,2024_9
89.598,15,1,26.522,29.015,34.061,219.0,274.0,275.0,309.0,INTERMEDIATE,15,True,Red Bull Racing,0 days 00:26:39.448000,Track Clear,15,False,perez,17.7,72.0,996.2,False,26.3,34,1.9,Lap,2024_9,88.452,7.0,2024_9
89.896,15,1,25.939,29.224,34.733,219.0,276.0,273.0,304.0,INTERMEDIATE,15,True,Alpine,0 days 00:26:40.372000,Track Clear,16,False,gasly,17.7,72.0,996.2,False,26.3,34,1.9,Lap,2024_9,88.21000000000001,4.0,2024_9
90.489,15,1,26.331,29.106,35.052,198.0,272.0,273.0,303.0,INTERMEDIATE,15,True,Kick Sauber,0 days 00:26:41.806000,Track Clear,17,False,bottas,17.7,72.0,996.2,False,26.3,34,1.9,Lap,2024_9,89.076,8.0,2024_9
90.551,15,1,26.533,29.246,34.772,229.0,268.0,273.0,301.0,INTERMEDIATE,15,True,Kick Sauber,0 days 00:26:50.325000,Track Clear,18,False,zhou,17.7,72.0,996.2,False,26.3,34,1.9,Lap,2024_9,89.076,8.0,2024_9
89.244,15,2,25.746,28.897,34.601,213.0,271.0,270.0,301.0,INTERMEDIATE,3,True,Haas F1 Team,0 days 00:26:53.898000,Track Clear,19,False,hulkenberg,17.7,72.0,996.2,False,26.3,34,1.9,Lap,2024_9,88.298,6.0,2024_9
89.181,15,1,26.069,28.559,34.553,213.0,273.0,274.0,306.0,INTERMEDIATE,15,True,Williams,0 days 00:26:55.650000,Track Clear,20,False,sargeant,17.7,72.0,996.2,False,26.3,34,1.9,Lap,2024_9,89.528,9.0,2024_9
87.491,16,1,25.598,27.945,33.948,234.0,275.0,274.0,299.0,INTERMEDIATE,16,True,Mercedes,0 days 00:27:12.009000,Track Clear,1,False,russell,17.7,72.0,996.2,False,26.3,34,1.9,Lap,2024_9,87.0935,2.0,2024_9
88.138,16,1,25.6,28.325,34.213,235.0,274.0,269.0,303.0,INTERMEDIATE,16,True,Red Bull Racing,0 days 00:27:12.444000,Track Clear,2,False,max_verstappen,17.7,72.0,996.2,False,26.3,34,1.9,Lap,2024_9,88.452,7.0,2024_9
86.553,16,1,25.182,27.876,33.495,230.0,274.0,271.0,301.0,INTERMEDIATE,16,True,McLaren,0 days 00:27:16.265000,Track Clear,3,False,norris,17.7,72.0,996.2,False,26.3,34,1.9,Lap,2024_9,86.391,1.0,2024_9
86.764,16,1,25.348,27.817,33.599,238.0,275.0,274.0,302.0,INTERMEDIATE,16,True,McLaren,0 days 00:27:24.171000,Track Clear,4,False,piastri,17.7,72.0,996.2,False,26.3,34,1.9,Lap,2024_9,86.391,1.0,2024_9
86.877,16,1,25.183,27.735,33.959,216.0,275.0,274.0,302.0,INTERMEDIATE,16,True,Aston Martin,0 days 00:27:35.507000,Track Clear,5,False,alonso,17.7,72.0,996.2,False,26.3,34,1.9,Lap,2024_9,87.472,3.0,2024_9
86.732,16,1,25.35,27.606,33.776,232.0,276.0,273.0,304.0,INTERMEDIATE,16,True,Mercedes,0 days 00:27:37.029000,Track Clear,6,False,hamilton,17.7,72.0,996.2,False,26.3,34,1.9,Lap,2024_9,87.0935,2.0,2024_9
87.883,16,1,25.356,28.247,34.28,221.0,273.0,272.0,301.0,INTERMEDIATE,16,True,Racing Bulls,0 days 00:27:56.133000,Track Clear,7,False,ricciardo,17.9,73.0,996.2,False,26.3,98,1.2,Lap,2024_9,88.23150000000001,5.0,2024_9
87.764,16,1,25.766,27.866,34.132,216.0,274.0,273.0,303.0,INTERMEDIATE,16,True,Aston Martin,0 days 00:27:58.653000,Track Clear,8,False,stroll,17.9,73.0,996.2,False,26.3,98,1.2,Lap,2024_9,87.472,3.0,2024_9
88.679,16,1,25.761,28.288,34.63,220.0,266.0,265.0,295.0,INTERMEDIATE,16,True,Ferrari,0 days 00:28:01.190000,Track Clear,9,False,leclerc,17.9,73.0,996.2,False,26.3,98,1.2,Lap,2024_9,90.0575,10.0,2024_9
88.527,16,1,25.784,28.127,34.616,220.0,275.0,273.0,307.0,INTERMEDIATE,16,True,Racing Bulls,0 days 00:28:02.760000,Track Clear,10,False,tsunoda,17.9,73.0,996.2,False,26.3,98,1.2,Lap,2024_9,88.23150000000001,5.0,2024_9
88.664,16,1,25.861,28.599,34.204,227.0,276.0,273.0,308.0,INTERMEDIATE,16,True,Williams,0 days 00:28:03.225000,Track Clear,11,False,albon,17.9,73.0,996.2,False,26.3,98,1.2,Lap,2024_9,89.528,9.0,2024_9
88.98,16,1,25.989,28.415,34.576,217.0,275.0,273.0,305.0,INTERMEDIATE,16,True,Ferrari,0 days 00:28:04.310000,Track Clear,12,False,sainz,17.9,73.0,996.2,False,26.3,98,1.2,Lap,2024_9,90.0575,10.0,2024_9
88.188,16,2,25.423,28.224,34.541,227.0,275.0,273.0,304.0,INTERMEDIATE,9,True,Haas F1 Team,0 days 00:28:05.880000,Track Clear,13,False,kevin_magnussen,17.9,73.0,996.2,False,26.3,98,1.2,Lap,2024_9,88.298,6.0,2024_9
88.212,16,1,25.37,28.702,34.14,231.0,273.0,274.0,303.0,INTERMEDIATE,16,True,Alpine,0 days 00:28:07.845000,Track Clear,14,False,ocon,17.9,73.0,996.2,False,26.3,98,1.2,Lap,2024_9,88.21000000000001,4.0,2024_9
88.452,16,1,25.716,28.621,34.115,223.0,272.0,274.0,311.0,INTERMEDIATE,16,True,Red Bull Racing,0 days 00:28:09.046000,Track Clear,15,False,perez,17.9,73.0,996.2,False,26.3,98,1.2,Lap,2024_9,88.452,7.0,2024_9
88.456,16,1,25.338,28.655,34.463,227.0,273.0,274.0,304.0,INTERMEDIATE,16,True,Alpine,0 days 00:28:10.268000,Track Clear,16,False,gasly,17.9,73.0,996.2,False,26.3,98,1.2,Lap,2024_9,88.21000000000001,4.0,2024_9
89.739,16,1,26.228,28.662,34.849,211.0,273.0,272.0,304.0,INTERMEDIATE,16,True,Kick Sauber,0 days 00:28:12.295000,Track Clear,17,False,bottas,17.9,73.0,996.2,False,26.3,98,1.2,Lap,2024_9,89.076,8.0,2024_9
89.69,16,1,26.549,28.668,34.473,226.0,273.0,273.0,301.0,INTERMEDIATE,16,True,Kick Sauber,0 days 00:28:20.876000,Track Clear,18,False,zhou,17.9,73.0,996.2,False,26.3,98,1.2,Lap,2024_9,89.076,8.0,2024_9
89.141,16,2,26.218,28.788,34.135,206.0,272.0,270.0,302.0,INTERMEDIATE,4,True,Haas F1 Team,0 days 00:28:23.142000,Track Clear,19,False,hulkenberg,17.9,73.0,996.2,False,26.3,98,1.2,Lap,2024_9,88.298,6.0,2024_9
89.478,16,1,26.527,28.808,34.143,204.0,274.0,275.0,307.0,INTERMEDIATE,16,True,Williams,0 days 00:28:24.831000,Track Clear,20,False,sargeant,17.9,73.0,996.2,False,26.3,98,1.2,Lap,2024_9,89.528,9.0,2024_9
87.601,17,1,25.827,27.832,33.942,230.0,275.0,272.0,301.0,INTERMEDIATE,17,True,Mercedes,0 days 00:28:39.500000,Track Clear,1,False,russell,17.9,72.0,996.2,False,26.5,0,1.0,Lap,2024_9,87.0935,2.0,2024_9
89.256,17,1,26.652,28.986,33.618,228.0,272.0,272.0,304.0,INTERMEDIATE,17,True,Red Bull Racing,0 days 00:28:40.582000,Track Clear,2,True,max_verstappen,17.9,72.0,996.2,False,26.5,0,1.0,Lap,2024_9,88.452,7.0,2024_9
87.702,17,1,25.625,28.429,33.648,222.0,276.0,276.0,305.0,INTERMEDIATE,17,True,McLaren,0 days 00:28:42.818000,Track Clear,3,False,norris,17.9,72.0,996.2,False,26.5,0,1.0,Lap,2024_9,86.391,1.0,2024_9
86.412,17,1,25.209,27.901,33.302,236.0,275.0,276.0,303.0,INTERMEDIATE,17,True,McLaren,0 days 00:28:50.935000,Track Clear,4,False,piastri,17.9,72.0,996.2,False,26.5,0,1.0,Lap,2024_9,86.391,1.0,2024_9
88.248,17,1,26.604,27.795,33.849,205.0,276.0,275.0,303.0,INTERMEDIATE,17,True,Aston Martin,0 days 00:29:02.384000,Track Clear,5,False,alonso,17.9,72.0,996.2,False,26.5,0,1.0,Lap,2024_9,87.472,3.0,2024_9
87.426,17,1,26.235,27.624,33.567,222.0,275.0,278.0,305.0,INTERMEDIATE,17,True,Mercedes,0 days 00:29:03.761000,Track Clear,6,False,hamilton,17.9,72.0,996.2,False,26.5,0,1.0,Lap,2024_9,87.0935,2.0,2024_9
87.787,17,1,25.532,28.087,34.168,217.0,272.0,273.0,301.0,INTERMEDIATE,17,True,Racing Bulls,0 days 00:29:24.016000,Track Clear,7,False,ricciardo,17.9,72.0,996.2,False,26.5,0,1.0,Lap,2024_9,88.23150000000001,5.0,2024_9
87.365,17,1,25.362,27.968,34.035,211.0,273.0,275.0,304.0,INTERMEDIATE,17,True,Aston Martin,0 days 00:29:26.417000,Track Clear,8,False,stroll,17.9,72.0,996.2,False,26.5,0,1.0,Lap,2024_9,87.472,3.0,2024_9
88.325,17,1,25.646,28.269,34.41,222.0,264.0,264.0,294.0,INTERMEDIATE,17,True,Ferrari,0 days 00:29:29.869000,Track Clear,9,False,leclerc,17.9,72.0,996.2,False,26.5,0,1.0,Lap,2024_9,90.0575,10.0,2024_9
88.126,17,1,25.538,28.093,34.495,,274.0,272.0,306.0,INTERMEDIATE,17,True,Racing Bulls,0 days 00:29:31.287000,Track Clear,10,False,tsunoda,17.9,72.0,996.2,False,26.5,0,1.0,Lap,2024_9,88.23150000000001,5.0,2024_9
88.734,17,1,25.683,27.938,35.113,231.0,277.0,270.0,329.0,INTERMEDIATE,17,True,Williams,0 days 00:29:31.889000,Track Clear,11,True,albon,17.9,72.0,996.2,False,26.5,0,1.0,Lap,2024_9,89.528,9.0,2024_9
87.583,17,1,25.874,28.005,33.704,224.0,273.0,278.0,305.0,INTERMEDIATE,17,True,Ferrari,0 days 00:29:33.290000,Track Clear,12,False,sainz,17.9,72.0,996.2,False,26.5,0,1.0,Lap,2024_9,90.0575,10.0,2024_9
87.837,17,2,25.753,28.102,33.982,220.0,273.0,285.0,321.0,INTERMEDIATE,10,True,Haas F1 Team,0 days 00:29:34.068000,Track Clear,13,False,kevin_magnussen,17.9,72.0,996.2,False,26.5,0,1.0,Lap,2024_9,88.298,6.0,2024_9
88.208,17,1,25.644,28.257,34.307,222.0,273.0,275.0,304.0,INTERMEDIATE,17,True,Alpine,0 days 00:29:36.057000,Track Clear,14,False,ocon,17.9,72.0,996.2,False,26.5,0,1.0,Lap,2024_9,88.21000000000001,4.0,2024_9
88.718,17,1,25.631,29.088,33.999,222.0,275.0,275.0,309.0,INTERMEDIATE,17,True,Red Bull Racing,0 days 00:29:37.498000,Track Clear,15,False,perez,17.9,72.0,996.2,False,26.5,0,1.0,Lap,2024_9,88.452,7.0,2024_9
87.982,17,1,25.756,28.347,33.879,229.0,274.0,283.0,322.0,INTERMEDIATE,17,True,Alpine,0 days 00:29:38.724000,Track Clear,16,False,gasly,17.9,72.0,996.2,False,26.5,0,1.0,Lap,2024_9,88.21000000000001,4.0,2024_9
88.836,17,1,25.931,28.451,34.454,,273.0,273.0,303.0,INTERMEDIATE,17,True,Kick Sauber,0 days 00:29:42.034000,Track Clear,17,False,bottas,17.9,70.0,996.2,False,26.7,104,0.8,Lap,2024_9,89.076,8.0,2024_9
88.591,17,1,26.078,28.167,34.346,232.0,273.0,273.0,301.0,INTERMEDIATE,17,True,Kick Sauber,0 days 00:29:50.566000,Track Clear,18,False,zhou,17.9,70.0,996.2,False,26.7,104,0.8,Lap,2024_9,89.076,8.0,2024_9
88.49,17,2,25.656,28.556,34.278,213.0,274.0,270.0,302.0,INTERMEDIATE,5,True,Haas F1 Team,0 days 00:29:52.283000,Track Clear,19,False,hulkenberg,17.9,70.0,996.2,False,26.7,104,0.8,Lap,2024_9,88.298,6.0,2024_9
87.936,17,1,25.925,27.946,34.065,213.0,274.0,275.0,307.0,INTERMEDIATE,17,True,Williams,0 days 00:29:54.309000,Track Clear,20,False,sargeant,17.9,70.0,996.2,False,26.7,104,0.8,Lap,2024_9,89.528,9.0,2024_9
87.357,18,1,25.612,27.857,33.888,227.0,273.0,275.0,299.0,INTERMEDIATE,18,True,Mercedes,0 days 00:30:07.101000,Track Clear,1,False,russell,17.9,70.0,996.2,False,26.7,104,0.8,Lap,2024_9,87.0935,2.0,2024_9
86.436,18,1,25.166,27.75,33.52,235.0,274.0,274.0,305.0,INTERMEDIATE,18,True,Red Bull Racing,0 days 00:30:09.838000,Track Clear,2,False,max_verstappen,17.9,70.0,996.2,False,26.7,104,0.8,Lap,2024_9,88.452,7.0,2024_9
86.232,18,1,25.131,27.731,33.37,223.0,275.0,284.0,316.0,INTERMEDIATE,18,True,McLaren,0 days 00:30:10.520000,Track Clear,3,False,norris,17.9,70.0,996.2,False,26.7,104,0.8,Lap,2024_9,86.391,1.0,2024_9
85.976,18,1,24.888,27.607,33.481,239.0,275.0,273.0,303.0,INTERMEDIATE,18,True,McLaren,0 days 00:30:17.347000,Track Clear,4,False,piastri,17.9,70.0,996.2,False,26.7,104,0.8,Lap,2024_9,86.391,1.0,2024_9
86.318,18,1,25.121,27.365,33.832,212.0,275.0,274.0,303.0,INTERMEDIATE,18,True,Aston Martin,0 days 00:30:30.632000,Track Clear,5,False,alonso,17.9,70.0,996.2,False,26.7,104,0.8,Lap,2024_9,87.472,3.0,2024_9
86.013,18,1,25.103,27.5,33.41,226.0,277.0,287.0,326.0,INTERMEDIATE,18,True,Mercedes,0 days 00:30:31.187000,Track Clear,6,False,hamilton,17.9,70.0,996.2,False,26.7,104,0.8,Lap,2024_9,87.0935,2.0,2024_9
86.959,18,1,25.08,27.924,33.955,224.0,273.0,273.0,301.0,INTERMEDIATE,18,True,Racing Bulls,0 days 00:30:51.803000,Track Clear,7,False,ricciardo,18.0,71.0,996.2,False,26.7,94,1.1,Lap,2024_9,88.23150000000001,5.0,2024_9
87.136,18,1,25.421,27.492,34.223,218.0,276.0,274.0,305.0,INTERMEDIATE,18,True,Aston Martin,0 days 00:30:53.782000,Track Clear,8,False,stroll,18.0,71.0,996.2,False,26.7,94,1.1,Lap,2024_9,87.472,3.0,2024_9
87.279,18,1,25.31,27.789,34.18,224.0,264.0,264.0,293.0,INTERMEDIATE,18,True,Ferrari,0 days 00:30:58.194000,Track Clear,9,False,leclerc,18.0,71.0,996.2,False,26.7,94,1.1,Lap,2024_9,90.0575,10.0,2024_9
87.732,18,1,25.377,28.431,33.924,223.0,271.0,273.0,307.0,INTERMEDIATE,18,True,Racing Bulls,0 days 00:30:59.413000,Track Clear,10,False,tsunoda,18.0,71.0,996.2,False,26.7,94,1.1,Lap,2024_9,88.23150000000001,5.0,2024_9
86.754,18,1,25.601,27.75,33.403,233.0,275.0,279.0,327.0,INTERMEDIATE,18,True,Williams,0 days 00:31:00.623000,Track Clear,11,False,albon,18.0,71.0,996.2,False,26.7,94,1.1,Lap,2024_9,89.528,9.0,2024_9
87.479,18,1,26.265,27.76,33.454,211.0,276.0,282.0,322.0,INTERMEDIATE,18,True,Ferrari,0 days 00:31:00.873000,Track Clear,12,False,sainz,18.0,71.0,996.2,False,26.7,94,1.1,Lap,2024_9,90.0575,10.0,2024_9
87.433,18,2,25.645,27.771,34.017,224.0,272.0,285.0,326.0,INTERMEDIATE,11,True,Haas F1 Team,0 days 00:31:01.905000,Track Clear,13,False,kevin_magnussen,18.0,71.0,996.2,False,26.7,94,1.1,Lap,2024_9,88.298,6.0,2024_9
87.402,18,1,25.287,28.15,33.965,226.0,273.0,276.0,302.0,INTERMEDIATE,18,True,Alpine,0 days 00:31:04.265000,Track Clear,14,False,ocon,18.0,71.0,996.2,False,26.7,94,1.1,Lap,2024_9,88.21000000000001,4.0,2024_9
87.644,18,1,25.438,28.679,33.527,221.0,273.0,276.0,310.0,INTERMEDIATE,18,True,Red Bull Racing,0 days 00:31:06.216000,Track Clear,15,False,perez,18.0,71.0,996.2,False,26.7,94,1.1,Lap,2024_9,88.452,7.0,2024_9
88.933,18,1,25.488,28.224,35.221,225.0,276.0,278.0,320.0,INTERMEDIATE,18,True,Alpine,0 days 00:31:06.706000,Track Clear,16,False,gasly,18.0,71.0,996.2,False,26.7,94,1.1,Lap,2024_9,88.21000000000001,4.0,2024_9
87.339,18,1,25.479,27.835,34.025,216.0,274.0,275.0,306.0,INTERMEDIATE,18,True,Kick Sauber,0 days 00:31:10.870000,Track Clear,17,False,bottas,18.0,71.0,996.2,False,26.7,94,1.1,Lap,2024_9,89.076,8.0,2024_9
87.715,18,1,25.754,27.948,34.013,239.0,274.0,273.0,302.0,INTERMEDIATE,18,True,Kick Sauber,0 days 00:31:19.157000,Track Clear,18,False,zhou,18.0,71.0,996.2,False,26.7,94,1.1,Lap,2024_9,89.076,8.0,2024_9
87.342,18,2,25.73,27.781,33.831,218.0,273.0,272.0,304.0,INTERMEDIATE,6,True,Haas F1 Team,0 days 00:31:20.773000,Track Clear,19,False,hulkenberg,18.0,71.0,996.2,False,26.7,94,1.1,Lap,2024_9,88.298,6.0,2024_9
87.42,18,1,26.005,27.595,33.82,217.0,276.0,275.0,309.0,INTERMEDIATE,18,True,Williams,0 days 00:31:22.245000,Track Clear,20,False,sargeant,18.0,71.0,996.2,False,26.7,94,1.1,Lap,2024_9,89.528,9.0,2024_9
86.526,19,1,25.046,27.623,33.857,234.0,273.0,273.0,301.0,INTERMEDIATE,19,True,Mercedes,0 days 00:31:34.458000,Track Clear,1,False,russell,18.0,71.0,996.2,False,26.7,94,1.1,Lap,2024_9,87.0935,2.0,2024_9
86.001,19,1,24.992,27.583,33.426,236.0,274.0,274.0,305.0,INTERMEDIATE,19,True,Red Bull Racing,0 days 00:31:36.274000,Track Clear,2,False,max_verstappen,18.0,71.0,996.2,False,26.7,94,1.1,Lap,2024_9,88.452,7.0,2024_9
85.777,19,1,25.11,27.484,33.183,228.0,276.0,277.0,320.0,INTERMEDIATE,19,True,McLaren,0 days 00:31:36.752000,Track Clear,3,False,norris,18.0,71.0,996.2,False,26.7,94,1.1,Lap,2024_9,86.391,1.0,2024_9
85.529,19,1,24.816,27.278,33.435,225.0,275.0,274.0,303.0,INTERMEDIATE,19,True,McLaren,0 days 00:31:43.323000,Track Clear,4,False,piastri,18.0,72.0,996.2,False,26.6,84,1.6,Lap,2024_9,86.391,1.0,2024_9
86.192,19,1,25.016,27.406,33.77,217.0,275.0,274.0,303.0,INTERMEDIATE,19,True,Aston Martin,0 days 00:31:56.950000,Track Clear,5,False,alonso,18.0,72.0,996.2,False,26.6,84,1.6,Lap,2024_9,87.472,3.0,2024_9
86.817,19,1,25.425,27.841,33.551,228.0,275.0,274.0,300.0,INTERMEDIATE,19,True,Mercedes,0 days 00:31:57.200000,Track Clear,6,False,hamilton,18.0,72.0,996.2,False,26.6,84,1.6,Lap,2024_9,87.0935,2.0,2024_9
86.679,19,1,25.059,27.752,33.868,222.0,273.0,272.0,302.0,INTERMEDIATE,19,True,Racing Bulls,0 days 00:32:18.762000,Track Clear,7,False,ricciardo,18.0,72.0,996.2,False,26.6,84,1.6,Lap,2024_9,88.23150000000001,5.0,2024_9
86.88,19,1,25.256,27.788,33.836,220.0,275.0,274.0,305.0,INTERMEDIATE,19,True,Aston Martin,0 days 00:32:20.918000,Track Clear,8,False,stroll,18.0,72.0,996.2,False,26.6,84,1.6,Lap,2024_9,87.472,3.0,2024_9
87.107,19,1,25.162,27.826,34.119,226.0,265.0,264.0,292.0,INTERMEDIATE,19,True,Ferrari,0 days 00:32:25.473000,Track Clear,9,False,leclerc,18.0,72.0,996.2,False,26.6,84,1.6,Lap,2024_9,90.0575,10.0,2024_9
85.842,19,1,25.645,27.301,32.896,,279.0,280.0,328.0,INTERMEDIATE,19,True,Williams,0 days 00:32:27.377000,Track Clear,10,False,albon,18.0,72.0,996.2,False,26.6,84,1.6,Lap,2024_9,89.528,9.0,2024_9
86.668,19,1,25.042,27.606,34.02,225.0,275.0,278.0,308.0,INTERMEDIATE,19,True,Racing Bulls,0 days 00:32:27.145000,Track Clear,11,False,tsunoda,18.0,72.0,996.2,False,26.6,84,1.6,Lap,2024_9,88.23150000000001,5.0,2024_9
86.898,19,1,25.891,27.523,33.484,219.0,275.0,274.0,307.0,INTERMEDIATE,19,True,Ferrari,0 days 00:32:28.352000,Track Clear,12,False,sainz,18.0,72.0,996.2,False,26.6,84,1.6,Lap,2024_9,90.0575,10.0,2024_9
87.825,19,2,25.495,28.429,33.901,226.0,273.0,277.0,308.0,INTERMEDIATE,12,True,Haas F1 Team,0 days 00:32:29.338000,Track Clear,13,False,kevin_magnussen,18.0,72.0,996.2,False,26.6,84,1.6,Lap,2024_9,88.298,6.0,2024_9
87.561,19,1,25.258,28.201,34.102,227.0,274.0,271.0,303.0,INTERMEDIATE,19,True,Alpine,0 days 00:32:31.667000,Track Clear,14,False,ocon,18.0,72.0,996.2,False,26.6,84,1.6,Lap,2024_9,88.21000000000001,4.0,2024_9
87.001,19,1,25.344,28.054,33.603,232.0,275.0,275.0,310.0,INTERMEDIATE,19,True,Red Bull Racing,0 days 00:32:33.860000,Track Clear,15,False,perez,18.0,72.0,996.2,False,26.6,84,1.6,Lap,2024_9,88.452,7.0,2024_9
87.412,19,1,25.486,27.84,34.086,,272.0,268.0,303.0,INTERMEDIATE,19,True,Alpine,0 days 00:32:35.639000,Track Clear,16,False,gasly,18.0,72.0,996.2,False,26.6,84,1.6,Lap,2024_9,88.21000000000001,4.0,2024_9
88.149,19,1,25.871,28.311,33.967,215.0,275.0,274.0,305.0,INTERMEDIATE,19,True,Kick Sauber,0 days 00:32:38.209000,Track Clear,17,False,bottas,18.0,72.0,996.2,False,26.6,84,1.6,Lap,2024_9,89.076,8.0,2024_9
88.23,19,1,26.273,28.028,33.929,236.0,275.0,273.0,301.0,INTERMEDIATE,19,True,Kick Sauber,0 days 00:32:46.872000,Track Clear,18,False,zhou,18.1,71.0,996.3,False,26.7,358,0.9,Lap,2024_9,89.076,8.0,2024_9
87.468,19,2,25.592,28.038,33.838,222.0,274.0,282.0,318.0,INTERMEDIATE,7,True,Haas F1 Team,0 days 00:32:48.115000,Track Clear,19,False,hulkenberg,18.1,71.0,996.3,False,26.7,358,0.9,Lap,2024_9,88.298,6.0,2024_9
86.484,19,1,25.569,27.438,33.477,222.0,277.0,282.0,326.0,INTERMEDIATE,19,True,Williams,0 days 00:32:49.665000,Track Clear,20,False,sargeant,18.1,71.0,996.3,False,26.7,358,0.9,Lap,2024_9,89.528,9.0,2024_9
86.014,20,1,24.944,27.487,33.583,237.0,275.0,274.0,303.0,INTERMEDIATE,20,True,Mercedes,0 days 00:33:00.984000,Track Clear,1,False,russell,18.1,71.0,996.3,False,26.7,358,0.9,Lap,2024_9,87.0935,2.0,2024_9
85.473,20,1,25.363,27.145,32.965,233.0,277.0,281.0,327.0,INTERMEDIATE,20,True,McLaren,0 days 00:33:02.529000,Track Clear,2,False,norris,18.1,71.0,996.3,False,26.7,358,0.9,Lap,2024_9,86.391,1.0,2024_9
86.265,20,1,25.118,27.425,33.722,241.0,275.0,276.0,306.0,INTERMEDIATE,20,True,Red Bull Racing,0 days 00:33:02.275000,Track Clear,3,False,max_verstappen,18.1,71.0,996.3,False,26.7,358,0.9,Lap,2024_9,88.452,7.0,2024_9
85.391,20,1,24.847,27.468,33.076,226.0,277.0,276.0,304.0,INTERMEDIATE,20,True,McLaren,0 days 00:33:08.852000,Track Clear,4,False,piastri,18.1,71.0,996.3,False,26.7,358,0.9,Lap,2024_9,86.391,1.0,2024_9
85.488,20,1,24.817,27.051,33.62,222.0,277.0,274.0,303.0,INTERMEDIATE,20,True,Aston Martin,0 days 00:33:23.142000,Track Clear,5,False,alonso,18.1,71.0,996.3,False,26.7,358,0.9,Lap,2024_9,87.472,3.0,2024_9
85.298,20,1,24.844,27.059,33.395,233.0,277.0,283.0,323.0,INTERMEDIATE,20,True,Mercedes,0 days 00:33:24.017000,Track Clear,6,False,hamilton,18.1,71.0,996.3,False,26.7,358,0.9,Lap,2024_9,87.0935,2.0,2024_9
86.554,20,1,25.111,27.481,33.962,221.0,274.0,272.0,302.0,INTERMEDIATE,20,True,Racing Bulls,0 days 00:33:45.441000,Track Clear,7,False,ricciardo,18.2,72.0,996.3,False,27.0,284,0.7,Lap,2024_9,88.23150000000001,5.0,2024_9
86.894,20,1,25.36,27.615,33.919,216.0,275.0,274.0,305.0,INTERMEDIATE,20,True,Aston Martin,0 days 00:33:47.798000,Track Clear,8,False,stroll,18.2,72.0,996.3,False,27.0,284,0.7,Lap,2024_9,87.472,3.0,2024_9
86.838,20,1,26.057,27.296,33.485,230.0,276.0,274.0,321.0,INTERMEDIATE,20,True,Williams,0 days 00:33:53.219000,Track Clear,9,False,albon,18.2,72.0,996.3,False,27.0,284,0.7,Lap,2024_9,89.528,9.0,2024_9
88.214,20,1,26.069,27.646,34.499,222.0,264.0,269.0,292.0,INTERMEDIATE,20,True,Ferrari,0 days 00:33:52.580000,Track Clear,10,False,leclerc,18.2,72.0,996.3,False,27.0,284,0.7,Lap,2024_9,90.0575,10.0,2024_9
87.795,20,1,26.273,27.53,33.992,224.0,275.0,275.0,311.0,INTERMEDIATE,20,True,Racing Bulls,0 days 00:33:53.813000,Track Clear,11,False,tsunoda,18.2,72.0,996.3,False,27.0,284,0.7,Lap,2024_9,88.23150000000001,5.0,2024_9
87.228,20,1,26.232,27.411,33.585,,276.0,275.0,309.0,INTERMEDIATE,20,True,Ferrari,0 days 00:33:55.250000,Track Clear,12,False,sainz,18.2,72.0,996.3,False,27.0,284,0.7,Lap,2024_9,90.0575,10.0,2024_9
87.614,20,2,25.529,27.947,34.138,228.0,272.0,275.0,305.0,INTERMEDIATE,13,True,Haas F1 Team,0 days 00:33:57.163000,Track Clear,13,False,kevin_magnussen,18.2,72.0,996.3,False,27.0,284,0.7,Lap,2024_9,88.298,6.0,2024_9
87.138,20,1,25.291,27.81,34.037,232.0,273.0,269.0,305.0,INTERMEDIATE,20,True,Alpine,0 days 00:33:59.228000,Track Clear,14,False,ocon,18.2,72.0,996.3,False,27.0,284,0.7,Lap,2024_9,88.21000000000001,4.0,2024_9
88.03,20,1,25.645,28.107,34.278,222.0,272.0,272.0,309.0,INTERMEDIATE,20,True,Red Bull Racing,0 days 00:34:00.861000,Track Clear,15,False,perez,18.2,72.0,996.3,False,27.0,284,0.7,Lap,2024_9,88.452,7.0,2024_9
86.818,20,1,25.349,27.428,34.041,230.0,271.0,272.0,299.0,INTERMEDIATE,20,True,Alpine,0 days 00:34:03.051000,Track Clear,16,False,gasly,18.2,72.0,996.3,False,27.0,284,0.7,Lap,2024_9,88.21000000000001,4.0,2024_9
86.765,20,1,25.095,27.642,34.028,219.0,274.0,271.0,304.0,INTERMEDIATE,20,True,Kick Sauber,0 days 00:34:06.358000,Track Clear,17,False,bottas,18.2,72.0,996.3,False,27.0,284,0.7,Lap,2024_9,89.076,8.0,2024_9
87.628,20,2,25.587,28.134,33.907,221.0,273.0,268.0,300.0,INTERMEDIATE,8,True,Haas F1 Team,0 days 00:34:15.583000,Track Clear,18,False,hulkenberg,18.2,72.0,996.3,False,27.0,284,0.7,Lap,2024_9,88.298,6.0,2024_9
89.249,20,1,26.865,28.333,34.051,227.0,276.0,275.0,301.0,INTERMEDIATE,20,True,Kick Sauber,0 days 00:34:15.102000,Track Clear,19,False,zhou,18.2,72.0,996.3,False,27.0,284,0.7,Lap,2024_9,89.076,8.0,2024_9
89.257,20,1,26.704,28.787,33.766,215.0,272.0,276.0,308.0,INTERMEDIATE,20,True,Williams,0 days 00:34:16.149000,Track Clear,20,False,sargeant,18.2,72.0,996.3,False,27.0,284,0.7,Lap,2024_9,89.528,9.0,2024_9
85.192,21,1,24.888,27.371,32.933,232.0,272.0,281.0,324.0,INTERMEDIATE,21,True,McLaren,0 days 00:34:28.002000,Track Clear,1,False,norris,18.2,72.0,996.3,False,27.0,284,0.7,Lap,2024_9,86.391,1.0,2024_9
86.578,21,1,25.132,27.783,33.663,239.0,275.0,274.0,307.0,INTERMEDIATE,21,True,Red Bull Racing,0 days 00:34:28.540000,Track Clear,2,False,max_verstappen,18.2,72.0,996.3,False,27.0,284,0.7,Lap,2024_9,88.452,7.0,2024_9
88.455,21,1,25.418,27.516,35.521,235.0,276.0,266.0,303.0,INTERMEDIATE,21,True,Mercedes,0 days 00:34:26.998000,Track Clear,3,True,russell,18.2,72.0,996.3,False,27.0,284,0.7,Lap,2024_9,87.0935,2.0,2024_9
85.351,21,1,24.673,27.204,33.474,234.0,276.0,275.0,303.0,INTERMEDIATE,21,True,McLaren,0 days 00:34:34.243000,Track Clear,4,False,piastri,18.2,72.0,996.3,False,27.0,284,0.7,Lap,2024_9,86.391,1.0,2024_9
86.07,21,1,24.65,27.786,33.634,227.0,276.0,275.0,303.0,INTERMEDIATE,21,True,Aston Martin,0 days 00:34:48.630000,Track Clear,5,False,alonso,18.2,71.0,996.2,False,27.0,169,0.9,Lap,2024_9,87.472,3.0,2024_9
85.593,21,1,25.106,27.196,33.291,236.0,277.0,286.0,327.0,INTERMEDIATE,21,True,Mercedes,0 days 00:34:49.315000,Track Clear,6,False,hamilton,18.2,71.0,996.2,False,27.0,169,0.9,Lap,2024_9,87.0935,2.0,2024_9
86.135,21,1,25.02,27.47,33.645,224.0,273.0,273.0,302.0,INTERMEDIATE,21,True,Racing Bulls,0 days 00:35:11.995000,Track Clear,7,False,ricciardo,18.2,71.0,996.2,False,27.0,169,0.9,Lap,2024_9,88.23150000000001,5.0,2024_9
86.728,21,1,25.447,27.488,33.793,221.0,275.0,274.0,305.0,INTERMEDIATE,21,True,Aston Martin,0 days 00:35:14.692000,Track Clear,8,False,stroll,18.2,71.0,996.2,False,27.0,169,0.9,Lap,2024_9,87.472,3.0,2024_9
87.129,21,1,25.607,27.515,34.007,223.0,275.0,271.0,306.0,INTERMEDIATE,21,True,Williams,0 days 00:35:20.057000,Track Clear,9,False,albon,18.2,71.0,996.2,False,27.0,169,0.9,Lap,2024_9,89.528,9.0,2024_9
86.941,21,1,25.911,27.465,33.565,221.0,277.0,280.0,324.0,INTERMEDIATE,21,True,Racing Bulls,0 days 00:35:21.608000,Track Clear,10,False,tsunoda,18.2,71.0,996.2,False,27.0,169,0.9,Lap,2024_9,88.23150000000001,5.0,2024_9
88.317,21,1,25.771,27.941,34.605,219.0,264.0,266.0,304.0,INTERMEDIATE,21,True,Ferrari,0 days 00:35:20.794000,Track Clear,11,False,leclerc,18.2,71.0,996.2,False,27.0,169,0.9,Lap,2024_9,90.0575,10.0,2024_9
88.099,21,1,26.849,27.688,33.562,223.0,274.0,275.0,307.0,INTERMEDIATE,21,True,Ferrari,0 days 00:35:22.478000,Track Clear,12,False,sainz,18.2,71.0,996.2,False,27.0,169,0.9,Lap,2024_9,90.0575,10.0,2024_9
87.411,21,2,25.6,27.651,34.16,231.0,276.0,276.0,307.0,INTERMEDIATE,14,True,Haas F1 Team,0 days 00:35:24.777000,Track Clear,13,False,kevin_magnussen,18.2,71.0,996.2,False,27.0,169,0.9,Lap,2024_9,88.298,6.0,2024_9
87.829,21,1,25.769,27.997,34.063,228.0,270.0,274.0,299.0,INTERMEDIATE,21,True,Alpine,0 days 00:35:26.366000,Track Clear,14,False,ocon,18.2,71.0,996.2,False,27.0,169,0.9,Lap,2024_9,88.21000000000001,4.0,2024_9
87.756,21,1,25.663,28.059,34.034,,270.0,273.0,301.0,INTERMEDIATE,21,True,Alpine,0 days 00:35:29.869000,Track Clear,15,False,gasly,18.2,71.0,996.2,False,27.0,169,0.9,Lap,2024_9,88.21000000000001,4.0,2024_9
91.463,21,1,26.201,31.249,34.013,232.0,263.0,274.0,309.0,INTERMEDIATE,21,True,Red Bull Racing,0 days 00:35:28.891000,Track Clear,16,True,perez,18.2,71.0,996.2,False,27.0,169,0.9,Lap,2024_9,88.452,7.0,2024_9
88.049,21,1,25.469,28.187,34.393,212.0,273.0,272.0,320.0,INTERMEDIATE,21,True,Kick Sauber,0 days 00:35:33.123000,Track Clear,17,False,bottas,18.2,71.0,996.2,False,27.0,169,0.9,Lap,2024_9,89.076,8.0,2024_9
87.075,21,2,25.285,28.096,33.694,220.0,272.0,272.0,302.0,INTERMEDIATE,9,True,Haas F1 Team,0 days 00:35:43.211000,Track Clear,18,False,hulkenberg,18.2,72.0,996.2,False,26.9,187,0.6,Lap,2024_9,88.298,6.0,2024_9
88.014,21,1,26.01,28.093,33.911,234.0,275.0,275.0,304.0,INTERMEDIATE,21,True,Kick Sauber,0 days 00:35:44.351000,Track Clear,19,False,zhou,18.2,72.0,996.2,False,26.9,187,0.6,Lap,2024_9,89.076,8.0,2024_9
89.286,21,1,25.956,29.851,33.479,218.0,273.0,276.0,310.0,INTERMEDIATE,21,True,Williams,0 days 00:35:45.406000,Track Clear,20,False,sargeant,18.2,72.0,996.2,False,26.9,187,0.6,Lap,2024_9,89.528,9.0,2024_9
84.429,22,1,24.68,26.82,32.929,235.0,275.0,276.0,306.0,INTERMEDIATE,22,True,McLaren,0 days 00:35:53.194000,Track Clear,1,False,norris,18.2,72.0,996.2,False,26.9,187,0.6,Lap,2024_9,86.391,1.0,2024_9
86.59,22,1,25.151,27.939,33.5,236.0,273.0,272.0,304.0,INTERMEDIATE,22,True,Red Bull Racing,0 days 00:35:55.118000,Track Clear,2,False,max_verstappen,18.2,72.0,996.2,False,26.9,187,0.6,Lap,2024_9,88.452,7.0,2024_9
87.579,22,1,26.141,27.826,33.612,240.0,275.0,275.0,304.0,INTERMEDIATE,22,True,Mercedes,0 days 00:35:55.453000,Track Clear,3,False,russell,18.2,72.0,996.2,False,26.9,187,0.6,Lap,2024_9,87.0935,2.0,2024_9
85.361,22,1,24.924,27.32,33.117,232.0,276.0,274.0,304.0,INTERMEDIATE,22,True,McLaren,0 days 00:35:59.594000,Track Clear,4,False,piastri,18.2,72.0,996.2,False,26.9,187,0.6,Lap,2024_9,86.391,1.0,2024_9
85.451,22,1,24.685,27.232,33.534,230.0,275.0,274.0,303.0,INTERMEDIATE,22,True,Aston Martin,0 days 00:36:14.700000,Track Clear,5,False,alonso,18.2,72.0,996.2,False,26.9,187,0.6,Lap,2024_9,87.472,3.0,2024_9
85.438,22,1,25.16,27.099,33.179,234.0,276.0,287.0,327.0,INTERMEDIATE,22,True,Mercedes,0 days 00:36:14.908000,Track Clear,6,False,hamilton,18.2,72.0,996.2,False,26.9,187,0.6,Lap,2024_9,87.0935,2.0,2024_9
85.962,22,1,24.877,27.465,33.62,230.0,272.0,273.0,302.0,INTERMEDIATE,22,True,Racing Bulls,0 days 00:36:38.130000,Track Clear,7,False,ricciardo,18.2,72.0,996.2,False,26.9,187,0.6,Lap,2024_9,88.23150000000001,5.0,2024_9
86.423,22,1,25.289,27.368,33.766,223.0,275.0,274.0,305.0,INTERMEDIATE,22,True,Aston Martin,0 days 00:36:41.420000,Track Clear,8,False,stroll,18.3,71.0,996.3,False,27.3,212,1.2,Lap,2024_9,87.472,3.0,2024_9
86.207,22,1,25.464,27.276,33.467,228.0,275.0,273.0,305.0,INTERMEDIATE,22,True,Williams,0 days 00:36:47.186000,Track Clear,9,False,albon,18.3,71.0,996.3,False,27.3,212,1.2,Lap,2024_9,89.528,9.0,2024_9
86.823,22,1,25.398,27.561,33.864,225.0,276.0,274.0,307.0,INTERMEDIATE,22,True,Racing Bulls,0 days 00:36:48.549000,Track Clear,10,False,tsunoda,18.3,71.0,996.3,False,27.3,212,1.2,Lap,2024_9,88.23150000000001,5.0,2024_9
87.253,22,1,25.705,27.738,33.81,227.0,264.0,273.0,306.0,INTERMEDIATE,22,True,Ferrari,0 days 00:36:49.111000,Track Clear,11,False,leclerc,18.3,71.0,996.3,False,27.3,212,1.2,Lap,2024_9,90.0575,10.0,2024_9
86.895,22,1,25.36,27.897,33.638,228.0,272.0,276.0,309.0,INTERMEDIATE,22,True,Ferrari,0 days 00:36:50.577000,Track Clear,12,False,sainz,18.3,71.0,996.3,False,27.3,212,1.2,Lap,2024_9,90.0575,10.0,2024_9
87.144,22,2,25.523,27.758,33.863,229.0,277.0,275.0,308.0,INTERMEDIATE,15,True,Haas F1 Team,0 days 00:36:52.188000,Track Clear,13,False,kevin_magnussen,18.3,71.0,996.3,False,27.3,212,1.2,Lap,2024_9,88.298,6.0,2024_9
86.654,22,1,25.12,27.572,33.962,234.0,276.0,270.0,302.0,INTERMEDIATE,22,True,Alpine,0 days 00:36:54.195000,Track Clear,14,False,ocon,18.3,71.0,996.3,False,27.3,212,1.2,Lap,2024_9,88.21000000000001,4.0,2024_9
85.165,22,1,24.597,27.119,33.449,233.0,273.0,269.0,301.0,INTERMEDIATE,22,True,Alpine,0 days 00:36:57.625000,Track Clear,15,False,gasly,18.3,71.0,996.3,False,27.3,212,1.2,Lap,2024_9,88.21000000000001,4.0,2024_9
86.184,22,1,24.972,27.842,33.37,233.0,276.0,275.0,308.0,INTERMEDIATE,22,True,Red Bull Racing,0 days 00:37:00.354000,Track Clear,16,False,perez,18.3,71.0,996.3,False,27.3,212,1.2,Lap,2024_9,88.452,7.0,2024_9
87.936,22,1,25.542,28.234,34.16,223.0,273.0,273.0,300.0,INTERMEDIATE,22,True,Kick Sauber,0 days 00:37:01.172000,Track Clear,17,False,bottas,18.3,71.0,996.3,False,27.3,212,1.2,Lap,2024_9,89.076,8.0,2024_9
86.395,22,2,25.557,27.343,33.495,223.0,273.0,272.0,300.0,INTERMEDIATE,10,True,Haas F1 Team,0 days 00:37:10.286000,Track Clear,18,False,hulkenberg,18.3,71.0,996.3,False,27.3,212,1.2,Lap,2024_9,88.298,6.0,2024_9
88.028,22,1,25.996,28.1,33.932,235.0,275.0,275.0,301.0,INTERMEDIATE,22,True,Kick Sauber,0 days 00:37:12.365000,Track Clear,19,False,zhou,18.3,71.0,996.3,False,27.3,212,1.2,Lap,2024_9,89.076,8.0,2024_9
86.731,22,1,25.671,27.64,33.42,217.0,276.0,277.0,308.0,INTERMEDIATE,22,True,Williams,0 days 00:37:14.692000,Track Clear,20,False,sargeant,18.3,71.0,996.3,False,27.3,212,1.2,Lap,2024_9,89.528,9.0,2024_9
85.246,23,1,24.903,27.209,33.134,223.0,276.0,277.0,303.0,INTERMEDIATE,23,True,McLaren,0 days 00:37:17.623000,Track Clear,1,False,norris,18.3,71.0,996.3,False,27.3,212,1.2,Lap,2024_9,86.391,1.0,2024_9
86.591,23,1,25.233,27.735,33.623,225.0,273.0,272.0,305.0,INTERMEDIATE,23,True,Red Bull Racing,0 days 00:37:21.708000,Track Clear,2,False,max_verstappen,18.3,71.0,996.3,False,27.3,212,1.2,Lap,2024_9,88.452,7.0,2024_9
86.894,23,1,25.634,27.55,33.71,238.0,277.0,276.0,307.0,INTERMEDIATE,23,True,Mercedes,0 days 00:37:23.032000,Track Clear,3,False,russell,18.3,71.0,996.3,False,27.3,212,1.2,Lap,2024_9,87.0935,2.0,2024_9
85.85,23,1,24.829,27.583,33.438,239.0,276.0,277.0,302.0,INTERMEDIATE,23,True,McLaren,0 days 00:37:24.955000,Track Clear,4,False,piastri,18.3,71.0,996.3,False,27.3,212,1.2,Lap,2024_9,86.391,1.0,2024_9
85.977,23,1,24.998,27.483,33.496,219.0,275.0,273.0,302.0,INTERMEDIATE,23,True,Aston Martin,0 days 00:37:40.151000,Track Clear,5,False,alonso,18.3,71.0,996.3,False,27.3,212,1.2,Lap,2024_9,87.472,3.0,2024_9
86.533,23,1,25.443,27.34,33.75,,277.0,277.0,324.0,INTERMEDIATE,23,True,Mercedes,0 days 00:37:40.346000,Track Clear,6,False,hamilton,18.3,71.0,996.2,False,27.3,358,1.2,Lap,2024_9,87.0935,2.0,2024_9
86.684,23,1,25.099,28.009,33.576,227.0,274.0,272.0,301.0,INTERMEDIATE,23,True,Racing Bulls,0 days 00:38:04.092000,Track Clear,7,False,ricciardo,18.3,71.0,996.2,False,27.3,358,1.2,Lap,2024_9,88.23150000000001,5.0,2024_9
87.166,23,1,25.869,27.533,33.764,222.0,274.0,272.0,304.0,INTERMEDIATE,23,True,Aston Martin,0 days 00:38:07.843000,Track Clear,8,False,stroll,18.3,71.0,996.2,False,27.3,358,1.2,Lap,2024_9,87.472,3.0,2024_9
86.766,23,1,25.524,27.503,33.739,215.0,276.0,273.0,305.0,INTERMEDIATE,23,True,Williams,0 days 00:38:13.393000,Track Clear,9,False,albon,18.3,71.0,996.2,False,27.3,358,1.2,Lap,2024_9,89.528,9.0,2024_9
86.583,23,1,25.262,27.493,33.828,,276.0,274.0,308.0,INTERMEDIATE,23,True,Racing Bulls,0 days 00:38:15.372000,Track Clear,10,False,tsunoda,18.3,71.0,996.2,False,27.3,358,1.2,Lap,2024_9,88.23150000000001,5.0,2024_9
86.623,23,1,25.255,27.545,33.823,230.0,265.0,273.0,303.0,INTERMEDIATE,23,True,Ferrari,0 days 00:38:16.364000,Track Clear,11,False,leclerc,18.3,71.0,996.2,False,27.3,358,1.2,Lap,2024_9,90.0575,10.0,2024_9
86.839,23,1,25.51,27.841,33.488,218.0,273.0,275.0,305.0,INTERMEDIATE,23,True,Ferrari,0 days 00:38:17.472000,Track Clear,12,False,sainz,18.3,71.0,996.2,False,27.3,358,1.2,Lap,2024_9,90.0575,10.0,2024_9
87.198,23,2,25.359,27.771,34.068,225.0,276.0,274.0,309.0,INTERMEDIATE,16,True,Haas F1 Team,0 days 00:38:19.332000,Track Clear,13,False,kevin_magnussen,18.3,71.0,996.2,False,27.3,358,1.2,Lap,2024_9,88.298,6.0,2024_9
86.736,23,1,25.063,27.787,33.886,,272.0,275.0,302.0,INTERMEDIATE,23,True,Alpine,0 days 00:38:20.849000,Track Clear,14,False,ocon,18.3,71.0,996.2,False,27.3,358,1.2,Lap,2024_9,88.21000000000001,4.0,2024_9
85.084,23,1,24.663,27.045,33.376,236.0,269.0,285.0,319.0,INTERMEDIATE,23,True,Alpine,0 days 00:38:22.790000,Track Clear,15,False,gasly,18.3,71.0,996.2,False,27.3,358,1.2,Lap,2024_9,88.21000000000001,4.0,2024_9
86.418,23,1,25.161,27.753,33.504,237.0,276.0,275.0,308.0,INTERMEDIATE,23,True,Red Bull Racing,0 days 00:38:26.538000,Track Clear,16,False,perez,18.3,71.0,996.2,False,27.3,358,1.2,Lap,2024_9,88.452,7.0,2024_9
87.74,23,1,25.501,28.561,33.678,215.0,268.0,272.0,302.0,INTERMEDIATE,23,True,Kick Sauber,0 days 00:38:29.108000,Track Clear,17,False,bottas,18.3,71.0,996.2,False,27.3,358,1.2,Lap,2024_9,89.076,8.0,2024_9
86.137,23,2,25.166,27.313,33.658,227.0,272.0,270.0,303.0,INTERMEDIATE,11,True,Haas F1 Team,0 days 00:38:36.681000,Track Clear,18,False,hulkenberg,18.3,71.0,996.2,False,27.3,358,1.2,Lap,2024_9,88.298,6.0,2024_9
84.743,24,1,24.927,27.136,32.68,232.0,275.0,281.0,319.0,INTERMEDIATE,24,True,McLaren,0 days 00:38:42.869000,Track Clear,1,False,norris,18.4,71.0,996.2,False,27.2,34,0.8,Lap,2024_9,86.391,1.0,2024_9
89.086,23,1,25.803,28.686,34.597,229.0,207.0,276.0,304.0,INTERMEDIATE,23,True,Kick Sauber,0 days 00:38:40.393000,Track Clear,19,False,zhou,18.4,71.0,996.2,False,27.2,34,0.8,Lap,2024_9,89.076,8.0,2024_9
88.969,23,1,27.794,27.748,33.427,212.0,275.0,277.0,312.0,INTERMEDIATE,23,True,Williams,0 days 00:38:41.423000,Track Clear,20,False,sargeant,18.4,71.0,996.2,False,27.2,34,0.8,Lap,2024_9,89.528,9.0,2024_9
87.034,24,1,25.371,27.888,33.775,,272.0,272.0,305.0,INTERMEDIATE,24,True,Red Bull Racing,0 days 00:38:48.299000,Track Clear,2,False,max_verstappen,18.4,71.0,996.2,False,27.2,34,0.8,Lap,2024_9,88.452,7.0,2024_9
86.76,24,1,25.377,27.789,33.594,237.0,275.0,276.0,309.0,INTERMEDIATE,24,True,Mercedes,0 days 00:38:49.926000,Track Clear,3,False,russell,18.4,71.0,996.2,False,27.2,34,0.8,Lap,2024_9,87.0935,2.0,2024_9
86.273,24,1,25.141,27.729,33.403,233.0,278.0,285.0,325.0,INTERMEDIATE,24,True,McLaren,0 days 00:38:50.805000,Track Clear,4,False,piastri,18.4,71.0,996.2,False,27.2,34,0.8,Lap,2024_9,86.391,1.0,2024_9
86.664,24,1,25.191,27.857,33.616,217.0,275.0,273.0,304.0,INTERMEDIATE,24,True,Aston Martin,0 days 00:39:06.128000,Track Clear,5,False,alonso,18.4,71.0,996.2,False,27.2,34,0.8,Lap,2024_9,87.472,3.0,2024_9
86.331,24,1,24.922,27.826,33.583,236.0,274.0,279.0,327.0,INTERMEDIATE,24,True,Mercedes,0 days 00:39:06.879000,Track Clear,6,False,hamilton,18.4,71.0,996.2,False,27.2,34,0.8,Lap,2024_9,87.0935,2.0,2024_9
86.187,30,2,24.165,27.288,34.734,224.0,271.0,271.0,300.0,INTERMEDIATE,5,True,Red Bull Racing,0 days 00:50:31.448000,Track Clear,1,False,max_verstappen,18.0,72.0,996.2,False,22.8,134,1.1,Lap,2024_9,88.452,7.0,2024_9
86.524,30,2,24.465,27.213,34.846,236.0,274.0,276.0,305.0,INTERMEDIATE,5,True,Mercedes,0 days 00:50:31.894000,Track Clear,2,False,russell,18.0,72.0,996.2,False,22.8,134,1.1,Lap,2024_9,87.0935,2.0,2024_9
87.062,30,2,24.493,27.662,34.907,221.0,273.0,276.0,304.0,INTERMEDIATE,4,True,McLaren,0 days 00:50:32.510000,Track Clear,3,False,norris,18.0,72.0,996.2,False,22.8,134,1.1,Lap,2024_9,86.391,1.0,2024_9
87.424,30,2,24.611,27.863,34.95,236.0,273.0,275.0,309.0,INTERMEDIATE,5,True,McLaren,0 days 00:50:32.862000,Track Clear,4,False,piastri,18.0,72.0,996.2,False,22.8,134,1.1,Lap,2024_9,86.391,1.0,2024_9
87.745,30,2,24.654,27.919,35.172,227.0,275.0,278.0,309.0,INTERMEDIATE,5,True,Mercedes,0 days 00:50:33.443000,Track Clear,5,False,hamilton,18.0,72.0,996.2,False,22.8,134,1.1,Lap,2024_9,87.0935,2.0,2024_9
88.464,30,2,25.337,28.027,35.1,215.0,273.0,273.0,305.0,INTERMEDIATE,5,True,Aston Martin,0 days 00:50:34.069000,Track Clear,6,False,alonso,18.0,72.0,996.2,False,22.8,134,1.1,Lap,2024_9,87.472,3.0,2024_9
88.487,30,1,25.433,28.018,35.036,226.0,275.0,275.0,307.0,INTERMEDIATE,30,True,Racing Bulls,0 days 00:50:35.071000,Track Clear,7,False,tsunoda,18.0,72.0,996.2,False,22.8,134,1.1,Lap,2024_9,88.23150000000001,5.0,2024_9
88.168,30,2,25.133,27.942,35.093,222.0,275.0,276.0,306.0,INTERMEDIATE,5,True,Aston Martin,0 days 00:50:36.187000,Track Clear,8,False,stroll,18.0,72.0,996.2,False,22.8,134,1.1,Lap,2024_9,87.472,3.0,2024_9
89.23,30,2,25.463,28.295,35.472,218.0,277.0,276.0,316.0,INTERMEDIATE,5,True,Williams,0 days 00:50:37.503000,Track Clear,9,False,albon,18.0,72.0,996.2,False,22.8,134,1.1,Lap,2024_9,89.528,9.0,2024_9
91.187,30,1,25.18,28.683,37.324,235.0,270.0,271.0,301.0,INTERMEDIATE,30,True,Alpine,0 days 00:50:36.713000,Track Clear,10,False,ocon,17.9,72.0,996.3,True,22.5,54,0.7,Lap,2024_9,88.21000000000001,4.0,2024_9
90.655,30,2,25.151,28.188,37.316,224.0,273.0,265.0,313.0,INTERMEDIATE,4,True,Racing Bulls,0 days 00:50:37.372000,Track Clear,11,False,ricciardo,17.9,72.0,996.3,True,22.5,54,0.7,Lap,2024_9,88.23150000000001,5.0,2024_9
90.489,30,1,25.543,28.395,36.551,221.0,274.0,274.0,311.0,INTERMEDIATE,30,True,Kick Sauber,0 days 00:50:37.978000,Track Clear,12,False,bottas,17.9,72.0,996.3,True,22.5,54,0.7,Lap,2024_9,89.076,8.0,2024_9
90.223,30,2,25.751,28.174,36.298,216.0,274.0,276.0,313.0,INTERMEDIATE,5,True,Ferrari,0 days 00:50:38.401000,Track Clear,13,False,sainz,17.9,72.0,996.3,True,22.5,54,0.7,Lap,2024_9,90.0575,10.0,2024_9
89.741,30,3,25.531,28.121,36.089,229.0,271.0,273.0,312.0,INTERMEDIATE,5,True,Haas F1 Team,0 days 00:50:38.961000,Track Clear,14,False,kevin_magnussen,17.9,72.0,996.3,True,22.5,54,0.7,Lap,2024_9,88.298,6.0,2024_9
89.531,30,2,25.484,28.482,35.565,226.0,274.0,275.0,311.0,INTERMEDIATE,5,True,Alpine,0 days 00:50:39.357000,Track Clear,15,False,gasly,17.9,72.0,996.3,True,22.5,54,0.7,Lap,2024_9,88.21000000000001,4.0,2024_9
89.333,30,2,25.372,28.312,35.649,223.0,278.0,281.0,312.0,INTERMEDIATE,5,True,Red Bull Racing,0 days 00:50:39.933000,Track Clear,16,False,perez,17.9,72.0,996.3,True,22.5,54,0.7,Lap,2024_9,88.452,7.0,2024_9
88.818,30,3,25.326,28.054,35.438,224.0,267.0,277.0,308.0,INTERMEDIATE,5,True,Haas F1 Team,0 days 00:50:40.932000,Track Clear,17,False,hulkenberg,17.9,72.0,996.3,True,22.5,54,0.7,Lap,2024_9,88.298,6.0,2024_9
89.176,30,2,25.563,27.989,35.624,233.0,271.0,278.0,307.0,INTERMEDIATE,6,True,Kick Sauber,0 days 00:50:41.478000,Track Clear,18,False,zhou,17.9,72.0,996.3,True,22.5,54,0.7,Lap,2024_9,89.076,8.0,2024_9
104.706,30,3,29.303,33.703,41.7,173.0,212.0,255.0,297.0,HARD,2,True,Ferrari,0 days 00:50:51.126000,Track Clear,19,True,leclerc,17.9,72.0,996.3,True,22.5,54,0.7,Lap,2024_9,90.0575,10.0,2024_9
89.219,31,2,25.25,28.753,35.216,218.0,270.0,269.0,298.0,INTERMEDIATE,6,True,Red Bull Racing,0 days 00:51:57.635000,Track Clear,1,False,max_verstappen,17.7,73.0,996.2,True,22.4,93,0.5,Lap,2024_9,88.452,7.0,2024_9
89.841,31,2,25.838,28.954,35.049,222.0,273.0,275.0,301.0,INTERMEDIATE,6,True,Mercedes,0 days 00:51:58.418000,Track Clear,2,False,russell,17.7,73.0,996.2,True,22.4,93,0.5,Lap,2024_9,87.0935,2.0,2024_9
90.169,31,2,25.821,29.131,35.217,217.0,272.0,275.0,303.0,INTERMEDIATE,5,True,McLaren,0 days 00:51:59.572000,Track Clear,3,False,norris,17.7,73.0,996.2,True,22.4,93,0.5,Lap,2024_9,86.391,1.0,2024_9
90.562,31,2,26.186,29.199,35.177,214.0,273.0,274.0,305.0,INTERMEDIATE,6,True,McLaren,0 days 00:52:00.286000,Track Clear,4,False,piastri,17.7,73.0,996.2,True,22.4,93,0.5,Lap,2024_9,86.391,1.0,2024_9
90.533,31,2,26.089,29.115,35.329,207.0,275.0,276.0,307.0,INTERMEDIATE,6,True,Mercedes,0 days 00:52:01.188000,Track Clear,5,False,hamilton,17.7,73.0,996.2,True,22.4,93,0.5,Lap,2024_9,87.0935,2.0,2024_9
90.492,31,2,26.087,29.095,35.31,205.0,275.0,273.0,306.0,INTERMEDIATE,6,True,Aston Martin,0 days 00:52:02.533000,Track Clear,6,False,alonso,17.7,73.0,996.2,True,22.4,93,0.5,Lap,2024_9,87.472,3.0,2024_9
91.035,31,1,26.533,29.162,35.34,206.0,274.0,272.0,306.0,INTERMEDIATE,31,True,Racing Bulls,0 days 00:52:03.558000,Track Clear,7,False,tsunoda,17.7,73.0,996.2,True,22.4,93,0.5,Lap,2024_9,88.23150000000001,5.0,2024_9
90.97,31,2,26.429,29.393,35.148,206.0,274.0,274.0,305.0,INTERMEDIATE,6,True,Aston Martin,0 days 00:52:04.355000,Track Clear,8,False,stroll,17.7,73.0,996.2,True,22.4,93,0.5,Lap,2024_9,87.472,3.0,2024_9
90.375,31,2,26.348,29.001,35.026,213.0,274.0,275.0,307.0,INTERMEDIATE,6,True,Williams,0 days 00:52:06.733000,Track Clear,9,False,albon,17.7,73.0,996.2,True,22.4,93,0.5,Lap,2024_9,89.528,9.0,2024_9
91.377,31,1,26.206,29.61,35.561,222.0,271.0,268.0,298.0,INTERMEDIATE,31,True,Alpine,0 days 00:52:07.900000,Track Clear,10,False,ocon,17.7,73.0,996.2,True,22.4,93,0.5,Lap,2024_9,88.21000000000001,4.0,2024_9
92.15,31,2,26.949,29.463,35.738,209.0,274.0,273.0,309.0,INTERMEDIATE,5,True,Racing Bulls,0 days 00:52:08.027000,Track Clear,11,False,ricciardo,17.7,73.0,996.2,True,22.4,93,0.5,Lap,2024_9,88.23150000000001,5.0,2024_9
91.954,31,1,27.024,29.695,35.235,205.0,267.0,275.0,310.0,INTERMEDIATE,31,True,Kick Sauber,0 days 00:52:08.467000,Track Clear,12,False,bottas,17.7,73.0,996.2,True,22.4,93,0.5,Lap,2024_9,89.076,8.0,2024_9
92.345,31,2,27.501,29.554,35.29,200.0,276.0,273.0,312.0,INTERMEDIATE,6,True,Ferrari,0 days 00:52:08.624000,Track Clear,13,False,sainz,17.7,73.0,996.2,True,22.4,93,0.5,Lap,2024_9,90.0575,10.0,2024_9
92.523,31,2,27.816,29.573,35.134,208.0,268.0,271.0,303.0,INTERMEDIATE,6,True,Alpine,0 days 00:52:08.888000,Track Clear,14,False,gasly,17.7,73.0,996.2,True,22.4,93,0.5,Lap,2024_9,88.21000000000001,4.0,2024_9
93.596,31,3,28.321,29.853,35.422,204.0,274.0,274.0,307.0,INTERMEDIATE,6,True,Haas F1 Team,0 days 00:52:08.702000,Track Clear,15,False,kevin_magnussen,17.7,73.0,996.2,True,22.4,93,0.5,Lap,2024_9,88.298,6.0,2024_9
93.782,31,2,28.24,29.918,35.624,202.0,268.0,275.0,309.0,INTERMEDIATE,6,True,Red Bull Racing,0 days 00:52:09.266000,Track Clear,16,False,perez,17.7,73.0,996.2,True,22.4,93,0.5,Lap,2024_9,88.452,7.0,2024_9
93.635,31,2,28.025,30.0,35.61,208.0,271.0,274.0,293.0,INTERMEDIATE,7,True,Kick Sauber,0 days 00:52:10.654000,Track Clear,17,False,zhou,17.7,73.0,996.2,True,22.4,93,0.5,Lap,2024_9,89.076,8.0,2024_9
95.98,31,3,28.437,29.689,37.854,202.0,272.0,261.0,308.0,INTERMEDIATE,6,True,Haas F1 Team,0 days 00:52:09.750000,Track Clear,18,True,hulkenberg,17.7,73.0,996.2,True,22.4,93,0.5,Lap,2024_9,88.298,6.0,2024_9
90.715,32,2,26.62,29.377,34.718,203.0,270.0,269.0,299.0,INTERMEDIATE,7,True,Red Bull Racing,0 days 00:53:26.854000,Track Clear,1,False,max_verstappen,17.7,73.0,996.3,True,22.3,276,0.8,Lap,2024_9,88.452,7.0,2024_9
90.484,32,2,26.654,29.01,34.82,206.0,273.0,273.0,298.0,INTERMEDIATE,7,True,Mercedes,0 days 00:53:28.259000,Track Clear,2,False,russell,17.7,73.0,996.3,True,22.3,276,0.8,Lap,2024_9,87.0935,2.0,2024_9
90.563,32,2,26.589,29.131,34.843,213.0,273.0,274.0,301.0,INTERMEDIATE,6,True,McLaren,0 days 00:53:29.741000,Track Clear,3,False,norris,17.7,73.0,996.3,True,22.3,276,0.8,Lap,2024_9,86.391,1.0,2024_9
90.225,32,2,26.671,29.02,34.534,213.0,275.0,275.0,306.0,INTERMEDIATE,7,True,McLaren,0 days 00:53:30.848000,Track Clear,4,False,piastri,17.7,73.0,996.3,True,22.3,276,0.8,Lap,2024_9,86.391,1.0,2024_9
91.549,32,2,26.517,29.235,35.797,210.0,277.0,271.0,306.0,INTERMEDIATE,7,True,Mercedes,0 days 00:53:31.721000,Track Clear,5,False,hamilton,17.7,73.0,996.3,True,22.3,276,0.8,Lap,2024_9,87.0935,2.0,2024_9
91.726,32,2,26.792,29.352,35.582,197.0,275.0,265.0,307.0,INTERMEDIATE,7,True,Aston Martin,0 days 00:53:33.025000,Track Clear,6,True,alonso,17.7,73.0,996.3,True,22.3,276,0.8,Lap,2024_9,87.472,3.0,2024_9
91.251,32,1,26.779,29.486,34.986,200.0,274.0,273.0,308.0,INTERMEDIATE,32,True,Racing Bulls,0 days 00:53:34.593000,Track Clear,7,False,tsunoda,17.7,73.0,996.3,True,22.3,276,0.8,Lap,2024_9,88.23150000000001,5.0,2024_9
90.959,32,2,26.914,29.384,34.661,207.0,276.0,276.0,305.0,INTERMEDIATE,7,True,Aston Martin,0 days 00:53:35.325000,Track Clear,8,False,stroll,17.7,73.0,996.3,True,22.3,276,0.8,Lap,2024_9,87.472,3.0,2024_9
91.152,32,2,27.206,29.111,34.835,217.0,275.0,274.0,306.0,INTERMEDIATE,7,True,Williams,0 days 00:53:37.108000,Track Clear,9,False,albon,17.6,74.0,996.2,True,22.0,166,1.1,Lap,2024_9,89.528,9.0,2024_9
91.386,32,1,26.772,29.508,35.106,218.0,268.0,270.0,300.0,INTERMEDIATE,32,True,Alpine,0 days 00:53:39.277000,Track Clear,10,False,ocon,17.6,74.0,996.2,True,22.0,166,1.1,Lap,2024_9,88.21000000000001,4.0,2024_9
91.669,32,2,27.023,29.606,35.04,203.0,274.0,274.0,308.0,INTERMEDIATE,6,True,Racing Bulls,0 days 00:53:40.177000,Track Clear,11,False,ricciardo,17.6,74.0,996.2,True,22.0,166,1.1,Lap,2024_9,88.23150000000001,5.0,2024_9
92.149,32,1,27.236,29.687,35.226,207.0,273.0,272.0,308.0,INTERMEDIATE,32,True,Kick Sauber,0 days 00:53:40.421000,Track Clear,12,False,bottas,17.6,74.0,996.2,True,22.0,166,1.1,Lap,2024_9,89.076,8.0,2024_9
91.832,32,2,27.161,29.672,34.999,207.0,276.0,275.0,312.0,INTERMEDIATE,7,True,Ferrari,0 days 00:53:40.969000,Track Clear,13,False,sainz,17.6,74.0,996.2,True,22.0,166,1.1,Lap,2024_9,90.0575,10.0,2024_9
91.747,32,2,27.194,29.567,34.986,201.0,272.0,271.0,306.0,INTERMEDIATE,7,True,Alpine,0 days 00:53:41.411000,Track Clear,14,False,gasly,17.6,74.0,996.2,True,22.0,166,1.1,Lap,2024_9,88.21000000000001,4.0,2024_9
92.202,32,3,26.703,29.735,35.764,210.0,276.0,265.0,314.0,INTERMEDIATE,7,True,Haas F1 Team,0 days 00:53:42.298000,Track Clear,15,True,kevin_magnussen,17.6,74.0,996.2,True,22.0,166,1.1,Lap,2024_9,88.298,6.0,2024_9
92.347,32,2,26.551,29.826,35.97,209.0,273.0,263.0,316.0,INTERMEDIATE,7,True,Red Bull Racing,0 days 00:53:43.048000,Track Clear,16,True,perez,17.6,74.0,996.2,True,22.0,166,1.1,Lap,2024_9,88.452,7.0,2024_9
91.705,32,2,27.44,29.447,34.818,213.0,274.0,275.0,308.0,INTERMEDIATE,8,True,Kick Sauber,0 days 00:53:44.289000,Track Clear,17,False,zhou,17.6,74.0,996.2,True,22.0,166,1.1,Lap,2024_9,89.076,8.0,2024_9
91.076,32,3,26.859,29.469,34.748,199.0,274.0,272.0,308.0,INTERMEDIATE,7,True,Haas F1 Team,0 days 00:53:45.730000,Track Clear,18,False,hulkenberg,17.6,74.0,996.2,True,22.0,166,1.1,Lap,2024_9,88.298,6.0,2024_9
89.528,33,2,26.262,28.858,34.408,209.0,273.0,272.0,302.0,INTERMEDIATE,8,True,Red Bull Racing,0 days 00:54:57.569000,Track Clear,1,False,max_verstappen,17.5,75.0,996.2,True,21.7,278,0.5,Lap,2024_9,88.452,7.0,2024_9
89.317,33,2,26.559,28.592,34.166,220.0,276.0,276.0,299.0,INTERMEDIATE,8,True,Mercedes,0 days 00:54:58.743000,Track Clear,2,False,russell,17.5,75.0,996.2,True,21.7,278,0.5,Lap,2024_9,87.0935,2.0,2024_9
89.003,33,2,26.387,28.606,34.01,223.0,274.0,274.0,303.0,INTERMEDIATE,7,True,McLaren,0 days 00:55:00.304000,Track Clear,3,False,norris,17.5,75.0,996.2,True,21.7,278,0.5,Lap,2024_9,86.391,1.0,2024_9
89.655,33,2,26.823,28.879,33.953,212.0,273.0,276.0,307.0,INTERMEDIATE,8,True,McLaren,0 days 00:55:01.073000,Track Clear,4,False,piastri,17.5,75.0,996.2,True,21.7,278,0.5,Lap,2024_9,86.391,1.0,2024_9
88.936,33,2,26.597,28.516,33.823,217.0,276.0,276.0,309.0,INTERMEDIATE,8,True,Mercedes,0 days 00:55:03.270000,Track Clear,5,False,hamilton,17.5,75.0,996.2,True,21.7,278,0.5,Lap,2024_9,87.0935,2.0,2024_9
90.703,33,2,26.979,28.976,34.748,200.0,274.0,273.0,304.0,INTERMEDIATE,8,True,Aston Martin,0 days 00:55:04.751000,Track Clear,6,False,alonso,17.5,75.0,996.2,True,21.7,278,0.5,Lap,2024_9,87.472,3.0,2024_9
90.814,33,1,26.97,29.26,34.584,208.0,276.0,273.0,309.0,INTERMEDIATE,33,True,Racing Bulls,0 days 00:55:05.844000,Track Clear,7,False,tsunoda,17.5,75.0,996.2,True,21.7,278,0.5,Lap,2024_9,88.23150000000001,5.0,2024_9
90.845,33,2,27.133,29.324,34.388,216.0,277.0,276.0,311.0,INTERMEDIATE,8,True,Aston Martin,0 days 00:55:06.284000,Track Clear,8,False,stroll,17.5,75.0,996.2,True,21.7,278,0.5,Lap,2024_9,87.472,3.0,2024_9
90.349,33,2,26.725,29.43,34.194,221.0,276.0,274.0,309.0,INTERMEDIATE,8,True,Williams,0 days 00:55:08.260000,Track Clear,9,False,albon,17.5,75.0,996.2,True,21.7,278,0.5,Lap,2024_9,89.528,9.0,2024_9
90.147,33,1,26.757,29.187,34.203,208.0,272.0,272.0,301.0,INTERMEDIATE,33,True,Alpine,0 days 00:55:10.663000,Track Clear,10,False,ocon,17.5,75.0,996.2,True,21.7,278,0.5,Lap,2024_9,88.21000000000001,4.0,2024_9
89.874,33,2,26.767,28.779,34.328,210.0,277.0,274.0,310.0,INTERMEDIATE,7,True,Racing Bulls,0 days 00:55:11.846000,Track Clear,11,False,ricciardo,17.5,75.0,996.2,True,21.7,278,0.5,Lap,2024_9,88.23150000000001,5.0,2024_9
90.281,33,1,27.042,28.857,34.382,217.0,275.0,273.0,307.0,INTERMEDIATE,33,True,Kick Sauber,0 days 00:55:12.570000,Track Clear,12,False,bottas,17.5,75.0,996.2,True,21.7,278,0.5,Lap,2024_9,89.076,8.0,2024_9
90.702,33,2,27.396,28.845,34.461,196.0,277.0,274.0,310.0,INTERMEDIATE,8,True,Ferrari,0 days 00:55:12.801000,Track Clear,13,False,sainz,17.5,75.0,996.2,True,21.7,278,0.5,Lap,2024_9,90.0575,10.0,2024_9
90.925,33,2,27.706,28.875,34.344,195.0,271.0,271.0,304.0,INTERMEDIATE,8,True,Alpine,0 days 00:55:13.158000,Track Clear,14,False,gasly,17.5,75.0,996.2,True,21.7,278,0.5,Lap,2024_9,88.21000000000001,4.0,2024_9
90.285,33,3,26.812,29.146,34.327,,277.0,276.0,310.0,INTERMEDIATE,8,True,Haas F1 Team,0 days 00:55:14.500000,Track Clear,15,False,kevin_magnussen,17.5,75.0,996.2,True,21.7,278,0.5,Lap,2024_9,88.298,6.0,2024_9
90.413,33,2,26.92,29.289,34.204,215.0,275.0,274.0,310.0,INTERMEDIATE,8,True,Red Bull Racing,0 days 00:55:15.395000,Track Clear,16,False,perez,17.5,75.0,996.2,True,21.7,278,0.5,Lap,2024_9,88.452,7.0,2024_9
91.437,33,2,27.548,29.189,34.7,219.0,275.0,273.0,306.0,INTERMEDIATE,9,True,Kick Sauber,0 days 00:55:15.994000,Track Clear,17,False,zhou,17.5,75.0,996.2,True,21.7,278,0.5,Lap,2024_9,89.076,8.0,2024_9
91.331,33,3,27.547,29.308,34.476,191.0,274.0,273.0,306.0,INTERMEDIATE,8,True,Haas F1 Team,0 days 00:55:16.806000,Track Clear,18,False,hulkenberg,17.5,75.0,996.2,True,21.7,278,0.5,Lap,2024_9,88.298,6.0,2024_9
88.269,33,4,26.249,28.269,33.751,224.0,273.0,269.0,299.0,INTERMEDIATE,2,True,Ferrari,0 days 00:56:23.836000,Track Clear,19,False,leclerc,17.4,76.0,996.1,True,21.5,148,0.7,Lap,2024_9,90.0575,10.0,2024_9
87.754,34,2,25.925,28.289,33.54,219.0,274.0,272.0,303.0,INTERMEDIATE,9,True,Red Bull Racing,0 days 00:56:27.097000,Track Clear,1,False,max_verstappen,17.4,76.0,996.1,True,21.5,148,0.7,Lap,2024_9,88.452,7.0,2024_9
87.683,34,2,26.109,28.101,33.473,228.0,278.0,273.0,301.0,INTERMEDIATE,9,True,Mercedes,0 days 00:56:28.060000,Track Clear,2,False,russell,17.4,76.0,996.1,True,21.5,148,0.7,Lap,2024_9,87.0935,2.0,2024_9
88.097,34,2,25.993,28.449,33.655,,274.0,275.0,302.0,INTERMEDIATE,8,True,McLaren,0 days 00:56:29.307000,Track Clear,3,False,norris,17.4,76.0,996.1,True,21.5,148,0.7,Lap,2024_9,86.391,1.0,2024_9
87.454,34,2,25.881,28.215,33.358,218.0,278.0,278.0,308.0,INTERMEDIATE,9,True,McLaren,0 days 00:56:30.728000,Track Clear,4,False,piastri,17.4,76.0,996.1,True,21.5,148,0.7,Lap,2024_9,86.391,1.0,2024_9
87.36,34,2,25.959,28.0,33.401,223.0,279.0,278.0,308.0,INTERMEDIATE,9,True,Mercedes,0 days 00:56:32.206000,Track Clear,5,False,hamilton,17.4,76.0,996.1,True,21.5,148,0.7,Lap,2024_9,87.0935,2.0,2024_9
88.854,34,2,26.177,28.46,34.217,203.0,276.0,273.0,304.0,INTERMEDIATE,9,True,Aston Martin,0 days 00:56:35.454000,Track Clear,6,False,alonso,17.4,76.0,996.1,True,21.5,148,0.7,Lap,2024_9,87.472,3.0,2024_9
89.198,34,1,26.627,28.549,34.022,207.0,277.0,274.0,308.0,INTERMEDIATE,34,True,Racing Bulls,0 days 00:56:36.658000,Track Clear,7,False,tsunoda,17.4,76.0,996.1,True,21.5,148,0.7,Lap,2024_9,88.23150000000001,5.0,2024_9
89.836,34,2,26.704,29.065,34.067,217.0,277.0,268.0,308.0,INTERMEDIATE,9,True,Aston Martin,0 days 00:56:37.129000,Track Clear,8,True,stroll,17.4,76.0,996.2,True,21.5,12,0.8,Lap,2024_9,87.472,3.0,2024_9
89.966,34,2,26.539,28.908,34.519,220.0,277.0,266.0,308.0,INTERMEDIATE,9,True,Williams,0 days 00:56:38.609000,Track Clear,9,True,albon,17.4,76.0,996.2,True,21.5,12,0.8,Lap,2024_9,89.528,9.0,2024_9
88.896,34,1,26.367,28.521,34.008,224.0,272.0,272.0,300.0,INTERMEDIATE,34,True,Alpine,0 days 00:56:40.810000,Track Clear,10,False,ocon,17.4,76.0,996.2,True,21.5,12,0.8,Lap,2024_9,88.21000000000001,4.0,2024_9
89.15,34,2,26.531,28.64,33.979,217.0,276.0,275.0,309.0,INTERMEDIATE,8,True,Racing Bulls,0 days 00:56:41.720000,Track Clear,11,False,ricciardo,17.4,76.0,996.2,True,21.5,12,0.8,Lap,2024_9,88.23150000000001,5.0,2024_9
88.766,34,1,26.33,28.527,33.909,222.0,277.0,274.0,307.0,INTERMEDIATE,34,True,Kick Sauber,0 days 00:56:42.851000,Track Clear,12,False,bottas,17.4,76.0,996.2,True,21.5,12,0.8,Lap,2024_9,89.076,8.0,2024_9
88.45,34,2,26.283,28.424,33.743,217.0,278.0,275.0,311.0,INTERMEDIATE,9,True,Ferrari,0 days 00:56:43.503000,Track Clear,13,False,sainz,17.4,76.0,996.2,True,21.5,12,0.8,Lap,2024_9,90.0575,10.0,2024_9
88.934,34,2,26.415,28.434,34.085,211.0,271.0,270.0,304.0,INTERMEDIATE,9,True,Alpine,0 days 00:56:44.083000,Track Clear,14,False,gasly,17.4,76.0,996.2,True,21.5,12,0.8,Lap,2024_9,88.21000000000001,4.0,2024_9
89.007,34,3,26.433,28.485,34.089,220.0,278.0,277.0,309.0,INTERMEDIATE,9,True,Haas F1 Team,0 days 00:56:44.785000,Track Clear,15,False,kevin_magnussen,17.4,76.0,996.2,True,21.5,12,0.8,Lap,2024_9,88.298,6.0,2024_9
88.604,34,2,26.336,28.541,33.727,222.0,276.0,277.0,310.0,INTERMEDIATE,9,True,Red Bull Racing,0 days 00:56:45.808000,Track Clear,16,False,perez,17.4,76.0,996.2,True,21.5,12,0.8,Lap,2024_9,88.452,7.0,2024_9
89.049,34,2,26.71,28.505,33.834,225.0,276.0,275.0,307.0,INTERMEDIATE,10,True,Kick Sauber,0 days 00:56:47.431000,Track Clear,17,False,zhou,17.4,76.0,996.2,True,21.5,12,0.8,Lap,2024_9,89.076,8.0,2024_9
89.317,34,3,26.81,28.756,33.751,204.0,276.0,274.0,307.0,INTERMEDIATE,9,True,Haas F1 Team,0 days 00:56:48.137000,Track Clear,18,False,hulkenberg,17.4,76.0,996.2,True,21.5,12,0.8,Lap,2024_9,88.298,6.0,2024_9
88.054,34,4,26.238,28.098,33.718,220.0,270.0,271.0,298.0,INTERMEDIATE,3,True,Ferrari,0 days 00:57:52.105000,Track Clear,19,False,leclerc,17.3,77.0,996.2,True,21.5,144,1.0,Lap,2024_9,90.0575,10.0,2024_9
86.792,35,2,25.478,28.022,33.292,225.0,275.0,273.0,304.0,INTERMEDIATE,10,True,Red Bull Racing,0 days 00:57:54.851000,Track Clear,1,False,max_verstappen,17.3,77.0,996.2,True,21.5,144,1.0,Lap,2024_9,88.452,7.0,2024_9
87.325,35,2,25.948,27.988,33.389,224.0,276.0,274.0,302.0,INTERMEDIATE,10,True,Mercedes,0 days 00:57:55.743000,Track Clear,2,False,russell,17.3,77.0,996.2,True,21.5,144,1.0,Lap,2024_9,87.0935,2.0,2024_9
87.307,35,2,25.616,28.06,33.631,213.0,274.0,275.0,301.0,INTERMEDIATE,9,True,McLaren,0 days 00:57:57.404000,Track Clear,3,False,norris,17.3,77.0,996.2,True,21.5,144,1.0,Lap,2024_9,86.391,1.0,2024_9
87.187,35,2,25.886,27.951,33.35,220.0,278.0,274.0,308.0,INTERMEDIATE,10,True,McLaren,0 days 00:57:58.182000,Track Clear,4,False,piastri,17.3,77.0,996.2,True,21.5,144,1.0,Lap,2024_9,86.391,1.0,2024_9
86.93,35,2,25.58,27.743,33.607,227.0,278.0,276.0,309.0,INTERMEDIATE,10,True,Mercedes,0 days 00:57:59.566000,Track Clear,5,False,hamilton,17.3,77.0,996.2,True,21.5,144,1.0,Lap,2024_9,87.0935,2.0,2024_9
87.872,35,2,25.922,28.079,33.871,205.0,277.0,275.0,304.0,INTERMEDIATE,10,True,Aston Martin,0 days 00:58:04.308000,Track Clear,6,False,alonso,17.3,77.0,996.2,True,21.5,144,1.0,Lap,2024_9,87.472,3.0,2024_9
88.531,35,1,26.236,28.557,33.738,213.0,277.0,274.0,307.0,INTERMEDIATE,35,True,Racing Bulls,0 days 00:58:05.856000,Track Clear,7,False,tsunoda,17.3,77.0,996.2,True,21.5,144,1.0,Lap,2024_9,88.23150000000001,5.0,2024_9
88.065,35,2,26.132,28.218,33.715,221.0,279.0,276.0,306.0,INTERMEDIATE,10,True,Aston Martin,0 days 00:58:06.965000,Track Clear,8,False,stroll,17.3,77.0,996.2,True,21.5,144,1.0,Lap,2024_9,87.472,3.0,2024_9
88.754,35,2,26.614,28.268,33.872,221.0,278.0,277.0,309.0,INTERMEDIATE,10,True,Williams,0 days 00:58:08.575000,Track Clear,9,False,albon,17.3,77.0,996.2,True,21.5,144,1.0,Lap,2024_9,89.528,9.0,2024_9
88.819,35,1,26.562,28.61,33.647,211.0,272.0,275.0,302.0,INTERMEDIATE,35,True,Alpine,0 days 00:58:09.706000,Track Clear,10,False,ocon,17.3,77.0,996.2,True,21.5,144,1.0,Lap,2024_9,88.21000000000001,4.0,2024_9
88.634,35,2,26.238,28.475,33.921,219.0,277.0,275.0,309.0,INTERMEDIATE,9,True,Racing Bulls,0 days 00:58:10.870000,Track Clear,11,False,ricciardo,17.3,77.0,996.2,True,21.5,144,1.0,Lap,2024_9,88.23150000000001,5.0,2024_9
88.408,35,1,26.357,28.147,33.904,220.0,279.0,276.0,309.0,INTERMEDIATE,35,True,Kick Sauber,0 days 00:58:11.617000,Track Clear,12,False,bottas,17.3,77.0,996.2,True,21.5,144,1.0,Lap,2024_9,89.076,8.0,2024_9
88.699,35,2,26.508,28.452,33.739,214.0,278.0,276.0,309.0,INTERMEDIATE,10,True,Ferrari,0 days 00:58:11.953000,Track Clear,13,False,sainz,17.3,77.0,996.2,True,21.5,144,1.0,Lap,2024_9,90.0575,10.0,2024_9
88.432,35,2,26.159,28.443,33.83,213.0,273.0,272.0,303.0,INTERMEDIATE,10,True,Alpine,0 days 00:58:13.017000,Track Clear,14,False,gasly,17.3,77.0,996.2,True,21.5,144,1.0,Lap,2024_9,88.21000000000001,4.0,2024_9
88.5,35,3,26.136,28.466,33.898,227.0,279.0,276.0,310.0,INTERMEDIATE,10,True,Haas F1 Team,0 days 00:58:13.792000,Track Clear,15,False,kevin_magnussen,17.3,77.0,996.2,True,21.5,144,1.0,Lap,2024_9,88.298,6.0,2024_9
88.705,35,2,26.09,28.592,34.023,225.0,277.0,274.0,313.0,INTERMEDIATE,10,True,Red Bull Racing,0 days 00:58:14.412000,Track Clear,16,False,perez,17.3,77.0,996.2,True,21.5,144,1.0,Lap,2024_9,88.452,7.0,2024_9
89.16,35,2,26.322,28.804,34.034,227.0,276.0,274.0,304.0,INTERMEDIATE,11,True,Kick Sauber,0 days 00:58:16.480000,Track Clear,17,False,zhou,17.3,77.0,996.2,True,21.5,144,1.0,Lap,2024_9,89.076,8.0,2024_9
88.716,35,3,26.149,28.523,34.044,212.0,275.0,273.0,306.0,INTERMEDIATE,10,True,Haas F1 Team,0 days 00:58:17.454000,Track Clear,18,False,hulkenberg,17.3,77.0,996.2,True,21.5,144,1.0,Lap,2024_9,88.298,6.0,2024_9
86.269,36,2,25.431,27.746,33.092,233.0,275.0,272.0,300.0,INTERMEDIATE,11,True,Red Bull Racing,0 days 00:59:21.643000,Track Clear,1,False,max_verstappen,17.2,76.0,996.2,True,21.3,39,0.8,Lap,2024_9,88.452,7.0,2024_9
86.649,36,2,25.631,27.588,33.43,225.0,277.0,273.0,303.0,INTERMEDIATE,11,True,Mercedes,0 days 00:59:23.068000,Track Clear,2,False,russell,17.2,76.0,996.2,True,21.3,39,0.8,Lap,2024_9,87.0935,2.0,2024_9
90.236,35,4,25.382,27.633,37.221,235.0,274.0,215.0,238.0,INTERMEDIATE,4,True,Ferrari,0 days 00:59:20.159000,Track Clear,19,False,leclerc,17.2,76.0,996.2,True,21.3,39,0.8,Lap,2024_9,90.0575,10.0,2024_9
86.37,36,2,25.3,27.759,33.311,217.0,278.0,275.0,304.0,INTERMEDIATE,10,True,McLaren,0 days 00:59:24.711000,Track Clear,3,False,norris,17.2,76.0,996.2,True,21.3,39,0.8,Lap,2024_9,86.391,1.0,2024_9
87.062,36,2,25.808,28.04,33.214,224.0,277.0,272.0,309.0,INTERMEDIATE,11,True,McLaren,0 days 00:59:25.369000,Track Clear,4,False,piastri,17.2,76.0,996.2,True,21.3,39,0.8,Lap,2024_9,86.391,1.0,2024_9
86.369,36,2,25.389,27.602,33.378,225.0,282.0,278.0,315.0,INTERMEDIATE,11,True,Mercedes,0 days 00:59:26.496000,Track Clear,5,False,hamilton,17.2,76.0,996.2,True,21.3,39,0.8,Lap,2024_9,87.0935,2.0,2024_9
87.681,36,2,25.937,27.964,33.78,207.0,277.0,273.0,304.0,INTERMEDIATE,11,True,Aston Martin,0 days 00:59:32.180000,Track Clear,6,False,alonso,17.2,76.0,996.2,True,21.3,39,0.8,Lap,2024_9,87.472,3.0,2024_9
87.766,36,1,25.973,28.062,33.731,210.0,277.0,274.0,307.0,INTERMEDIATE,36,True,Racing Bulls,0 days 00:59:34.387000,Track Clear,7,False,tsunoda,17.2,76.0,996.2,True,21.3,39,0.8,Lap,2024_9,88.23150000000001,5.0,2024_9
87.698,36,2,26.022,27.964,33.712,216.0,279.0,275.0,308.0,INTERMEDIATE,11,True,Aston Martin,0 days 00:59:35.030000,Track Clear,8,False,stroll,17.2,76.0,996.2,True,21.3,39,0.8,Lap,2024_9,87.472,3.0,2024_9
88.014,36,2,26.15,28.054,33.81,236.0,278.0,276.0,308.0,INTERMEDIATE,11,True,Williams,0 days 00:59:37.329000,Track Clear,9,False,albon,17.2,76.0,996.2,True,21.3,39,0.8,Lap,2024_9,89.528,9.0,2024_9
87.907,36,1,26.082,28.34,33.485,228.0,273.0,274.0,304.0,INTERMEDIATE,36,True,Alpine,0 days 00:59:38.525000,Track Clear,10,False,ocon,17.2,76.0,996.2,True,21.3,39,0.8,Lap,2024_9,88.21000000000001,4.0,2024_9
88.337,36,2,25.932,28.293,34.112,,278.0,275.0,309.0,INTERMEDIATE,10,True,Racing Bulls,0 days 00:59:39.504000,Track Clear,11,False,ricciardo,17.1,76.0,996.1,False,21.2,185,0.4,Lap,2024_9,88.23150000000001,5.0,2024_9
88.177,36,1,26.033,28.075,34.069,225.0,279.0,276.0,311.0,INTERMEDIATE,36,True,Kick Sauber,0 days 00:59:40.025000,Track Clear,12,False,bottas,17.1,76.0,996.1,False,21.2,185,0.4,Lap,2024_9,89.076,8.0,2024_9
87.905,36,2,25.965,28.073,33.867,226.0,278.0,276.0,315.0,INTERMEDIATE,11,True,Ferrari,0 days 00:59:40.652000,Track Clear,13,False,sainz,17.1,76.0,996.1,False,21.2,185,0.4,Lap,2024_9,90.0575,10.0,2024_9
87.6,36,2,25.805,27.96,33.835,225.0,275.0,270.0,303.0,INTERMEDIATE,11,True,Alpine,0 days 00:59:41.449000,Track Clear,14,False,gasly,17.1,76.0,996.1,False,21.2,185,0.4,Lap,2024_9,88.21000000000001,4.0,2024_9
87.577,36,3,25.695,28.085,33.797,228.0,279.0,271.0,314.0,INTERMEDIATE,11,True,Haas F1 Team,0 days 00:59:42.292000,Track Clear,15,False,kevin_magnussen,17.1,76.0,996.1,False,21.2,185,0.4,Lap,2024_9,88.298,6.0,2024_9
87.346,36,2,25.835,27.964,33.547,227.0,278.0,276.0,314.0,INTERMEDIATE,11,True,Red Bull Racing,0 days 00:59:43.117000,Track Clear,16,False,perez,17.1,76.0,996.1,False,21.2,185,0.4,Lap,2024_9,88.452,7.0,2024_9
87.649,36,2,26.069,27.875,33.705,234.0,277.0,275.0,307.0,INTERMEDIATE,12,True,Kick Sauber,0 days 00:59:45.640000,Track Clear,17,False,zhou,17.1,76.0,996.1,False,21.2,185,0.4,Lap,2024_9,89.076,8.0,2024_9
87.583,36,3,26.237,27.718,33.628,218.0,275.0,276.0,310.0,INTERMEDIATE,11,True,Haas F1 Team,0 days 00:59:46.170000,Track Clear,18,False,hulkenberg,17.1,76.0,996.1,False,21.2,185,0.4,Lap,2024_9,88.298,6.0,2024_9
85.748,37,2,25.017,27.537,33.194,231.0,273.0,272.0,300.0,INTERMEDIATE,12,True,Red Bull Racing,0 days 01:00:47.912000,Track Clear,1,False,max_verstappen,17.0,75.0,996.2,False,21.3,200,1.5,Lap,2024_9,88.452,7.0,2024_9
86.242,37,2,25.818,27.348,33.076,223.0,278.0,273.0,302.0,INTERMEDIATE,12,True,Mercedes,0 days 01:00:49.717000,Track Clear,2,False,russell,17.0,75.0,996.2,False,21.3,200,1.5,Lap,2024_9,87.0935,2.0,2024_9
86.174,37,2,25.387,27.509,33.278,220.0,278.0,274.0,303.0,INTERMEDIATE,11,True,McLaren,0 days 01:00:51.081000,Track Clear,3,False,norris,17.0,75.0,996.2,False,21.3,200,1.5,Lap,2024_9,86.391,1.0,2024_9
85.769,37,2,25.597,27.436,32.736,233.0,279.0,276.0,306.0,INTERMEDIATE,12,True,McLaren,0 days 01:00:52.431000,Track Clear,4,False,piastri,17.0,75.0,996.2,False,21.3,200,1.5,Lap,2024_9,86.391,1.0,2024_9
86.863,37,2,25.753,27.78,33.33,,277.0,275.0,304.0,INTERMEDIATE,12,True,Mercedes,0 days 01:00:52.865000,Track Clear,5,False,hamilton,17.0,75.0,996.2,False,21.3,200,1.5,Lap,2024_9,87.0935,2.0,2024_9
91.95,36,4,30.268,28.154,33.528,220.0,277.0,273.0,305.0,INTERMEDIATE,5,True,Ferrari,0 days 01:00:50.395000,Track Clear,19,False,leclerc,17.0,75.0,996.2,False,21.3,200,1.5,Lap,2024_9,90.0575,10.0,2024_9
87.337,37,2,25.662,27.715,33.96,211.0,278.0,273.0,305.0,INTERMEDIATE,12,True,Aston Martin,0 days 01:00:59.861000,Track Clear,6,False,alonso,17.0,75.0,996.2,False,21.3,200,1.5,Lap,2024_9,87.472,3.0,2024_9
86.869,37,1,25.572,27.801,33.496,217.0,277.0,274.0,307.0,INTERMEDIATE,37,True,Racing Bulls,0 days 01:01:02.153000,Track Clear,7,False,tsunoda,17.0,75.0,996.2,False,21.3,200,1.5,Lap,2024_9,88.23150000000001,5.0,2024_9
87.579,37,2,25.991,27.808,33.78,218.0,278.0,275.0,308.0,INTERMEDIATE,12,True,Aston Martin,0 days 01:01:02.728000,Track Clear,8,False,stroll,17.0,75.0,996.2,False,21.3,200,1.5,Lap,2024_9,87.472,3.0,2024_9
87.411,37,2,25.811,27.866,33.734,,278.0,276.0,308.0,INTERMEDIATE,12,True,Williams,0 days 01:01:05.343000,Track Clear,9,False,albon,17.0,75.0,996.2,False,21.3,200,1.5,Lap,2024_9,89.528,9.0,2024_9
87.67,37,1,26.276,27.971,33.423,227.0,274.0,273.0,302.0,INTERMEDIATE,37,True,Alpine,0 days 01:01:06.432000,Track Clear,10,False,ocon,17.0,75.0,996.2,False,21.3,200,1.5,Lap,2024_9,88.21000000000001,4.0,2024_9
86.916,37,2,25.552,27.996,33.368,230.0,278.0,276.0,309.0,INTERMEDIATE,11,True,Racing Bulls,0 days 01:01:07.841000,Track Clear,11,False,ricciardo,17.0,75.0,996.2,False,21.3,200,1.5,Lap,2024_9,88.23150000000001,5.0,2024_9
87.123,37,1,25.907,27.652,33.564,232.0,275.0,276.0,305.0,INTERMEDIATE,37,True,Kick Sauber,0 days 01:01:08.202000,Track Clear,12,False,bottas,17.0,75.0,996.2,False,21.3,200,1.5,Lap,2024_9,89.076,8.0,2024_9
87.295,37,2,26.094,27.895,33.306,222.0,279.0,277.0,311.0,INTERMEDIATE,12,True,Ferrari,0 days 01:01:08.557000,Track Clear,13,False,sainz,17.0,75.0,996.2,False,21.3,200,1.5,Lap,2024_9,90.0575,10.0,2024_9
87.643,37,2,26.196,27.959,33.488,224.0,272.0,276.0,304.0,INTERMEDIATE,12,True,Alpine,0 days 01:01:09.049000,Track Clear,14,False,gasly,17.0,75.0,996.2,False,21.3,200,1.5,Lap,2024_9,88.21000000000001,4.0,2024_9
87.478,37,2,25.953,28.057,33.468,229.0,279.0,275.0,313.0,INTERMEDIATE,12,True,Red Bull Racing,0 days 01:01:10.463000,Track Clear,15,False,perez,17.0,75.0,996.2,False,21.3,200,1.5,Lap,2024_9,88.452,7.0,2024_9
88.283,37,3,25.96,28.075,34.248,229.0,279.0,280.0,303.0,INTERMEDIATE,12,True,Haas F1 Team,0 days 01:01:09.869000,Track Clear,16,False,kevin_magnussen,17.0,75.0,996.2,False,21.3,200,1.5,Lap,2024_9,88.298,6.0,2024_9
86.971,37,3,26.067,27.772,33.132,,264.0,273.0,319.0,INTERMEDIATE,12,True,Haas F1 Team,0 days 01:01:13.753000,Track Clear,17,False,hulkenberg,17.0,75.0,996.2,False,21.3,200,1.5,Lap,2024_9,88.298,6.0,2024_9
88.11,37,2,25.774,28.385,33.951,231.0,277.0,276.0,308.0,INTERMEDIATE,13,True,Kick Sauber,0 days 01:01:13.289000,Track Clear,18,False,zhou,17.0,75.0,996.2,False,21.3,200,1.5,Lap,2024_9,89.076,8.0,2024_9
85.386,38,2,25.058,27.453,32.875,230.0,274.0,273.0,299.0,INTERMEDIATE,13,True,Red Bull Racing,0 days 01:02:13.660000,Track Clear,1,False,max_verstappen,17.0,76.0,996.1,False,21.3,0,0.8,Lap,2024_9,88.452,7.0,2024_9
85.494,38,2,25.285,27.198,33.011,229.0,279.0,274.0,301.0,INTERMEDIATE,13,True,Mercedes,0 days 01:02:15.959000,Track Clear,2,False,russell,17.0,76.0,996.1,False,21.3,0,0.8,Lap,2024_9,87.0935,2.0,2024_9
85.708,38,2,25.271,27.389,33.048,216.0,278.0,273.0,299.0,INTERMEDIATE,12,True,McLaren,0 days 01:02:17.255000,Track Clear,3,False,norris,17.0,76.0,996.1,False,21.3,0,0.8,Lap,2024_9,86.391,1.0,2024_9
85.804,38,2,25.37,27.715,32.719,,278.0,276.0,306.0,INTERMEDIATE,13,True,McLaren,0 days 01:02:18.200000,Track Clear,4,False,piastri,17.0,76.0,996.1,False,21.3,0,0.8,Lap,2024_9,86.391,1.0,2024_9
85.419,38,2,25.276,27.078,33.065,228.0,280.0,276.0,305.0,INTERMEDIATE,13,True,Mercedes,0 days 01:02:19.728000,Track Clear,5,False,hamilton,17.0,76.0,996.1,False,21.3,0,0.8,Lap,2024_9,87.0935,2.0,2024_9
87.015,37,4,25.527,27.744,33.744,223.0,272.0,274.0,302.0,INTERMEDIATE,6,True,Ferrari,0 days 01:02:22.345000,Track Clear,19,False,leclerc,17.0,76.0,996.1,False,21.3,0,0.8,Lap,2024_9,90.0575,10.0,2024_9
87.139,38,2,25.478,27.611,34.05,213.0,278.0,276.0,305.0,INTERMEDIATE,13,True,Aston Martin,0 days 01:02:27.198000,Track Clear,6,False,alonso,17.0,76.0,996.1,False,21.3,0,0.8,Lap,2024_9,87.472,3.0,2024_9
87.137,38,1,25.782,27.705,33.65,218.0,277.0,275.0,308.0,INTERMEDIATE,38,True,Racing Bulls,0 days 01:02:29.022000,Track Clear,7,False,tsunoda,17.0,76.0,996.1,False,21.3,0,0.8,Lap,2024_9,88.23150000000001,5.0,2024_9
87.075,38,2,25.904,27.716,33.455,220.0,278.0,277.0,308.0,INTERMEDIATE,13,True,Aston Martin,0 days 01:02:30.307000,Track Clear,8,False,stroll,17.0,76.0,996.1,False,21.3,0,0.8,Lap,2024_9,87.472,3.0,2024_9
86.977,38,2,25.843,27.854,33.28,228.0,278.0,277.0,309.0,INTERMEDIATE,13,True,Williams,0 days 01:02:32.754000,Track Clear,9,False,albon,17.0,76.0,996.1,False,21.3,0,0.8,Lap,2024_9,89.528,9.0,2024_9
86.721,38,1,25.459,27.919,33.343,236.0,274.0,277.0,305.0,INTERMEDIATE,38,True,Alpine,0 days 01:02:34.102000,Track Clear,10,False,ocon,17.0,76.0,996.1,False,21.3,0,0.8,Lap,2024_9,88.21000000000001,4.0,2024_9
86.647,38,2,25.636,27.72,33.291,227.0,278.0,280.0,311.0,INTERMEDIATE,12,True,Racing Bulls,0 days 01:02:34.757000,Track Clear,11,False,ricciardo,17.0,76.0,996.1,False,21.3,0,0.8,Lap,2024_9,88.23150000000001,5.0,2024_9
86.822,38,1,25.661,27.65,33.511,,278.0,276.0,307.0,INTERMEDIATE,38,True,Kick Sauber,0 days 01:02:35.325000,Track Clear,12,False,bottas,17.0,76.0,996.1,False,21.3,0,0.8,Lap,2024_9,89.076,8.0,2024_9
86.824,38,2,25.913,27.847,33.064,219.0,277.0,279.0,310.0,INTERMEDIATE,13,True,Ferrari,0 days 01:02:35.852000,Track Clear,13,False,sainz,17.0,76.0,996.1,False,21.3,0,0.8,Lap,2024_9,90.0575,10.0,2024_9
86.753,38,2,25.69,27.779,33.284,227.0,276.0,275.0,306.0,INTERMEDIATE,13,True,Alpine,0 days 01:02:36.692000,Track Clear,14,False,gasly,17.0,76.0,996.1,False,21.3,0,0.8,Lap,2024_9,88.21000000000001,4.0,2024_9
86.96,38,2,26.08,27.76,33.12,227.0,279.0,277.0,309.0,INTERMEDIATE,13,True,Red Bull Racing,0 days 01:02:37.941000,Track Clear,15,False,perez,17.0,76.0,996.1,False,21.3,0,0.8,Lap,2024_9,88.452,7.0,2024_9
87.86,38,3,26.381,28.031,33.448,230.0,280.0,278.0,312.0,INTERMEDIATE,13,True,Haas F1 Team,0 days 01:02:38.152000,Track Clear,16,False,kevin_magnussen,17.0,76.0,996.1,False,21.3,0,0.8,Lap,2024_9,88.298,6.0,2024_9
86.001,38,3,25.597,27.344,33.06,225.0,278.0,275.0,308.0,INTERMEDIATE,13,True,Haas F1 Team,0 days 01:02:40.724000,Track Clear,17,False,hulkenberg,17.0,76.0,996.1,False,21.3,0,0.8,Lap,2024_9,88.298,6.0,2024_9
87.928,38,2,26.24,28.15,33.538,228.0,278.0,276.0,307.0,INTERMEDIATE,14,True,Kick Sauber,0 days 01:02:41.399000,Track Clear,18,False,zhou,17.1,76.0,996.2,False,21.2,0,0.7,Lap,2024_9,89.076,8.0,2024_9
84.859,39,2,24.789,27.239,32.831,233.0,275.0,273.0,301.0,INTERMEDIATE,14,True,Red Bull Racing,0 days 01:03:39.046000,Track Clear,1,False,max_verstappen,17.1,76.0,996.2,False,21.2,0,0.7,Lap,2024_9,88.452,7.0,2024_9
85.417,39,2,25.338,27.092,32.987,217.0,277.0,275.0,302.0,INTERMEDIATE,14,True,Mercedes,0 days 01:03:41.453000,Track Clear,2,False,russell,17.1,76.0,996.1,False,21.2,207,1.5,Lap,2024_9,87.0935,2.0,2024_9
85.412,39,2,25.375,27.171,32.866,224.0,278.0,275.0,300.0,INTERMEDIATE,13,True,McLaren,0 days 01:03:42.963000,Track Clear,3,False,norris,17.1,76.0,996.1,False,21.2,207,1.5,Lap,2024_9,86.391,1.0,2024_9
85.154,39,2,25.049,27.352,32.753,236.0,280.0,277.0,308.0,INTERMEDIATE,14,True,McLaren,0 days 01:03:44.004000,Track Clear,4,False,piastri,17.1,76.0,996.1,False,21.2,207,1.5,Lap,2024_9,86.391,1.0,2024_9
84.911,39,2,24.873,27.064,32.974,235.0,280.0,277.0,309.0,INTERMEDIATE,14,True,Mercedes,0 days 01:03:45.147000,Track Clear,5,False,hamilton,17.1,76.0,996.1,False,21.2,207,1.5,Lap,2024_9,87.0935,2.0,2024_9
87.575,38,4,25.844,28.214,33.517,227.0,277.0,275.0,304.0,INTERMEDIATE,7,True,Ferrari,0 days 01:03:49.360000,Track Clear,19,False,leclerc,17.1,76.0,996.1,False,21.2,207,1.5,Lap,2024_9,90.0575,10.0,2024_9
86.045,39,2,25.29,27.476,33.279,,279.0,277.0,306.0,INTERMEDIATE,14,True,Aston Martin,0 days 01:03:54.337000,Track Clear,6,False,alonso,17.1,76.0,996.1,False,21.2,207,1.5,Lap,2024_9,87.472,3.0,2024_9
86.152,39,1,25.384,27.507,33.261,225.0,278.0,277.0,308.0,INTERMEDIATE,39,True,Racing Bulls,0 days 01:03:56.159000,Track Clear,7,False,tsunoda,17.1,76.0,996.1,False,21.2,207,1.5,Lap,2024_9,88.23150000000001,5.0,2024_9
86.61,39,2,25.641,27.56,33.409,212.0,279.0,277.0,307.0,INTERMEDIATE,14,True,Aston Martin,0 days 01:03:57.382000,Track Clear,8,False,stroll,17.1,76.0,996.1,False,21.2,207,1.5,Lap,2024_9,87.472,3.0,2024_9
86.457,39,2,25.599,27.59,33.268,227.0,278.0,278.0,309.0,INTERMEDIATE,14,True,Williams,0 days 01:03:59.731000,Track Clear,9,False,albon,17.1,76.0,996.1,False,21.2,207,1.5,Lap,2024_9,89.528,9.0,2024_9
86.213,39,1,25.41,27.799,33.004,227.0,276.0,277.0,306.0,INTERMEDIATE,39,True,Alpine,0 days 01:04:00.823000,Track Clear,10,False,ocon,17.1,76.0,996.1,False,21.2,207,1.5,Lap,2024_9,88.21000000000001,4.0,2024_9
86.446,39,2,25.639,27.57,33.237,228.0,279.0,275.0,312.0,INTERMEDIATE,13,True,Racing Bulls,0 days 01:04:01.404000,Track Clear,11,False,ricciardo,17.1,76.0,996.1,False,21.2,207,1.5,Lap,2024_9,88.23150000000001,5.0,2024_9
86.502,39,1,25.475,27.548,33.479,222.0,276.0,274.0,306.0,INTERMEDIATE,39,True,Kick Sauber,0 days 01:04:02.147000,Track Clear,12,False,bottas,17.1,76.0,996.1,False,21.2,207,1.5,Lap,2024_9,89.076,8.0,2024_9
87.238,39,2,26.33,27.766,33.142,227.0,278.0,277.0,306.0,INTERMEDIATE,14,True,Ferrari,0 days 01:04:02.676000,Track Clear,13,False,sainz,17.1,76.0,996.1,False,21.2,207,1.5,Lap,2024_9,90.0575,10.0,2024_9
87.411,39,2,26.021,27.95,33.44,226.0,276.0,276.0,306.0,INTERMEDIATE,14,True,Alpine,0 days 01:04:03.445000,Track Clear,14,False,gasly,17.1,76.0,996.1,False,21.2,207,1.5,Lap,2024_9,88.21000000000001,4.0,2024_9
86.56,39,2,25.403,27.559,33.598,,282.0,278.0,311.0,INTERMEDIATE,14,True,Red Bull Racing,0 days 01:04:04.901000,Track Clear,15,False,perez,17.1,76.0,996.1,False,21.2,207,1.5,Lap,2024_9,88.452,7.0,2024_9
86.726,39,3,25.63,27.689,33.407,235.0,278.0,278.0,308.0,INTERMEDIATE,14,True,Haas F1 Team,0 days 01:04:06.012000,Track Clear,16,False,kevin_magnussen,17.1,76.0,996.1,False,21.2,207,1.5,Lap,2024_9,88.298,6.0,2024_9
86.349,39,3,25.718,27.454,33.177,227.0,276.0,277.0,309.0,INTERMEDIATE,14,True,Haas F1 Team,0 days 01:04:06.725000,Track Clear,17,False,hulkenberg,17.1,76.0,996.1,False,21.2,207,1.5,Lap,2024_9,88.298,6.0,2024_9
87.877,39,2,25.721,28.297,33.859,239.0,276.0,275.0,305.0,INTERMEDIATE,15,True,Kick Sauber,0 days 01:04:09.327000,Track Clear,18,False,zhou,17.1,76.0,996.1,False,21.2,207,1.5,Lap,2024_9,89.076,8.0,2024_9
84.711,40,2,24.919,27.152,32.64,229.0,275.0,274.0,301.0,INTERMEDIATE,15,True,Red Bull Racing,0 days 01:05:03.905000,Track Clear,1,False,max_verstappen,17.1,76.0,996.1,False,21.2,119,1.2,Lap,2024_9,88.452,7.0,2024_9
84.556,40,2,24.91,26.871,32.775,240.0,278.0,277.0,303.0,INTERMEDIATE,15,True,Mercedes,0 days 01:05:06.870000,Track Clear,2,False,russell,17.1,76.0,996.1,False,21.2,119,1.2,Lap,2024_9,87.0935,2.0,2024_9
84.203,40,2,24.84,26.754,32.609,238.0,279.0,275.0,301.0,INTERMEDIATE,14,True,McLaren,0 days 01:05:08.375000,Track Clear,3,False,norris,17.1,76.0,996.1,False,21.2,119,1.2,Lap,2024_9,86.391,1.0,2024_9
84.439,40,2,24.969,26.999,32.471,242.0,280.0,278.0,307.0,INTERMEDIATE,15,True,McLaren,0 days 01:05:09.158000,Track Clear,4,False,piastri,17.1,76.0,996.1,False,21.2,119,1.2,Lap,2024_9,86.391,1.0,2024_9
83.88,40,2,24.774,26.776,32.33,238.0,282.0,286.0,328.0,INTERMEDIATE,15,True,Mercedes,0 days 01:05:10.058000,Track Clear,5,False,hamilton,17.1,76.0,996.1,False,21.2,119,1.2,Lap,2024_9,87.0935,2.0,2024_9
86.012,39,4,25.534,27.34,33.138,226.0,276.0,275.0,303.0,INTERMEDIATE,8,True,Ferrari,0 days 01:05:16.935000,Track Clear,19,False,leclerc,17.1,76.0,996.1,False,21.2,119,1.2,Lap,2024_9,90.0575,10.0,2024_9
85.596,40,2,25.151,27.25,33.195,218.0,279.0,277.0,307.0,INTERMEDIATE,15,True,Aston Martin,0 days 01:05:20.382000,Track Clear,6,False,alonso,17.1,76.0,996.1,False,21.2,119,1.2,Lap,2024_9,87.472,3.0,2024_9
85.706,40,1,25.146,27.22,33.34,232.0,279.0,276.0,309.0,INTERMEDIATE,40,True,Racing Bulls,0 days 01:05:22.311000,Track Clear,7,False,tsunoda,17.1,76.0,996.1,False,21.2,119,1.2,Lap,2024_9,88.23150000000001,5.0,2024_9
85.379,40,2,25.198,27.238,32.943,224.0,278.0,277.0,309.0,INTERMEDIATE,15,True,Aston Martin,0 days 01:05:23.992000,Track Clear,8,False,stroll,17.1,76.0,996.1,False,21.2,119,1.2,Lap,2024_9,87.472,3.0,2024_9
85.607,40,2,25.319,27.315,32.973,237.0,279.0,278.0,308.0,INTERMEDIATE,15,True,Williams,0 days 01:05:26.188000,Track Clear,9,False,albon,17.1,76.0,996.1,False,21.2,119,1.2,Lap,2024_9,89.528,9.0,2024_9
85.435,40,1,25.339,27.402,32.694,232.0,276.0,283.0,320.0,INTERMEDIATE,40,True,Alpine,0 days 01:05:27.036000,Track Clear,10,False,ocon,17.1,76.0,996.1,False,21.2,119,1.2,Lap,2024_9,88.21000000000001,4.0,2024_9
86.329,40,2,25.728,27.512,33.089,231.0,278.0,276.0,311.0,INTERMEDIATE,14,True,Racing Bulls,0 days 01:05:27.850000,Track Clear,11,False,ricciardo,17.1,76.0,996.1,False,21.2,119,1.2,Lap,2024_9,88.23150000000001,5.0,2024_9
86.024,40,1,25.824,27.312,32.888,237.0,279.0,284.0,322.0,INTERMEDIATE,40,True,Kick Sauber,0 days 01:05:28.649000,Track Clear,12,False,bottas,17.1,76.0,996.1,False,21.2,119,1.2,Lap,2024_9,89.076,8.0,2024_9
86.208,40,2,25.767,27.337,33.104,226.0,278.0,276.0,310.0,INTERMEDIATE,15,True,Ferrari,0 days 01:05:29.914000,Track Clear,13,False,sainz,17.1,76.0,996.1,False,21.2,119,1.2,Lap,2024_9,90.0575,10.0,2024_9
85.83,40,2,25.45,27.605,32.775,236.0,277.0,287.0,330.0,INTERMEDIATE,15,True,Red Bull Racing,0 days 01:05:31.461000,Track Clear,14,False,perez,17.1,76.0,996.1,False,21.2,119,1.2,Lap,2024_9,88.452,7.0,2024_9
86.231,40,3,25.488,27.467,33.276,233.0,279.0,278.0,312.0,INTERMEDIATE,15,True,Haas F1 Team,0 days 01:05:32.738000,Track Clear,15,False,kevin_magnussen,17.1,76.0,996.1,False,21.2,119,1.2,Lap,2024_9,88.298,6.0,2024_9
87.576,40,3,27.31,27.162,33.104,220.0,277.0,274.0,308.0,INTERMEDIATE,15,True,Haas F1 Team,0 days 01:05:33.074000,Track Clear,16,False,hulkenberg,17.1,76.0,996.1,False,21.2,119,1.2,Lap,2024_9,88.298,6.0,2024_9
87.729,40,2,26.307,27.93,33.492,233.0,277.0,276.0,306.0,INTERMEDIATE,16,True,Kick Sauber,0 days 01:05:37.204000,Track Clear,17,False,zhou,17.1,76.0,996.1,False,21.2,119,1.2,Lap,2024_9,89.076,8.0,2024_9
84.079,42,2,24.743,26.686,32.65,225.0,276.0,274.0,302.0,INTERMEDIATE,17,True,Red Bull Racing,0 days 01:07:52.775000,Track Clear,1,False,max_verstappen,17.3,75.0,996.1,False,22.9,43,1.2,Lap,2024_9,88.452,7.0,2024_9
85.692,42,2,26.134,26.869,32.689,237.0,277.0,276.0,303.0,INTERMEDIATE,17,True,Mercedes,0 days 01:07:55.209000,Track Clear,2,False,russell,17.3,75.0,996.1,False,22.9,43,1.2,Lap,2024_9,87.0935,2.0,2024_9
84.928,42,2,25.792,26.888,32.248,231.0,278.0,283.0,318.0,INTERMEDIATE,16,True,McLaren,0 days 01:07:56.505000,Track Clear,3,True,norris,17.3,75.0,996.1,False,22.9,43,1.2,Lap,2024_9,86.391,1.0,2024_9
84.547,42,2,25.092,27.093,32.362,229.0,280.0,287.0,326.0,INTERMEDIATE,17,True,McLaren,0 days 01:07:57.535000,Track Clear,4,False,piastri,17.3,75.0,996.1,False,22.9,43,1.2,Lap,2024_9,86.391,1.0,2024_9
84.413,42,2,24.958,27.144,32.311,236.0,278.0,290.0,330.0,INTERMEDIATE,17,True,Mercedes,0 days 01:07:58.310000,Track Clear,5,False,hamilton,17.3,75.0,996.1,False,22.9,43,1.2,Lap,2024_9,87.0935,2.0,2024_9
84.768,42,2,24.857,26.923,32.988,228.0,277.0,286.0,324.0,INTERMEDIATE,17,True,Aston Martin,0 days 01:08:11.196000,Track Clear,6,False,alonso,17.3,75.0,996.1,False,22.9,43,1.2,Lap,2024_9,87.472,3.0,2024_9
84.661,42,1,24.816,26.859,32.986,,280.0,279.0,313.0,INTERMEDIATE,42,True,Racing Bulls,0 days 01:08:13.350000,Track Clear,7,False,tsunoda,17.3,75.0,996.1,False,22.9,43,1.2,Lap,2024_9,88.23150000000001,5.0,2024_9
85.264,42,2,25.126,27.136,33.002,231.0,278.0,277.0,309.0,INTERMEDIATE,17,True,Aston Martin,0 days 01:08:15.468000,Track Clear,8,False,stroll,17.3,75.0,996.1,False,22.9,43,1.2,Lap,2024_9,87.472,3.0,2024_9
85.693,42,2,25.53,27.022,33.141,236.0,280.0,276.0,311.0,INTERMEDIATE,17,True,Williams,0 days 01:08:17.017000,Track Clear,9,False,albon,17.3,75.0,996.1,False,22.9,43,1.2,Lap,2024_9,89.528,9.0,2024_9
85.187,42,1,25.07,27.075,33.042,236.0,279.0,276.0,328.0,INTERMEDIATE,42,True,Alpine,0 days 01:08:18.018000,Track Clear,10,False,ocon,17.3,75.0,996.1,False,22.9,43,1.2,Lap,2024_9,88.21000000000001,4.0,2024_9
85.748,42,2,25.463,27.053,33.232,,278.0,278.0,307.0,INTERMEDIATE,16,True,Racing Bulls,0 days 01:08:19.961000,Track Clear,11,False,ricciardo,17.3,75.0,996.1,False,22.9,43,1.2,Lap,2024_9,88.23150000000001,5.0,2024_9
85.861,42,2,25.407,27.407,33.047,225.0,276.0,277.0,310.0,INTERMEDIATE,17,True,Ferrari,0 days 01:08:21.997000,Track Clear,12,False,sainz,17.3,75.0,996.1,False,22.9,43,1.2,Lap,2024_9,90.0575,10.0,2024_9
85.681,42,2,25.395,27.307,32.979,228.0,280.0,289.0,328.0,INTERMEDIATE,17,True,Red Bull Racing,0 days 01:08:22.524000,Track Clear,13,False,perez,17.3,75.0,996.1,False,22.9,43,1.2,Lap,2024_9,88.452,7.0,2024_9
85.838,42,3,25.133,27.617,33.088,233.0,275.0,273.0,306.0,INTERMEDIATE,17,True,Haas F1 Team,0 days 01:08:26.439000,Track Clear,14,False,hulkenberg,17.3,75.0,996.1,False,22.9,43,1.2,Lap,2024_9,88.298,6.0,2024_9
87.01,42,2,25.575,27.856,33.579,235.0,275.0,276.0,304.0,INTERMEDIATE,18,True,Kick Sauber,0 days 01:08:32.306000,Track Clear,15,False,zhou,17.3,75.0,996.1,False,22.9,43,1.2,Lap,2024_9,89.076,8.0,2024_9
84.292,43,2,24.613,26.76,32.919,229.0,276.0,274.0,302.0,INTERMEDIATE,18,True,Red Bull Racing,0 days 01:09:16.854000,Track Clear,1,False,max_verstappen,17.5,77.0,996.1,False,23.9,342,0.5,Lap,2024_9,88.452,7.0,2024_9
83.694,43,2,24.611,26.374,32.709,243.0,279.0,277.0,302.0,INTERMEDIATE,18,True,Mercedes,0 days 01:09:20.901000,Track Clear,2,False,russell,17.5,77.0,996.1,False,23.9,342,0.5,Lap,2024_9,87.0935,2.0,2024_9
83.671,43,2,24.796,26.451,32.424,229.0,278.0,285.0,321.0,INTERMEDIATE,17,True,McLaren,0 days 01:09:21.433000,Track Clear,3,False,norris,17.5,77.0,996.1,False,23.9,342,0.5,Lap,2024_9,86.391,1.0,2024_9
84.465,43,2,24.949,26.928,32.588,243.0,280.0,278.0,309.0,INTERMEDIATE,18,True,McLaren,0 days 01:09:22.082000,Track Clear,4,False,piastri,17.5,77.0,996.1,False,23.9,342,0.5,Lap,2024_9,86.391,1.0,2024_9
84.453,43,2,24.532,26.758,33.163,233.0,278.0,276.0,304.0,INTERMEDIATE,18,True,Aston Martin,0 days 01:09:35.964000,Track Clear,5,False,alonso,17.5,77.0,996.1,False,23.9,342,0.5,Lap,2024_9,87.472,3.0,2024_9
84.662,43,1,24.892,26.631,33.139,236.0,280.0,277.0,308.0,INTERMEDIATE,43,True,Racing Bulls,0 days 01:09:38.011000,Track Clear,6,False,tsunoda,17.5,77.0,996.1,False,23.9,342,0.5,Lap,2024_9,88.23150000000001,5.0,2024_9
85.612,43,2,25.17,27.325,33.117,233.0,278.0,277.0,306.0,INTERMEDIATE,18,True,Aston Martin,0 days 01:09:40.732000,Track Clear,8,False,stroll,17.5,77.0,996.1,False,23.9,342,0.5,Lap,2024_9,87.472,3.0,2024_9
84.927,43,1,25.331,26.992,32.604,231.0,278.0,282.0,323.0,INTERMEDIATE,43,True,Alpine,0 days 01:09:43.205000,Track Clear,9,False,ocon,17.7,77.0,996.1,False,24.9,187,0.8,Lap,2024_9,88.21000000000001,4.0,2024_9
86.284,43,2,25.238,27.078,33.968,243.0,279.0,277.0,305.0,INTERMEDIATE,18,True,Williams,0 days 01:09:42.710000,Track Clear,10,False,albon,17.7,77.0,996.1,False,24.9,187,0.8,Lap,2024_9,89.528,9.0,2024_9
86.465,43,3,24.952,27.861,33.652,234.0,274.0,274.0,304.0,INTERMEDIATE,18,True,Haas F1 Team,0 days 01:09:52.277000,Track Clear,11,False,hulkenberg,17.7,77.0,996.1,False,24.9,187,0.8,Lap,2024_9,88.298,6.0,2024_9
87.246,43,2,25.811,27.815,33.62,236.0,276.0,275.0,303.0,INTERMEDIATE,19,True,Kick Sauber,0 days 01:09:59.316000,Track Clear,12,False,zhou,17.7,77.0,996.1,False,24.9,187,0.8,Lap,2024_9,89.076,8.0,2024_9
84.381,44,2,24.691,26.683,33.007,237.0,275.0,274.0,301.0,INTERMEDIATE,19,True,Red Bull Racing,0 days 01:10:41.146000,Track Clear,1,False,max_verstappen,17.7,77.0,996.1,False,24.9,187,0.8,Lap,2024_9,88.452,7.0,2024_9
84.325,44,2,24.985,26.913,32.427,247.0,278.0,278.0,303.0,INTERMEDIATE,19,True,Mercedes,0 days 01:10:44.595000,Track Clear,2,False,russell,17.9,75.0,996.1,False,25.7,237,0.5,Lap,2024_9,87.0935,2.0,2024_9
84.247,44,2,25.279,26.354,32.614,231.0,282.0,288.0,320.0,INTERMEDIATE,18,True,McLaren,0 days 01:10:45.104000,Track Clear,3,False,norris,17.9,75.0,996.1,False,25.7,237,0.5,Lap,2024_9,86.391,1.0,2024_9
83.569,45,2,24.748,26.533,32.288,239.0,278.0,284.0,316.0,INTERMEDIATE,19,True,McLaren,0 days 01:12:09.351000,Track Clear,1,False,norris,18.2,76.0,996.1,False,25.9,52,0.6,Lap,2024_9,86.391,1.0,2024_9
83.272,46,2,24.28,26.229,32.763,242.0,278.0,275.0,299.0,INTERMEDIATE,20,True,McLaren,0 days 01:13:32.920000,Track Clear,1,False,norris,18.4,74.0,996.2,False,26.1,4,0.8,Lap,2024_9,86.391,1.0,2024_9
79.364,3,1,23.249,32.086,24.029,266.0,269.0,273.0,324.0,SOFT,6,False,Red Bull Racing,0 days 00:59:40.378000,Track Clear,1,False,max_verstappen,24.1,67.0,1001.4,True,38.7,150,3.2,Lap,2024_10,79.8245,1.0,2024_10
81.103,3,1,24.547,32.436,24.12,261.0,269.0,275.0,294.0,SOFT,6,False,Mercedes,0 days 00:59:39.746000,Track Clear,2,False,russell,24.1,67.0,1001.4,True,38.7,150,3.2,Lap,2024_10,79.979,4.0,2024_10
80.243,3,1,23.9,32.182,24.161,254.0,267.0,277.0,321.0,SOFT,3,True,McLaren,0 days 00:59:41.489000,Track Clear,3,False,norris,24.1,67.0,1001.4,True,38.7,150,3.2,Lap,2024_10,79.854,2.0,2024_10
80.421,3,1,23.619,32.545,24.257,259.0,264.0,277.0,328.0,SOFT,6,False,Mercedes,0 days 00:59:42.356000,Track Clear,4,False,hamilton,24.1,67.0,1001.4,True,38.7,150,3.2,Lap,2024_10,79.979,4.0,2024_10
80.046,3,1,23.274,32.6,24.172,255.0,269.0,276.0,334.0,SOFT,3,True,Ferrari,0 days 00:59:44.072000,Track Clear,5,True,sainz,24.1,67.0,1001.4,True,38.7,150,3.2,Lap,2024_10,79.9665,3.0,2024_10
81.287,3,1,24.178,32.792,24.317,253.0,273.0,278.0,307.0,SOFT,3,True,Ferrari,0 days 00:59:43.586000,Track Clear,6,False,leclerc,24.1,67.0,1001.4,True,38.7,150,3.2,Lap,2024_10,79.9665,3.0,2024_10
80.806,3,1,23.706,32.595,24.505,262.0,264.0,275.0,320.0,SOFT,6,False,Alpine,0 days 00:59:45.062000,Track Clear,7,False,gasly,24.1,67.0,1001.4,True,38.7,150,3.2,Lap,2024_10,80.604,5.0,2024_10
80.765,3,1,23.771,32.438,24.556,263.0,274.0,274.0,323.0,SOFT,6,False,McLaren,0 days 00:59:46.001000,Track Clear,8,False,piastri,24.1,67.0,1001.4,True,38.7,150,3.2,Lap,2024_10,79.854,2.0,2024_10
80.809,3,1,23.898,32.515,24.396,263.0,268.0,276.0,325.0,SOFT,6,False,Alpine,0 days 00:59:46.798000,Track Clear,9,False,ocon,24.1,67.0,1001.4,True,38.7,150,3.2,Lap,2024_10,80.604,5.0,2024_10
81.383,3,1,24.077,32.734,24.572,257.0,278.0,273.0,334.0,SOFT,3,True,Haas F1 Team,0 days 00:59:47.375000,Track Clear,10,False,hulkenberg,24.1,67.0,1001.4,True,38.7,150,3.2,Lap,2024_10,81.126,6.0,2024_10
81.849,3,1,24.119,33.112,24.618,249.0,262.0,270.0,328.0,SOFT,6,False,Red Bull Racing,0 days 00:59:48.170000,Track Clear,11,False,perez,24.1,67.0,1001.4,True,38.7,150,3.2,Lap,2024_10,79.8245,1.0,2024_10
81.912,3,1,24.139,33.133,24.64,256.0,259.0,274.0,329.0,SOFT,3,True,Aston Martin,0 days 00:59:49.012000,Track Clear,12,False,alonso,24.1,67.0,1001.4,True,38.7,150,3.2,Lap,2024_10,81.2055,7.0,2024_10
82.004,3,1,24.137,33.141,24.726,245.0,246.0,278.0,334.0,SOFT,3,True,Aston Martin,0 days 00:59:49.514000,Track Clear,13,False,stroll,24.1,67.0,1001.4,True,38.7,150,3.2,Lap,2024_10,81.2055,7.0,2024_10
82.113,3,1,24.067,33.276,24.77,249.0,251.0,277.0,333.0,SOFT,3,True,Kick Sauber,0 days 00:59:50.037000,Track Clear,14,False,bottas,24.1,67.0,1001.4,True,38.7,150,3.2,Lap,2024_10,81.3775,8.0,2024_10
82.193,3,1,24.042,33.254,24.897,258.0,257.0,276.0,332.0,SOFT,3,True,Racing Bulls,0 days 00:59:50.602000,Track Clear,15,False,tsunoda,24.1,67.0,1001.4,True,38.7,150,3.2,Lap,2024_10,81.493,9.0,2024_10
82.102,3,1,23.884,33.381,24.837,245.0,258.0,278.0,337.0,SOFT,3,True,Haas F1 Team,0 days 00:59:51.027000,Track Clear,16,False,kevin_magnussen,24.1,67.0,1001.4,True,38.7,150,3.2,Lap,2024_10,81.126,6.0,2024_10
82.516,3,1,24.001,33.487,25.028,231.0,248.0,278.0,337.0,SOFT,3,True,Kick Sauber,0 days 00:59:51.389000,Track Clear,17,False,zhou,24.1,67.0,1001.4,True,38.7,150,3.2,Lap,2024_10,81.3775,8.0,2024_10
82.652,3,1,24.091,33.457,25.104,246.0,260.0,279.0,336.0,SOFT,3,True,Racing Bulls,0 days 00:59:51.793000,Track Clear,18,False,ricciardo,24.1,67.0,1001.4,True,38.7,150,3.2,Lap,2024_10,81.493,9.0,2024_10
82.491,3,1,24.195,33.352,24.944,249.0,253.0,275.0,329.0,SOFT,3,True,Williams,0 days 00:59:52.441000,Track Clear,19,True,sargeant,24.1,67.0,1001.4,True,38.7,150,3.2,Lap,2024_10,81.884,10.0,2024_10
82.171,3,1,24.344,32.927,24.9,260.0,257.0,278.0,310.0,MEDIUM,3,True,Williams,0 days 00:59:53.458000,Track Clear,20,False,albon,24.1,67.0,1001.4,True,38.7,150,3.2,Lap,2024_10,81.884,10.0,2024_10
98.735,17,1,30.742,39.546,28.447,274.0,248.0,233.0,285.0,SOFT,17,True,Alpine,0 days 01:23:32.084000,Track Clear,18,False,ocon,16.6,60.0,992.1,True,23.9,59,1.6,Lap,2024_12,95.488,10.0,2024_12
98.106,17,2,30.887,39.097,28.122,287.0,254.0,212.0,298.0,MEDIUM,5,True,Kick Sauber,0 days 01:23:51.715000,Track Clear,19,False,zhou,16.6,60.0,992.1,True,23.9,59,1.6,Lap,2024_12,95.012,9.0,2024_12
95.071,18,1,29.752,37.612,27.707,311.0,262.0,207.0,318.0,MEDIUM,18,True,Mercedes,0 days 01:24:20.594000,Track Clear,1,False,hamilton,16.6,60.0,992.1,True,23.9,59,1.6,Lap,2024_12,91.731,1.0,2024_12
96.365,18,1,30.185,37.731,28.449,293.0,255.0,217.0,302.0,MEDIUM,18,True,Mercedes,0 days 01:24:19.761000,Track Clear,2,False,russell,16.6,60.0,992.1,True,23.9,59,1.6,Lap,2024_12,91.731,1.0,2024_12
94.125,18,1,29.647,37.024,27.454,290.0,257.0,222.0,302.0,MEDIUM,18,True,McLaren,0 days 01:24:24.038000,Track Clear,3,False,norris,16.6,60.0,992.1,True,23.9,59,1.6,Lap,2024_12,91.926,2.0,2024_12
94.269,18,1,29.775,37.25,27.244,289.0,246.0,230.0,297.0,MEDIUM,18,True,McLaren,0 days 01:24:26.314000,Track Clear,4,False,piastri,16.6,60.0,992.1,True,23.9,59,1.6,Lap,2024_12,91.926,2.0,2024_12
96.172,18,1,30.085,37.891,28.196,307.0,253.0,217.0,294.0,MEDIUM,18,True,Red Bull Racing,0 days 01:24:26.642000,Track Clear,5,False,max_verstappen,16.6,60.0,992.1,True,23.9,59,1.6,Lap,2024_12,92.871,5.0,2024_12
94.31,18,1,29.965,37.529,26.816,291.0,255.0,233.0,302.0,MEDIUM,18,True,Ferrari,0 days 01:24:32.145000,Track Clear,6,False,sainz,16.4,63.0,992.0,True,23.2,103,1.5,Lap,2024_12,92.705,3.0,2024_12
95.951,18,1,30.445,38.347,27.159,283.0,252.0,225.0,295.0,MEDIUM,18,True,Ferrari,0 days 01:24:39.065000,Track Clear,7,False,leclerc,16.4,63.0,992.0,True,23.2,103,1.5,Lap,2024_12,92.705,3.0,2024_12
95.789,18,1,30.294,37.877,27.618,291.0,257.0,232.0,324.0,MEDIUM,18,True,Aston Martin,0 days 01:24:40.399000,Track Clear,8,False,stroll,16.4,63.0,992.0,True,23.2,103,1.5,Lap,2024_12,92.7645,4.0,2024_12
95.834,18,1,30.157,38.039,27.638,311.0,258.0,210.0,325.0,MEDIUM,18,True,Haas F1 Team,0 days 01:24:40.988000,Track Clear,9,False,hulkenberg,16.4,63.0,992.0,True,23.2,103,1.5,Lap,2024_12,93.05449999999999,6.0,2024_12
95.88,18,1,30.038,38.583,27.259,322.0,258.0,222.0,332.0,MEDIUM,18,True,Aston Martin,0 days 01:24:41.119000,Track Clear,10,False,alonso,16.4,63.0,992.0,True,23.2,103,1.5,Lap,2024_12,92.7645,4.0,2024_12
95.392,18,1,30.274,37.869,27.249,295.0,252.0,229.0,304.0,MEDIUM,18,True,Racing Bulls,0 days 01:24:44.847000,Track Clear,11,False,tsunoda,16.4,63.0,992.0,True,23.2,103,1.5,Lap,2024_12,93.253,8.0,2024_12
95.323,18,1,30.198,37.694,27.431,308.0,253.0,225.0,321.0,MEDIUM,18,True,Williams,0 days 01:24:45.696000,Track Clear,12,False,albon,16.4,63.0,992.0,True,23.2,103,1.5,Lap,2024_12,93.098,7.0,2024_12
94.9,18,1,30.152,37.569,27.179,290.0,250.0,230.0,301.0,MEDIUM,18,True,Williams,0 days 01:24:48,Track Clear,13,False,sargeant,16.4,63.0,992.0,True,23.2,103,1.5,Lap,2024_12,93.098,7.0,2024_12
94.73,18,1,30.032,37.671,27.027,290.0,250.0,240.0,299.0,MEDIUM,18,True,Haas F1 Team,0 days 01:24:50.469000,Track Clear,14,False,kevin_magnussen,16.4,63.0,992.0,True,23.2,103,1.5,Lap,2024_12,93.05449999999999,6.0,2024_12
95.384,18,1,30.348,37.842,27.194,288.0,254.0,237.0,298.0,HARD,18,True,Red Bull Racing,0 days 01:24:51.666000,Track Clear,15,False,perez,16.4,63.0,992.0,True,23.2,103,1.5,Lap,2024_12,92.871,5.0,2024_12
96.827,18,1,30.315,38.749,27.763,306.0,248.0,238.0,300.0,MEDIUM,18,True,Racing Bulls,0 days 01:24:52.216000,Track Clear,16,False,ricciardo,16.4,63.0,992.0,True,23.2,103,1.5,Lap,2024_12,93.253,8.0,2024_12
96.075,18,1,30.607,38.352,27.116,283.0,250.0,236.0,293.0,MEDIUM,18,True,Kick Sauber,0 days 01:25:02.369000,Track Clear,17,False,bottas,16.4,63.0,992.0,True,23.2,103,1.5,Lap,2024_12,95.012,9.0,2024_12
98.497,18,1,31.134,39.291,28.072,275.0,247.0,237.0,285.0,SOFT,18,True,Alpine,0 days 01:25:10.819000,Track Clear,18,False,ocon,16.4,63.0,992.0,True,23.2,103,1.5,Lap,2024_12,95.488,10.0,2024_12
99.637,18,2,32.577,39.367,27.693,278.0,248.0,229.0,291.0,MEDIUM,6,True,Kick Sauber,0 days 01:25:29.821000,Track Clear,19,False,zhou,16.2,64.0,992.1,True,22.9,335,1.5,Lap,2024_12,95.012,9.0,2024_12
103.711,19,1,34.046,40.683,28.982,289.0,226.0,216.0,298.0,MEDIUM,19,True,Mercedes,0 days 01:25:55.665000,Track Clear,1,True,hamilton,16.2,64.0,992.1,True,22.9,335,1.5,Lap,2024_12,91.731,1.0,2024_12
101.436,19,1,32.74,40.852,27.844,292.0,236.0,231.0,301.0,MEDIUM,19,True,McLaren,0 days 01:25:58.163000,Track Clear,2,False,norris,16.2,64.0,992.1,True,22.9,335,1.5,Lap,2024_12,91.926,2.0,2024_12
104.151,19,1,35.263,41.002,27.886,290.0,242.0,232.0,299.0,MEDIUM,19,True,Mercedes,0 days 01:25:56.126000,Track Clear,3,True,russell,16.2,64.0,992.1,True,22.9,335,1.5,Lap,2024_12,91.731,1.0,2024_12
100.728,19,1,32.515,40.679,27.534,292.0,239.0,240.0,302.0,MEDIUM,19,True,McLaren,0 days 01:26:00.583000,Track Clear,4,False,piastri,16.2,64.0,992.1,True,22.9,335,1.5,Lap,2024_12,91.926,2.0,2024_12
102.485,19,1,33.582,40.925,27.978,291.0,236.0,231.0,292.0,MEDIUM,19,True,Red Bull Racing,0 days 01:26:02.814000,Track Clear,5,False,max_verstappen,16.2,64.0,992.1,True,22.9,335,1.5,Lap,2024_12,92.871,5.0,2024_12
100.51,19,1,33.076,40.106,27.328,290.0,237.0,239.0,300.0,MEDIUM,19,True,Ferrari,0 days 01:26:06.455000,Track Clear,6,False,sainz,16.2,64.0,992.1,True,22.9,335,1.5,Lap,2024_12,92.705,3.0,2024_12
105.752,19,1,35.421,42.211,28.12,283.0,237.0,234.0,295.0,MEDIUM,19,True,Haas F1 Team,0 days 01:26:16.822000,Track Clear,8,False,hulkenberg,16.2,64.0,992.1,True,22.9,335,1.5,Lap,2024_12,93.05449999999999,6.0,2024_12
107.568,19,1,35.226,43.466,28.876,289.0,236.0,234.0,304.0,MEDIUM,19,True,Aston Martin,0 days 01:26:16.188000,Track Clear,9,False,stroll,16.2,64.0,992.1,True,22.9,335,1.5,Lap,2024_12,92.7645,4.0,2024_12
107.27,19,1,35.872,42.239,29.159,277.0,244.0,233.0,310.0,MEDIUM,19,True,Aston Martin,0 days 01:26:16.999000,Track Clear,10,False,alonso,16.2,64.0,992.1,True,22.9,335,1.5,Lap,2024_12,92.7645,4.0,2024_12
104.585,19,1,34.098,41.565,28.922,293.0,240.0,233.0,309.0,MEDIUM,19,True,Racing Bulls,0 days 01:26:20.239000,Track Clear,11,False,tsunoda,16.2,64.0,992.1,True,22.9,335,1.5,Lap,2024_12,93.253,8.0,2024_12
104.619,19,1,34.216,41.761,28.642,285.0,241.0,228.0,303.0,MEDIUM,19,True,Williams,0 days 01:26:21.019000,Track Clear,12,False,albon,16.2,64.0,992.1,True,22.9,335,1.5,Lap,2024_12,93.098,7.0,2024_12
104.09,19,1,34.979,40.864,28.247,289.0,233.0,231.0,304.0,MEDIUM,19,True,Williams,0 days 01:26:22.900000,Track Clear,13,False,sargeant,16.1,67.0,992.2,True,22.5,230,0.7,Lap,2024_12,93.098,7.0,2024_12
103.505,19,1,34.669,40.873,27.963,287.0,229.0,240.0,299.0,MEDIUM,19,True,Haas F1 Team,0 days 01:26:25.199000,Track Clear,14,False,kevin_magnussen,16.1,67.0,992.2,True,22.5,230,0.7,Lap,2024_12,93.05449999999999,6.0,2024_12
104.922,19,1,34.743,41.888,28.291,264.0,230.0,231.0,298.0,MEDIUM,19,True,Racing Bulls,0 days 01:26:29.043000,Track Clear,16,False,ricciardo,16.1,67.0,992.2,True,22.5,230,0.7,Lap,2024_12,93.253,8.0,2024_12
104.426,19,1,34.195,41.638,28.593,276.0,223.0,225.0,288.0,MEDIUM,19,True,Kick Sauber,0 days 01:26:38.444000,Track Clear,17,False,bottas,16.1,67.0,992.2,True,22.5,230,0.7,Lap,2024_12,95.012,9.0,2024_12
97.704,20,1,32.09,39.513,26.101,285.0,248.0,248.0,297.0,MEDIUM,20,True,McLaren,0 days 01:27:39.599000,Track Clear,1,True,norris,15.9,67.0,992.1,True,22.3,299,1.6,Lap,2024_12,91.926,2.0,2024_12
97.348,20,1,31.957,39.14,26.251,300.0,250.0,249.0,302.0,MEDIUM,20,True,McLaren,0 days 01:27:41.311000,Track Clear,2,False,piastri,15.9,67.0,992.1,True,22.3,299,1.6,Lap,2024_12,91.926,2.0,2024_12
100.021,20,1,33.695,39.257,27.069,293.0,243.0,245.0,304.0,MEDIUM,20,True,Mercedes,0 days 01:27:39.376000,Track Clear,3,False,hamilton,15.9,67.0,992.1,True,22.3,299,1.6,Lap,2024_12,91.731,1.0,2024_12
99.962,20,1,33.517,39.614,26.831,292.0,251.0,246.0,309.0,MEDIUM,20,True,Mercedes,0 days 01:27:40.277000,Track Clear,4,False,russell,15.9,67.0,992.1,True,22.3,299,1.6,Lap,2024_12,91.731,1.0,2024_12
97.108,20,1,31.872,39.086,26.15,,249.0,242.0,296.0,MEDIUM,20,True,Red Bull Racing,0 days 01:27:45.299000,Track Clear,5,False,max_verstappen,15.9,67.0,992.1,True,22.3,299,1.6,Lap,2024_12,92.871,5.0,2024_12
96.538,20,1,31.652,38.765,26.121,294.0,251.0,245.0,307.0,MEDIUM,20,True,Ferrari,0 days 01:27:46.965000,Track Clear,6,False,sainz,15.9,67.0,992.1,True,22.3,299,1.6,Lap,2024_12,92.705,3.0,2024_12
97.529,20,1,31.584,39.768,26.177,284.0,247.0,246.0,295.0,MEDIUM,20,True,Haas F1 Team,0 days 01:28:02.574000,Track Clear,7,False,hulkenberg,15.9,67.0,992.1,True,22.3,299,1.6,Lap,2024_12,93.05449999999999,6.0,2024_12
96.48,20,1,31.208,39.108,26.164,293.0,257.0,248.0,314.0,MEDIUM,20,True,Aston Martin,0 days 01:28:04.269000,Track Clear,8,False,alonso,15.9,67.0,992.1,True,22.3,299,1.6,Lap,2024_12,92.7645,4.0,2024_12
97.491,20,1,31.371,39.226,26.894,288.0,250.0,247.0,302.0,MEDIUM,20,True,Aston Martin,0 days 01:28:03.756000,Track Clear,9,False,stroll,15.9,67.0,992.1,True,22.3,299,1.6,Lap,2024_12,92.7645,4.0,2024_12
96.875,20,1,31.315,38.986,26.574,298.0,253.0,247.0,312.0,MEDIUM,20,True,Racing Bulls,0 days 01:28:04.824000,Track Clear,10,False,tsunoda,15.9,67.0,992.1,True,22.3,299,1.6,Lap,2024_12,93.253,8.0,2024_12
96.53,20,1,31.395,38.624,26.511,293.0,253.0,245.0,306.0,MEDIUM,20,True,Williams,0 days 01:28:05.638000,Track Clear,11,False,albon,15.9,67.0,992.1,True,22.3,299,1.6,Lap,2024_12,93.098,7.0,2024_12
96.116,20,1,31.2,38.791,26.125,,247.0,248.0,301.0,MEDIUM,20,True,Williams,0 days 01:28:06.990000,Track Clear,12,False,sargeant,15.9,67.0,992.1,True,22.3,299,1.6,Lap,2024_12,93.098,7.0,2024_12
95.181,20,1,30.846,38.248,26.087,293.0,251.0,249.0,303.0,MEDIUM,20,True,Haas F1 Team,0 days 01:28:08.704000,Track Clear,13,False,kevin_magnussen,15.9,67.0,992.1,True,22.3,299,1.6,Lap,2024_12,93.05449999999999,6.0,2024_12
97.33,20,1,31.631,39.154,26.545,294.0,248.0,235.0,300.0,MEDIUM,20,True,Racing Bulls,0 days 01:28:13.965000,Track Clear,14,False,ricciardo,15.9,67.0,992.1,True,22.3,299,1.6,Lap,2024_12,93.253,8.0,2024_12
98.542,20,1,31.346,39.657,27.539,294.0,252.0,221.0,306.0,MEDIUM,20,True,Kick Sauber,0 days 01:28:22.870000,Track Clear,16,False,bottas,15.9,67.0,992.1,True,22.3,299,1.6,Lap,2024_12,95.012,9.0,2024_12
91.513,21,1,29.432,37.163,24.918,289.0,257.0,249.0,301.0,MEDIUM,21,True,McLaren,0 days 01:29:17.303000,Track Clear,1,False,norris,15.6,69.0,992.2,True,22.1,229,1.6,Lap,2024_12,91.926,2.0,2024_12
91.819,21,1,29.575,37.215,25.029,289.0,257.0,250.0,298.0,MEDIUM,21,True,McLaren,0 days 01:29:18.659000,Track Clear,2,False,piastri,15.6,69.0,992.2,True,22.1,229,1.6,Lap,2024_12,91.926,2.0,2024_12
92.156,21,1,29.881,37.046,25.229,291.0,258.0,249.0,298.0,MEDIUM,21,True,Mercedes,0 days 01:29:19.397000,Track Clear,3,False,hamilton,15.6,69.0,992.2,True,22.1,229,1.6,Lap,2024_12,91.731,1.0,2024_12
92.753,21,1,29.899,37.611,25.243,293.0,257.0,249.0,303.0,MEDIUM,21,True,Mercedes,0 days 01:29:20.239000,Track Clear,4,False,russell,15.6,69.0,992.2,True,22.1,229,1.6,Lap,2024_12,91.731,1.0,2024_12
93.488,21,1,30.031,37.975,25.482,293.0,254.0,247.0,295.0,MEDIUM,21,True,Red Bull Racing,0 days 01:29:22.407000,Track Clear,5,False,max_verstappen,15.6,69.0,992.2,True,22.1,229,1.6,Lap,2024_12,92.871,5.0,2024_12
93.507,21,1,29.93,38.019,25.558,,256.0,248.0,304.0,MEDIUM,21,True,Ferrari,0 days 01:29:23.503000,Track Clear,6,False,sainz,15.6,69.0,992.2,True,22.1,229,1.6,Lap,2024_12,92.705,3.0,2024_12
92.649,21,1,29.638,37.668,25.343,291.0,255.0,248.0,300.0,MEDIUM,21,True,Haas F1 Team,0 days 01:29:40.103000,Track Clear,7,False,hulkenberg,15.4,68.0,992.2,True,22.1,210,0.9,Lap,2024_12,93.05449999999999,6.0,2024_12
92.999,21,1,29.68,37.614,25.705,,256.0,249.0,297.0,MEDIUM,21,True,Aston Martin,0 days 01:29:40.749000,Track Clear,8,False,alonso,15.4,68.0,992.2,True,22.1,210,0.9,Lap,2024_12,92.7645,4.0,2024_12
93.291,21,1,29.652,37.847,25.792,298.0,255.0,248.0,304.0,MEDIUM,21,True,Aston Martin,0 days 01:29:41.247000,Track Clear,9,False,stroll,15.4,68.0,992.2,True,22.1,210,0.9,Lap,2024_12,92.7645,4.0,2024_12
93.724,21,1,30.003,37.96,25.761,299.0,254.0,249.0,304.0,MEDIUM,21,True,Racing Bulls,0 days 01:29:41.699000,Track Clear,10,False,tsunoda,15.4,68.0,992.2,True,22.1,210,0.9,Lap,2024_12,93.253,8.0,2024_12
93.646,21,1,30.17,37.757,25.719,296.0,256.0,249.0,313.0,MEDIUM,21,True,Williams,0 days 01:29:42.168000,Track Clear,11,False,albon,15.4,68.0,992.2,True,22.1,210,0.9,Lap,2024_12,93.098,7.0,2024_12
93.632,21,1,29.923,38.11,25.599,294.0,249.0,248.0,302.0,MEDIUM,21,True,Williams,0 days 01:29:43.106000,Track Clear,12,False,sargeant,15.4,68.0,992.2,True,22.1,210,0.9,Lap,2024_12,93.098,7.0,2024_12
93.484,21,1,29.867,37.862,25.755,291.0,253.0,248.0,304.0,MEDIUM,21,True,Haas F1 Team,0 days 01:29:43.885000,Track Clear,13,False,kevin_magnussen,15.4,68.0,992.2,True,22.1,210,0.9,Lap,2024_12,93.05449999999999,6.0,2024_12
94.722,21,1,30.185,38.393,26.144,292.0,252.0,243.0,300.0,MEDIUM,21,True,Racing Bulls,0 days 01:29:51.295000,Track Clear,14,False,ricciardo,15.4,68.0,992.2,True,22.1,210,0.9,Lap,2024_12,93.253,8.0,2024_12
95.235,21,1,30.651,38.519,26.065,283.0,253.0,240.0,291.0,MEDIUM,21,True,Kick Sauber,0 days 01:30:01.412000,Track Clear,15,False,bottas,15.4,68.0,992.2,True,22.1,210,0.9,Lap,2024_12,95.012,9.0,2024_12
102.846,21,2,32.126,42.102,28.618,289.0,230.0,222.0,296.0,INTERMEDIATE,2,True,Ferrari,0 days 01:30:01.153000,Track Clear,16,False,leclerc,15.4,68.0,992.2,True,22.1,210,0.9,Lap,2024_12,92.705,3.0,2024_12
101.997,21,2,31.916,41.462,28.619,290.0,242.0,219.0,297.0,INTERMEDIATE,2,True,Red Bull Racing,0 days 01:30:08.068000,Track Clear,17,False,perez,15.4,68.0,992.2,True,22.1,210,0.9,Lap,2024_12,92.871,5.0,2024_12
90.86,22,1,29.314,36.786,24.76,288.0,257.0,250.0,299.0,MEDIUM,22,True,McLaren,0 days 01:30:48.816000,Track Clear,1,False,norris,15.2,68.0,992.1,True,22.0,266,0.7,Lap,2024_12,91.926,2.0,2024_12
91.169,22,1,29.39,36.837,24.942,290.0,258.0,250.0,299.0,MEDIUM,22,True,McLaren,0 days 01:30:50.478000,Track Clear,2,False,piastri,15.2,68.0,992.1,True,22.0,266,0.7,Lap,2024_12,91.926,2.0,2024_12
91.095,22,1,29.387,36.821,24.887,293.0,259.0,250.0,306.0,MEDIUM,22,True,Mercedes,0 days 01:30:51.553000,Track Clear,3,False,hamilton,15.2,68.0,992.1,True,22.0,266,0.7,Lap,2024_12,91.731,1.0,2024_12
91.344,22,1,29.501,36.926,24.917,,258.0,249.0,304.0,MEDIUM,22,True,Mercedes,0 days 01:30:52.992000,Track Clear,4,False,russell,15.2,68.0,992.1,True,22.0,266,0.7,Lap,2024_12,91.731,1.0,2024_12
91.904,22,1,29.61,37.027,25.267,291.0,257.0,247.0,294.0,MEDIUM,22,True,Red Bull Racing,0 days 01:30:55.895000,Track Clear,5,False,max_verstappen,15.2,68.0,992.1,True,22.0,266,0.7,Lap,2024_12,92.871,5.0,2024_12
92.157,22,1,29.792,37.213,25.152,289.0,254.0,249.0,300.0,MEDIUM,22,True,Ferrari,0 days 01:30:57.010000,Track Clear,6,False,sainz,15.2,68.0,992.1,True,22.0,266,0.7,Lap,2024_12,92.705,3.0,2024_12
92.233,22,1,29.458,37.19,25.585,287.0,257.0,247.0,297.0,MEDIUM,22,True,Haas F1 Team,0 days 01:31:12.752000,Track Clear,7,False,hulkenberg,15.2,68.0,992.1,True,22.0,266,0.7,Lap,2024_12,93.05449999999999,6.0,2024_12
104.56,21,3,32.701,42.512,29.347,282.0,242.0,213.0,289.0,INTERMEDIATE,2,True,Kick Sauber,0 days 01:31:01.726000,Track Clear,19,False,zhou,15.2,68.0,992.1,True,22.0,266,0.7,Lap,2024_12,95.012,9.0,2024_12
92.673,22,1,29.437,37.493,25.743,,256.0,233.0,297.0,MEDIUM,22,True,Aston Martin,0 days 01:31:13.748000,Track Clear,8,False,alonso,15.2,68.0,992.1,True,22.0,266,0.7,Lap,2024_12,92.7645,4.0,2024_12
92.495,22,1,29.511,37.482,25.502,295.0,256.0,250.0,298.0,MEDIUM,22,True,Aston Martin,0 days 01:31:14.538000,Track Clear,9,False,stroll,15.2,68.0,992.1,True,22.0,266,0.7,Lap,2024_12,92.7645,4.0,2024_12
92.681,22,1,29.696,37.577,25.408,298.0,256.0,249.0,304.0,MEDIUM,22,True,Racing Bulls,0 days 01:31:15.423000,Track Clear,10,False,tsunoda,15.2,68.0,992.1,True,22.0,266,0.7,Lap,2024_12,93.253,8.0,2024_12
93.086,22,1,29.764,37.685,25.637,298.0,255.0,248.0,309.0,MEDIUM,22,True,Williams,0 days 01:31:15.814000,Track Clear,11,False,albon,15.2,68.0,992.1,True,22.0,266,0.7,Lap,2024_12,93.098,7.0,2024_12
92.826,22,1,29.844,37.628,25.354,295.0,254.0,248.0,303.0,MEDIUM,22,True,Williams,0 days 01:31:16.738000,Track Clear,12,False,sargeant,15.2,68.0,992.1,True,22.0,266,0.7,Lap,2024_12,93.098,7.0,2024_12
92.766,22,1,29.641,37.757,25.368,294.0,256.0,249.0,303.0,MEDIUM,22,True,Haas F1 Team,0 days 01:31:17.369000,Track Clear,13,False,kevin_magnussen,15.2,68.0,992.1,True,22.0,266,0.7,Lap,2024_12,93.05449999999999,6.0,2024_12
93.015,22,1,29.678,37.782,25.555,290.0,255.0,245.0,301.0,MEDIUM,22,True,Racing Bulls,0 days 01:31:26.017000,Track Clear,14,False,ricciardo,15.2,68.0,992.1,True,22.0,266,0.7,Lap,2024_12,93.253,8.0,2024_12
94.03,22,1,30.193,38.037,25.8,,255.0,246.0,290.0,MEDIUM,22,True,Kick Sauber,0 days 01:31:36.647000,Track Clear,15,False,bottas,15.2,69.0,992.2,True,22.0,222,1.2,Lap,2024_12,95.012,9.0,2024_12
104.352,22,2,33.006,42.617,28.729,282.0,240.0,217.0,290.0,INTERMEDIATE,3,True,Ferrari,0 days 01:31:43.999000,Track Clear,16,False,leclerc,15.2,69.0,992.2,True,22.0,222,1.2,Lap,2024_12,92.705,3.0,2024_12
104.936,22,2,33.088,42.914,28.934,288.0,238.0,209.0,294.0,INTERMEDIATE,3,True,Red Bull Racing,0 days 01:31:50.065000,Track Clear,17,False,perez,15.2,69.0,992.2,True,22.0,222,1.2,Lap,2024_12,92.871,5.0,2024_12
91.176,23,1,29.451,36.841,24.884,291.0,254.0,249.0,302.0,MEDIUM,23,True,McLaren,0 days 01:32:19.676000,Track Clear,1,False,norris,15.2,69.0,992.2,True,22.0,222,1.2,Lap,2024_12,91.926,2.0,2024_12
90.976,23,1,29.242,36.868,24.866,295.0,256.0,250.0,301.0,MEDIUM,23,True,McLaren,0 days 01:32:21.647000,Track Clear,2,False,piastri,15.2,69.0,992.2,True,22.0,222,1.2,Lap,2024_12,91.926,2.0,2024_12
91.107,23,1,29.369,36.814,24.924,297.0,259.0,249.0,305.0,MEDIUM,23,True,Mercedes,0 days 01:32:22.648000,Track Clear,3,False,hamilton,15.2,69.0,992.2,True,22.0,222,1.2,Lap,2024_12,91.731,1.0,2024_12
91.497,23,1,29.479,36.952,25.066,299.0,256.0,248.0,306.0,MEDIUM,23,True,Mercedes,0 days 01:32:24.336000,Track Clear,4,False,russell,15.2,69.0,992.2,True,22.0,222,1.2,Lap,2024_12,91.731,1.0,2024_12
92.143,23,1,29.632,37.148,25.363,290.0,256.0,246.0,297.0,MEDIUM,23,True,Red Bull Racing,0 days 01:32:27.799000,Track Clear,5,False,max_verstappen,15.2,69.0,992.2,True,22.0,222,1.2,Lap,2024_12,92.871,5.0,2024_12
92.297,23,1,29.615,37.333,25.349,292.0,256.0,248.0,302.0,MEDIUM,23,True,Ferrari,0 days 01:32:29.167000,Track Clear,6,False,sainz,15.2,69.0,992.2,True,22.0,222,1.2,Lap,2024_12,92.705,3.0,2024_12
92.612,23,1,29.586,37.319,25.707,288.0,256.0,245.0,297.0,MEDIUM,23,True,Haas F1 Team,0 days 01:32:44.985000,Track Clear,7,False,hulkenberg,15.1,68.0,992.2,True,21.9,169,0.8,Lap,2024_12,93.05449999999999,6.0,2024_12
92.593,23,1,29.686,37.212,25.695,296.0,256.0,247.0,304.0,MEDIUM,23,True,Aston Martin,0 days 01:32:46.421000,Track Clear,8,False,alonso,15.1,68.0,992.2,True,21.9,169,0.8,Lap,2024_12,92.7645,4.0,2024_12
93.062,23,1,29.745,37.46,25.857,296.0,255.0,248.0,299.0,MEDIUM,23,True,Aston Martin,0 days 01:32:47.033000,Track Clear,9,False,stroll,15.1,68.0,992.2,True,21.9,169,0.8,Lap,2024_12,92.7645,4.0,2024_12
93.106,23,1,29.934,37.548,25.624,299.0,256.0,248.0,304.0,MEDIUM,23,True,Racing Bulls,0 days 01:32:48.104000,Track Clear,10,False,tsunoda,15.1,68.0,992.2,True,21.9,169,0.8,Lap,2024_12,93.253,8.0,2024_12
92.891,23,1,29.758,37.613,25.52,296.0,255.0,249.0,303.0,MEDIUM,23,True,Williams,0 days 01:32:48.900000,Track Clear,11,False,albon,15.1,68.0,992.2,True,21.9,169,0.8,Lap,2024_12,93.098,7.0,2024_12
93.278,23,1,29.943,37.918,25.417,,258.0,247.0,327.0,MEDIUM,23,True,Haas F1 Team,0 days 01:32:50.135000,Track Clear,12,False,kevin_magnussen,15.1,68.0,992.2,True,21.9,169,0.8,Lap,2024_12,93.05449999999999,6.0,2024_12
94.494,23,1,30.044,37.984,26.466,294.0,254.0,242.0,299.0,MEDIUM,23,True,Williams,0 days 01:32:49.564000,Track Clear,13,False,sargeant,15.1,68.0,992.2,True,21.9,169,0.8,Lap,2024_12,93.098,7.0,2024_12
94.224,23,1,29.69,38.201,26.333,291.0,251.0,244.0,297.0,MEDIUM,23,True,Racing Bulls,0 days 01:32:59.032000,Track Clear,14,False,ricciardo,15.1,68.0,992.2,True,21.9,169,0.8,Lap,2024_12,93.253,8.0,2024_12
110.248,22,3,35.886,44.53,29.832,283.0,239.0,214.0,287.0,INTERMEDIATE,3,True,Kick Sauber,0 days 01:32:46.286000,Track Clear,19,False,zhou,15.1,68.0,992.2,True,21.9,169,0.8,Lap,2024_12,95.012,9.0,2024_12
94.076,23,1,29.814,38.272,25.99,,254.0,247.0,291.0,MEDIUM,23,True,Kick Sauber,0 days 01:33:10.677000,Track Clear,15,False,bottas,15.1,68.0,992.2,True,21.9,169,0.8,Lap,2024_12,95.012,9.0,2024_12
106.593,23,2,33.765,43.351,29.477,284.0,237.0,211.0,295.0,INTERMEDIATE,4,True,Ferrari,0 days 01:33:28.351000,Track Clear,16,False,leclerc,15.1,68.0,992.2,True,22.0,251,0.8,Lap,2024_12,92.705,3.0,2024_12
106.214,23,2,33.78,43.396,29.038,289.0,237.0,215.0,296.0,INTERMEDIATE,4,True,Red Bull Racing,0 days 01:33:35.001000,Track Clear,17,False,perez,15.1,68.0,992.2,True,22.0,251,0.8,Lap,2024_12,92.871,5.0,2024_12
91.629,24,1,29.489,36.747,25.393,289.0,259.0,249.0,298.0,MEDIUM,24,True,McLaren,0 days 01:33:50.852000,Track Clear,1,False,norris,15.1,68.0,992.2,True,22.0,251,0.8,Lap,2024_12,91.926,2.0,2024_12
91.392,24,1,29.283,36.788,25.321,292.0,258.0,249.0,300.0,MEDIUM,24,True,McLaren,0 days 01:33:52.623000,Track Clear,2,False,piastri,15.1,68.0,992.2,True,22.0,251,0.8,Lap,2024_12,91.926,2.0,2024_12
91.635,24,1,29.344,36.872,25.419,294.0,259.0,247.0,299.0,MEDIUM,24,True,Mercedes,0 days 01:33:53.755000,Track Clear,3,False,hamilton,15.1,68.0,992.2,True,22.0,251,0.8,Lap,2024_12,91.731,1.0,2024_12
91.968,24,1,29.495,36.926,25.547,295.0,258.0,247.0,303.0,MEDIUM,24,True,Mercedes,0 days 01:33:55.833000,Track Clear,4,False,russell,15.1,68.0,992.2,True,22.0,251,0.8,Lap,2024_12,91.731,1.0,2024_12
93.02,24,1,29.699,37.341,25.98,287.0,256.0,244.0,296.0,MEDIUM,24,True,Red Bull Racing,0 days 01:33:59.942000,Track Clear,5,False,max_verstappen,15.1,68.0,992.2,True,22.0,251,0.8,Lap,2024_12,92.871,5.0,2024_12
92.734,24,1,29.452,37.358,25.924,295.0,256.0,247.0,305.0,MEDIUM,24,True,Ferrari,0 days 01:34:01.464000,Track Clear,6,False,sainz,15.1,68.0,992.2,True,22.0,251,0.8,Lap,2024_12,92.705,3.0,2024_12
95.488,23,3,30.474,38.101,26.913,275.0,253.0,241.0,287.0,MEDIUM,2,True,Alpine,0 days 01:34:07.016000,Track Clear,18,False,ocon,15.1,68.0,992.2,True,22.0,251,0.8,Lap,2024_12,95.488,10.0,2024_12
93.352,24,1,29.702,37.802,25.848,290.0,255.0,241.0,300.0,MEDIUM,24,True,Haas F1 Team,0 days 01:34:17.597000,Track Clear,7,False,hulkenberg,15.1,68.0,992.2,True,22.0,251,0.8,Lap,2024_12,93.05449999999999,6.0,2024_12
94.088,24,1,29.949,37.836,26.303,293.0,253.0,241.0,302.0,MEDIUM,24,True,Aston Martin,0 days 01:34:19.014000,Track Clear,8,False,alonso,15.1,68.0,992.2,True,22.0,251,0.8,Lap,2024_12,92.7645,4.0,2024_12
94.585,24,1,30.202,37.97,26.413,,255.0,247.0,304.0,MEDIUM,24,True,Aston Martin,0 days 01:34:20.095000,Track Clear,9,False,stroll,15.1,68.0,992.2,True,22.0,251,0.8,Lap,2024_12,92.7645,4.0,2024_12
94.106,24,1,29.812,38.117,26.177,303.0,255.0,245.0,325.0,MEDIUM,24,True,Racing Bulls,0 days 01:34:21.210000,Track Clear,10,False,tsunoda,15.1,68.0,992.2,True,22.0,251,0.8,Lap,2024_12,93.253,8.0,2024_12
93.96,24,1,29.631,38.141,26.188,317.0,257.0,240.0,330.0,MEDIUM,24,True,Williams,0 days 01:34:21.791000,Track Clear,11,False,albon,15.1,68.0,992.2,True,22.0,251,0.8,Lap,2024_12,93.098,7.0,2024_12
93.625,24,1,29.826,37.972,25.827,292.0,255.0,247.0,300.0,MEDIUM,24,True,Haas F1 Team,0 days 01:34:23.413000,Track Clear,12,False,kevin_magnussen,15.1,68.0,992.2,True,22.0,251,0.8,Lap,2024_12,93.05449999999999,6.0,2024_12
94.037,24,1,30.05,38.221,25.766,311.0,254.0,240.0,320.0,MEDIUM,24,True,Williams,0 days 01:34:24.058000,Track Clear,13,False,sargeant,15.1,68.0,992.2,True,22.0,251,0.8,Lap,2024_12,93.098,7.0,2024_12
96.483,24,1,30.177,39.232,27.074,288.0,252.0,236.0,297.0,MEDIUM,24,True,Racing Bulls,0 days 01:34:33.256000,Track Clear,14,False,ricciardo,15.1,69.0,992.2,True,22.0,267,0.8,Lap,2024_12,93.253,8.0,2024_12
97.35,24,1,30.277,39.562,27.511,,249.0,221.0,288.0,MEDIUM,24,True,Kick Sauber,0 days 01:34:44.753000,Track Clear,15,False,bottas,15.1,69.0,992.2,True,22.0,267,0.8,Lap,2024_12,95.012,9.0,2024_12
110.081,23,3,34.464,45.68,29.937,288.0,236.0,211.0,297.0,INTERMEDIATE,4,True,Kick Sauber,0 days 01:34:36.534000,Track Clear,19,False,zhou,15.1,69.0,992.2,True,22.0,267,0.8,Lap,2024_12,95.012,9.0,2024_12
94.307,25,1,29.696,38.185,26.426,291.0,257.0,231.0,298.0,MEDIUM,25,True,McLaren,0 days 01:35:22.481000,Track Clear,1,False,norris,15.1,69.0,992.2,True,22.0,267,0.8,Lap,2024_12,91.926,2.0,2024_12
94.271,25,1,29.795,38.187,26.289,295.0,256.0,241.0,305.0,MEDIUM,25,True,McLaren,0 days 01:35:24.015000,Track Clear,2,False,piastri,15.1,69.0,992.2,True,22.0,267,0.8,Lap,2024_12,91.926,2.0,2024_12
94.988,25,1,29.923,38.568,26.497,295.0,253.0,237.0,298.0,MEDIUM,25,True,Mercedes,0 days 01:35:25.390000,Track Clear,3,False,hamilton,15.1,69.0,992.2,True,22.0,267,0.8,Lap,2024_12,91.731,1.0,2024_12
94.781,25,1,29.787,38.367,26.627,299.0,254.0,234.0,303.0,MEDIUM,25,True,Mercedes,0 days 01:35:27.801000,Track Clear,4,False,russell,15.1,69.0,992.2,True,22.0,267,0.8,Lap,2024_12,91.731,1.0,2024_12
111.732,24,2,34.243,47.11,30.379,283.0,173.0,210.0,290.0,INTERMEDIATE,5,True,Ferrari,0 days 01:35:14.944000,Track Clear,16,True,leclerc,15.1,67.0,992.3,True,22.0,225,1.0,Lap,2024_12,92.705,3.0,2024_12
96.063,25,1,29.999,38.958,27.106,294.0,255.0,228.0,297.0,MEDIUM,25,True,Red Bull Racing,0 days 01:35:32.962000,Track Clear,5,False,max_verstappen,15.1,67.0,992.3,True,22.0,225,1.0,Lap,2024_12,92.871,5.0,2024_12
95.143,25,1,29.847,38.623,26.673,293.0,258.0,234.0,321.0,MEDIUM,25,True,Ferrari,0 days 01:35:34.198000,Track Clear,6,False,sainz,15.1,67.0,992.3,True,22.0,225,1.0,Lap,2024_12,92.705,3.0,2024_12
110.729,24,2,35.068,43.926,31.735,297.0,238.0,208.0,264.0,INTERMEDIATE,5,True,Red Bull Racing,0 days 01:35:21.215000,Track Clear,17,False,perez,15.1,67.0,992.3,True,22.0,225,1.0,Lap,2024_12,92.871,5.0,2024_12
98.005,24,3,30.69,39.802,27.513,276.0,251.0,232.0,286.0,MEDIUM,3,True,Alpine,0 days 01:35:42.504000,Track Clear,18,False,ocon,15.1,67.0,992.3,True,22.0,225,1.0,Lap,2024_12,95.488,10.0,2024_12
95.918,25,1,29.955,38.937,27.026,293.0,253.0,230.0,302.0,MEDIUM,25,True,Haas F1 Team,0 days 01:35:50.949000,Track Clear,7,False,hulkenberg,15.1,67.0,992.3,True,22.0,225,1.0,Lap,2024_12,93.05449999999999,6.0,2024_12
95.687,25,1,29.912,38.985,26.79,295.0,254.0,231.0,302.0,MEDIUM,25,True,Aston Martin,0 days 01:35:53.102000,Track Clear,8,False,alonso,15.1,67.0,992.3,True,22.0,225,1.0,Lap,2024_12,92.7645,4.0,2024_12
95.351,25,1,29.9,38.721,26.73,295.0,254.0,239.0,299.0,MEDIUM,25,True,Aston Martin,0 days 01:35:54.680000,Track Clear,9,False,stroll,15.1,67.0,992.3,True,22.0,225,1.0,Lap,2024_12,92.7645,4.0,2024_12
95.473,25,1,29.857,38.781,26.835,316.0,257.0,236.0,307.0,MEDIUM,25,True,Racing Bulls,0 days 01:35:55.316000,Track Clear,10,False,tsunoda,15.1,67.0,992.3,True,22.0,225,1.0,Lap,2024_12,93.253,8.0,2024_12
95.612,25,1,29.917,38.761,26.934,316.0,255.0,237.0,306.0,MEDIUM,25,True,Williams,0 days 01:35:55.751000,Track Clear,11,False,albon,15.1,67.0,992.3,True,22.0,225,1.0,Lap,2024_12,93.098,7.0,2024_12
95.15,25,1,29.923,38.966,26.261,298.0,252.0,245.0,300.0,MEDIUM,25,True,Haas F1 Team,0 days 01:35:57.038000,Track Clear,12,False,kevin_magnussen,15.1,67.0,992.3,True,22.0,225,1.0,Lap,2024_12,93.05449999999999,6.0,2024_12
96.166,25,1,30.121,39.205,26.84,296.0,250.0,221.0,299.0,MEDIUM,25,True,Williams,0 days 01:35:58.095000,Track Clear,13,False,sargeant,15.1,67.0,992.3,True,22.0,225,1.0,Lap,2024_12,93.098,7.0,2024_12
98.725,25,1,30.63,40.504,27.591,289.0,252.0,220.0,300.0,MEDIUM,25,True,Racing Bulls,0 days 01:36:09.739000,Track Clear,14,False,ricciardo,15.1,67.0,992.3,True,22.0,225,1.0,Lap,2024_12,93.253,8.0,2024_12
99.761,25,1,30.996,40.455,28.31,289.0,245.0,214.0,296.0,MEDIUM,25,True,Kick Sauber,0 days 01:36:22.103000,Track Clear,15,False,bottas,15.1,67.0,992.3,True,22.0,225,1.0,Lap,2024_12,95.012,9.0,2024_12
108.867,24,3,34.457,44.454,29.956,289.0,236.0,207.0,295.0,INTERMEDIATE,5,True,Kick Sauber,0 days 01:36:26.615000,Track Clear,19,False,zhou,15.1,68.0,992.2,True,21.5,116,0.9,Lap,2024_12,95.012,9.0,2024_12
101.515,26,1,30.452,42.458,28.605,290.0,255.0,213.0,301.0,MEDIUM,26,True,McLaren,0 days 01:36:56.788000,Track Clear,1,False,norris,15.1,68.0,992.2,True,21.5,116,0.9,Lap,2024_12,91.926,2.0,2024_12
100.622,26,1,30.271,41.787,28.564,294.0,256.0,202.0,302.0,MEDIUM,26,True,McLaren,0 days 01:36:58.286000,Track Clear,2,False,piastri,15.1,68.0,992.2,True,21.5,116,0.9,Lap,2024_12,91.926,2.0,2024_12
100.792,26,1,30.114,42.065,28.613,294.0,250.0,211.0,302.0,MEDIUM,26,True,Mercedes,0 days 01:37:00.378000,Track Clear,3,False,hamilton,15.1,68.0,992.2,True,21.5,116,0.9,Lap,2024_12,91.731,1.0,2024_12
99.949,26,1,30.082,41.323,28.544,,252.0,215.0,304.0,MEDIUM,26,True,Mercedes,0 days 01:37:02.582000,Track Clear,4,False,russell,15.1,68.0,992.2,True,21.5,116,0.9,Lap,2024_12,91.731,1.0,2024_12
109.301,25,2,35.278,45.054,28.969,290.0,240.0,214.0,299.0,INTERMEDIATE,6,True,Ferrari,0 days 01:37:06.676000,Track Clear,16,False,leclerc,15.1,68.0,992.2,True,21.5,116,0.9,Lap,2024_12,92.705,3.0,2024_12
107.327,25,2,33.593,44.33,29.404,290.0,239.0,211.0,298.0,INTERMEDIATE,6,True,Red Bull Racing,0 days 01:37:11.944000,Track Clear,17,False,perez,15.1,68.0,992.2,True,21.5,116,0.9,Lap,2024_12,92.871,5.0,2024_12
107.432,25,3,30.982,45.654,30.796,277.0,242.0,198.0,284.0,MEDIUM,4,True,Alpine,0 days 01:37:20.509000,Track Clear,18,False,ocon,15.1,68.0,992.2,True,21.4,272,0.7,Lap,2024_12,95.488,10.0,2024_12
103.618,26,1,30.688,43.186,29.744,293.0,249.0,205.0,306.0,MEDIUM,26,True,Aston Martin,0 days 01:37:28.789000,Track Clear,9,False,alonso,15.1,68.0,992.2,True,21.4,272,0.7,Lap,2024_12,92.7645,4.0,2024_12
103.26,26,1,30.457,43.03,29.773,301.0,249.0,210.0,308.0,MEDIUM,26,True,Racing Bulls,0 days 01:37:30.789000,Track Clear,10,False,tsunoda,15.1,68.0,992.2,True,21.4,272,0.7,Lap,2024_12,93.253,8.0,2024_12
103.771,26,1,30.626,43.153,29.992,299.0,248.0,206.0,302.0,MEDIUM,26,True,Williams,0 days 01:37:31.363000,Track Clear,11,False,albon,15.1,68.0,992.2,True,21.4,272,0.7,Lap,2024_12,93.098,7.0,2024_12
105.466,26,1,30.824,44.649,29.993,291.0,245.0,209.0,297.0,MEDIUM,26,True,Haas F1 Team,0 days 01:37:32.188000,Track Clear,12,False,kevin_magnussen,15.1,68.0,992.2,True,21.4,272,0.7,Lap,2024_12,93.05449999999999,6.0,2024_12
104.642,26,1,31.256,43.4,29.986,293.0,245.0,199.0,305.0,MEDIUM,26,True,Williams,0 days 01:37:34.261000,Track Clear,13,False,sargeant,15.1,68.0,992.2,True,21.4,272,0.7,Lap,2024_12,93.098,7.0,2024_12
108.245,25,3,33.856,44.552,29.837,283.0,239.0,215.0,294.0,INTERMEDIATE,6,True,Kick Sauber,0 days 01:38:15.482000,Track Clear,19,False,zhou,15.1,68.0,992.2,True,21.4,272,0.7,Lap,2024_12,95.012,9.0,2024_12
109.747,27,1,31.76,45.56,32.427,295.0,241.0,156.0,304.0,MEDIUM,27,True,McLaren,0 days 01:38:38.908000,Track Clear,3,False,piastri,15.1,68.0,992.3,True,21.2,267,0.6,Lap,2024_12,91.926,2.0,2024_12
105.655,26,2,33.033,43.323,29.299,292.0,241.0,214.0,299.0,INTERMEDIATE,7,True,Ferrari,0 days 01:38:55.977000,Track Clear,16,False,leclerc,15.1,68.0,992.3,True,21.2,267,0.6,Lap,2024_12,92.705,3.0,2024_12
105.736,26,2,32.698,43.513,29.525,292.0,238.0,214.0,298.0,INTERMEDIATE,7,True,Red Bull Racing,0 days 01:38:59.271000,Track Clear,17,False,perez,15.1,68.0,992.3,True,21.2,267,0.6,Lap,2024_12,92.871,5.0,2024_12
101.176,28,2,31.767,41.184,28.225,289.0,245.0,224.0,296.0,INTERMEDIATE,2,True,Red Bull Racing,0 days 01:40:49.685000,Track Clear,4,False,max_verstappen,15.0,69.0,992.4,True,21.0,236,0.9,Lap,2024_12,92.871,5.0,2024_12
102.641,28,2,32.526,41.298,28.817,290.0,245.0,223.0,298.0,INTERMEDIATE,2,True,Ferrari,0 days 01:40:53.486000,Track Clear,6,True,sainz,15.0,69.0,992.4,True,21.0,236,0.9,Lap,2024_12,92.705,3.0,2024_12
112.538,27,2,34.103,45.664,32.771,238.0,235.0,200.0,269.0,INTERMEDIATE,8,True,Red Bull Racing,0 days 01:40:45.007000,Track Clear,17,False,perez,15.0,69.0,992.4,True,21.0,236,0.9,Lap,2024_12,92.871,5.0,2024_12
101.897,28,2,31.639,41.887,28.371,291.0,243.0,222.0,298.0,INTERMEDIATE,2,True,Haas F1 Team,0 days 01:41:11.447000,Track Clear,7,False,hulkenberg,15.0,69.0,992.4,True,21.0,236,0.9,Lap,2024_12,93.05449999999999,6.0,2024_12
102.187,28,2,31.808,41.676,28.703,292.0,241.0,220.0,298.0,INTERMEDIATE,2,True,Aston Martin,0 days 01:41:12.426000,Track Clear,8,False,stroll,15.0,69.0,992.4,True,21.0,236,0.9,Lap,2024_12,92.7645,4.0,2024_12
103.338,28,2,32.195,42.262,28.881,295.0,240.0,215.0,299.0,INTERMEDIATE,2,True,Racing Bulls,0 days 01:41:36.065000,Track Clear,14,False,ricciardo,14.9,71.0,992.5,True,20.9,176,1.1,Lap,2024_12,93.253,8.0,2024_12
102.562,28,2,32.119,41.797,28.646,,243.0,220.0,287.0,INTERMEDIATE,2,True,Kick Sauber,0 days 01:41:56.764000,Track Clear,15,False,bottas,14.9,71.0,992.5,True,20.9,176,1.1,Lap,2024_12,95.012,9.0,2024_12
100.266,29,2,31.594,40.61,28.062,289.0,248.0,225.0,297.0,INTERMEDIATE,2,True,McLaren,0 days 01:42:24.024000,Track Clear,1,False,norris,14.9,71.0,992.5,True,20.9,176,1.1,Lap,2024_12,91.926,2.0,2024_12
100.42,29,2,31.69,40.569,28.161,291.0,243.0,222.0,299.0,INTERMEDIATE,2,True,Mercedes,0 days 01:42:27.219000,Track Clear,2,False,hamilton,14.9,70.0,992.5,True,20.7,240,0.9,Lap,2024_12,91.731,1.0,2024_12
101.533,29,2,31.943,41.241,28.349,290.0,243.0,220.0,295.0,INTERMEDIATE,3,True,Red Bull Racing,0 days 01:42:30.861000,Track Clear,3,False,max_verstappen,14.9,70.0,992.5,True,20.7,240,0.9,Lap,2024_12,92.871,5.0,2024_12
100.405,29,2,31.504,40.75,28.151,293.0,246.0,231.0,300.0,INTERMEDIATE,2,True,Mercedes,0 days 01:42:34.571000,Track Clear,4,False,russell,14.9,70.0,992.5,True,20.7,240,0.9,Lap,2024_12,91.731,1.0,2024_12
102.447,29,2,32.306,41.381,28.76,289.0,242.0,226.0,297.0,INTERMEDIATE,3,True,Ferrari,0 days 01:42:36.127000,Track Clear,5,False,sainz,14.9,70.0,992.5,True,20.7,240,0.9,Lap,2024_12,92.705,3.0,2024_12
102.641,29,2,32.158,41.809,28.674,288.0,242.0,223.0,296.0,INTERMEDIATE,3,True,Haas F1 Team,0 days 01:42:53.344000,Track Clear,7,False,hulkenberg,14.9,70.0,992.5,True,20.7,240,0.9,Lap,2024_12,93.05449999999999,6.0,2024_12
102.992,29,2,32.354,41.795,28.843,,240.0,220.0,296.0,INTERMEDIATE,3,True,Aston Martin,0 days 01:42:54.613000,Track Clear,8,False,stroll,14.9,70.0,992.5,True,20.7,240,0.9,Lap,2024_12,92.7645,4.0,2024_12
103.072,29,2,32.901,41.517,28.654,285.0,243.0,229.0,297.0,INTERMEDIATE,2,True,Aston Martin,0 days 01:43:05.347000,Track Clear,9,False,alonso,14.9,70.0,992.5,True,20.7,240,0.9,Lap,2024_12,92.7645,4.0,2024_12
103.749,29,2,33.048,42.02,28.681,288.0,244.0,222.0,302.0,INTERMEDIATE,2,True,Racing Bulls,0 days 01:43:05.623000,Track Clear,10,False,tsunoda,14.9,70.0,992.5,True,20.7,240,0.9,Lap,2024_12,93.253,8.0,2024_12
101.716,28,4,32.178,40.992,28.546,274.0,242.0,227.0,284.0,INTERMEDIATE,2,True,Alpine,0 days 01:43:09.387000,Track Clear,18,False,ocon,14.9,70.0,992.5,True,20.7,240,0.9,Lap,2024_12,95.488,10.0,2024_12
101.726,29,2,32.027,41.29,28.409,284.0,244.0,226.0,295.0,INTERMEDIATE,2,True,Williams,0 days 01:43:11.347000,Track Clear,11,False,albon,14.9,70.0,992.5,True,20.7,240,0.9,Lap,2024_12,93.098,7.0,2024_12
102.842,29,2,33.006,41.454,28.382,288.0,241.0,224.0,298.0,INTERMEDIATE,2,True,Haas F1 Team,0 days 01:43:14.278000,Track Clear,12,False,kevin_magnussen,14.9,70.0,992.5,True,20.7,240,0.9,Lap,2024_12,93.05449999999999,6.0,2024_12
102.215,29,2,32.462,41.236,28.517,293.0,238.0,213.0,300.0,INTERMEDIATE,2,True,Williams,0 days 01:43:17.130000,Track Clear,13,False,sargeant,14.9,70.0,992.5,True,20.7,240,0.9,Lap,2024_12,93.098,7.0,2024_12
103.377,29,2,32.484,41.934,28.959,293.0,234.0,219.0,297.0,INTERMEDIATE,3,True,Racing Bulls,0 days 01:43:19.403000,Track Clear,14,False,ricciardo,14.9,70.0,992.5,True,20.7,240,0.9,Lap,2024_12,93.253,8.0,2024_12
103.302,29,2,32.442,42.118,28.742,282.0,238.0,222.0,289.0,INTERMEDIATE,3,True,Kick Sauber,0 days 01:43:39.326000,Track Clear,15,False,bottas,14.9,72.0,992.4,True,20.7,224,1.0,Lap,2024_12,95.012,9.0,2024_12
101.866,28,4,32.137,41.252,28.477,,241.0,231.0,286.0,INTERMEDIATE,2,True,Kick Sauber,0 days 01:43:53.355000,Track Clear,19,False,zhou,14.9,72.0,992.4,True,20.7,224,1.0,Lap,2024_12,95.012,9.0,2024_12
100.717,30,2,31.98,40.583,28.154,290.0,247.0,223.0,297.0,INTERMEDIATE,3,True,McLaren,0 days 01:44:04.290000,Track Clear,1,False,norris,14.9,72.0,992.4,True,20.7,224,1.0,Lap,2024_12,91.926,2.0,2024_12
100.467,30,2,31.833,40.4,28.234,294.0,240.0,227.0,298.0,INTERMEDIATE,3,True,Mercedes,0 days 01:44:07.639000,Track Clear,2,False,hamilton,14.9,72.0,992.4,True,20.7,224,1.0,Lap,2024_12,91.731,1.0,2024_12
102.098,30,2,32.368,41.071,28.659,288.0,240.0,219.0,290.0,INTERMEDIATE,4,True,Red Bull Racing,0 days 01:44:12.394000,Track Clear,3,False,max_verstappen,14.9,72.0,992.4,True,20.7,224,1.0,Lap,2024_12,92.871,5.0,2024_12
101.237,30,2,31.859,41.018,28.36,294.0,243.0,227.0,300.0,INTERMEDIATE,3,True,Mercedes,0 days 01:44:14.976000,Track Clear,4,False,russell,14.9,72.0,992.4,True,20.7,224,1.0,Lap,2024_12,91.731,1.0,2024_12
102.737,30,2,32.367,41.54,28.83,282.0,242.0,226.0,286.0,INTERMEDIATE,4,True,Ferrari,0 days 01:44:18.574000,Track Clear,5,False,sainz,14.9,72.0,992.4,True,20.7,224,1.0,Lap,2024_12,92.705,3.0,2024_12
100.492,30,2,31.712,40.727,28.053,293.0,241.0,222.0,296.0,INTERMEDIATE,2,True,McLaren,0 days 01:44:22.815000,Track Clear,6,False,piastri,14.9,72.0,992.4,True,20.7,224,1.0,Lap,2024_12,91.926,2.0,2024_12
101.602,29,3,32.252,41.348,28.002,288.0,244.0,229.0,295.0,INTERMEDIATE,2,True,Ferrari,0 days 01:44:30.682000,Track Clear,16,False,leclerc,14.8,73.0,992.4,True,20.7,207,1.7,Lap,2024_12,92.705,3.0,2024_12
102.811,30,2,32.078,41.659,29.074,293.0,241.0,221.0,299.0,INTERMEDIATE,4,True,Haas F1 Team,0 days 01:44:35.985000,Track Clear,7,False,hulkenberg,14.8,73.0,992.4,True,20.7,207,1.7,Lap,2024_12,93.05449999999999,6.0,2024_12
103.066,30,2,32.288,41.59,29.188,291.0,239.0,222.0,289.0,INTERMEDIATE,4,True,Aston Martin,0 days 01:44:37.605000,Track Clear,8,False,stroll,14.8,73.0,992.4,True,20.7,207,1.7,Lap,2024_12,92.7645,4.0,2024_12
102.577,30,2,32.527,41.847,28.203,289.0,242.0,231.0,299.0,INTERMEDIATE,3,True,Aston Martin,0 days 01:44:48.419000,Track Clear,9,False,alonso,14.8,73.0,992.4,True,20.7,207,1.7,Lap,2024_12,92.7645,4.0,2024_12
102.967,30,2,32.292,42.011,28.664,296.0,244.0,222.0,302.0,INTERMEDIATE,3,True,Racing Bulls,0 days 01:44:49.372000,Track Clear,10,False,tsunoda,14.8,73.0,992.4,True,20.7,207,1.7,Lap,2024_12,93.253,8.0,2024_12
102.362,29,4,32.379,41.099,28.884,275.0,243.0,223.0,284.0,INTERMEDIATE,3,True,Alpine,0 days 01:44:51.103000,Track Clear,18,False,ocon,14.8,73.0,992.4,True,20.7,207,1.7,Lap,2024_12,95.488,10.0,2024_12
103.271,30,2,32.255,41.744,29.272,,242.0,216.0,294.0,INTERMEDIATE,3,True,Williams,0 days 01:44:53.073000,Track Clear,11,False,albon,14.8,73.0,992.4,True,20.7,207,1.7,Lap,2024_12,93.098,7.0,2024_12
102.133,30,2,32.197,41.233,28.703,289.0,239.0,220.0,296.0,INTERMEDIATE,3,True,Haas F1 Team,0 days 01:44:57.120000,Track Clear,12,False,kevin_magnussen,14.8,73.0,992.4,True,20.7,207,1.7,Lap,2024_12,93.05449999999999,6.0,2024_12
102.476,30,2,32.298,41.279,28.899,290.0,239.0,214.0,296.0,INTERMEDIATE,3,True,Williams,0 days 01:44:59.345000,Track Clear,13,False,sargeant,14.8,73.0,992.4,True,20.7,207,1.7,Lap,2024_12,93.098,7.0,2024_12
103.298,30,2,32.445,41.612,29.241,292.0,238.0,222.0,295.0,INTERMEDIATE,4,True,Racing Bulls,0 days 01:45:02.780000,Track Clear,14,False,ricciardo,14.8,73.0,992.4,True,20.7,207,1.7,Lap,2024_12,93.253,8.0,2024_12
103.472,30,2,32.322,41.902,29.248,281.0,240.0,222.0,285.0,INTERMEDIATE,4,True,Kick Sauber,0 days 01:45:22.628000,Track Clear,15,False,bottas,14.7,73.0,992.5,True,20.7,240,1.4,Lap,2024_12,95.012,9.0,2024_12
101.993,29,4,32.073,41.304,28.616,283.0,239.0,231.0,289.0,INTERMEDIATE,3,True,Kick Sauber,0 days 01:45:35.221000,Track Clear,19,False,zhou,14.7,73.0,992.5,True,20.7,240,1.4,Lap,2024_12,95.012,9.0,2024_12
101.313,31,2,31.855,40.682,28.776,,244.0,223.0,296.0,INTERMEDIATE,4,True,McLaren,0 days 01:45:45.007000,Track Clear,1,False,norris,14.7,73.0,992.5,True,20.7,240,1.4,Lap,2024_12,91.926,2.0,2024_12
101.538,31,2,31.9,40.828,28.81,,241.0,224.0,299.0,INTERMEDIATE,4,True,Mercedes,0 days 01:45:48.106000,Track Clear,2,False,hamilton,14.7,73.0,992.5,True,20.7,240,1.4,Lap,2024_12,91.731,1.0,2024_12
102.025,31,2,32.091,41.086,28.848,,240.0,218.0,291.0,INTERMEDIATE,5,True,Red Bull Racing,0 days 01:45:54.492000,Track Clear,3,False,max_verstappen,14.7,73.0,992.5,True,20.7,240,1.4,Lap,2024_12,92.871,5.0,2024_12
101.902,31,2,31.95,41.21,28.742,293.0,241.0,225.0,299.0,INTERMEDIATE,4,True,Mercedes,0 days 01:45:56.213000,Track Clear,4,False,russell,14.7,73.0,992.5,True,20.7,240,1.4,Lap,2024_12,91.731,1.0,2024_12
103.007,31,2,32.343,41.618,29.046,287.0,240.0,223.0,293.0,INTERMEDIATE,5,True,Ferrari,0 days 01:46:01.311000,Track Clear,5,False,sainz,14.7,73.0,992.5,True,20.7,240,1.4,Lap,2024_12,92.705,3.0,2024_12
102.161,31,2,31.932,41.097,29.132,294.0,239.0,218.0,300.0,INTERMEDIATE,3,True,McLaren,0 days 01:46:03.307000,Track Clear,6,False,piastri,14.7,73.0,992.5,True,20.7,240,1.4,Lap,2024_12,91.926,2.0,2024_12
102.299,30,3,32.289,41.321,28.689,289.0,241.0,227.0,295.0,INTERMEDIATE,3,True,Ferrari,0 days 01:46:12.284000,Track Clear,16,False,leclerc,14.7,73.0,992.5,True,20.7,240,1.4,Lap,2024_12,92.705,3.0,2024_12
103.274,31,2,32.172,41.891,29.211,291.0,238.0,219.0,297.0,INTERMEDIATE,5,True,Haas F1 Team,0 days 01:46:18.796000,Track Clear,7,False,hulkenberg,14.7,73.0,992.5,True,20.7,240,1.4,Lap,2024_12,93.05449999999999,6.0,2024_12
103.714,31,2,32.355,42.14,29.219,292.0,237.0,216.0,295.0,INTERMEDIATE,5,True,Aston Martin,0 days 01:46:20.671000,Track Clear,8,False,stroll,14.7,73.0,992.5,True,20.7,240,1.4,Lap,2024_12,92.7645,4.0,2024_12
100.021,30,3,31.537,40.103,28.381,292.0,241.0,224.0,297.0,INTERMEDIATE,2,True,Red Bull Racing,0 days 01:46:27.154000,Track Clear,17,False,perez,14.6,73.0,992.5,True,20.7,230,1.7,Lap,2024_12,92.871,5.0,2024_12
102.796,31,2,32.417,41.53,28.849,290.0,240.0,225.0,297.0,INTERMEDIATE,4,True,Aston Martin,0 days 01:46:30.996000,Track Clear,9,False,alonso,14.6,73.0,992.5,True,20.7,230,1.7,Lap,2024_12,92.7645,4.0,2024_12
103.355,31,2,32.201,41.91,29.244,295.0,241.0,219.0,299.0,INTERMEDIATE,4,True,Racing Bulls,0 days 01:46:32.339000,Track Clear,10,False,tsunoda,14.6,73.0,992.5,True,20.7,230,1.7,Lap,2024_12,93.253,8.0,2024_12
103.336,30,4,32.292,41.764,29.28,278.0,240.0,213.0,285.0,INTERMEDIATE,4,True,Alpine,0 days 01:46:33.465000,Track Clear,18,False,ocon,14.6,73.0,992.5,True,20.7,230,1.7,Lap,2024_12,95.488,10.0,2024_12
103.229,31,2,32.454,41.623,29.152,286.0,240.0,217.0,296.0,INTERMEDIATE,4,True,Williams,0 days 01:46:36.344000,Track Clear,11,False,albon,14.6,73.0,992.5,True,20.7,230,1.7,Lap,2024_12,93.098,7.0,2024_12
104.06,31,2,32.369,42.17,29.521,,240.0,215.0,296.0,INTERMEDIATE,4,True,Haas F1 Team,0 days 01:46:39.253000,Track Clear,12,False,kevin_magnussen,14.6,73.0,992.5,True,20.7,230,1.7,Lap,2024_12,93.05449999999999,6.0,2024_12
104.332,31,2,32.714,42.011,29.607,288.0,235.0,211.0,298.0,INTERMEDIATE,4,True,Williams,0 days 01:46:41.821000,Track Clear,13,False,sargeant,14.6,73.0,992.5,True,20.7,230,1.7,Lap,2024_12,93.098,7.0,2024_12
103.699,31,2,32.472,42.03,29.197,291.0,236.0,222.0,295.0,INTERMEDIATE,5,True,Racing Bulls,0 days 01:46:46.078000,Track Clear,14,True,ricciardo,14.6,73.0,992.5,True,20.7,230,1.7,Lap,2024_12,93.253,8.0,2024_12
104.51,31,2,32.583,42.474,29.453,280.0,240.0,218.0,287.0,INTERMEDIATE,5,True,Kick Sauber,0 days 01:47:06.100000,Track Clear,15,False,bottas,14.6,73.0,992.5,True,20.7,230,1.7,Lap,2024_12,95.012,9.0,2024_12
103.157,30,4,32.392,41.648,29.117,282.0,239.0,225.0,286.0,INTERMEDIATE,4,True,Kick Sauber,0 days 01:47:17.214000,Track Clear,19,False,zhou,14.6,73.0,992.5,True,20.7,230,1.7,Lap,2024_12,95.012,9.0,2024_12
102.216,32,2,32.262,41.072,28.882,293.0,244.0,218.0,297.0,INTERMEDIATE,5,True,McLaren,0 days 01:47:26.320000,Track Clear,1,False,norris,14.5,73.0,992.5,True,20.7,235,1.6,Lap,2024_12,91.926,2.0,2024_12
102.475,32,2,32.107,41.398,28.97,,241.0,219.0,298.0,INTERMEDIATE,5,True,Mercedes,0 days 01:47:29.644000,Track Clear,2,False,hamilton,14.5,73.0,992.5,True,20.7,235,1.6,Lap,2024_12,91.731,1.0,2024_12
102.538,32,2,32.47,41.197,28.871,287.0,241.0,217.0,292.0,INTERMEDIATE,6,True,Red Bull Racing,0 days 01:47:36.517000,Track Clear,3,False,max_verstappen,14.5,73.0,992.5,True,20.7,235,1.6,Lap,2024_12,92.871,5.0,2024_12
103.085,32,2,32.488,41.387,29.21,290.0,242.0,219.0,290.0,INTERMEDIATE,5,True,Mercedes,0 days 01:47:38.115000,Track Clear,4,False,russell,14.5,73.0,992.5,True,20.7,235,1.6,Lap,2024_12,91.731,1.0,2024_12
103.298,32,2,32.379,41.627,29.292,,239.0,219.0,293.0,INTERMEDIATE,6,True,Ferrari,0 days 01:47:44.318000,Track Clear,5,False,sainz,14.5,73.0,992.5,True,20.7,235,1.6,Lap,2024_12,92.705,3.0,2024_12
103.137,32,2,32.298,41.539,29.3,291.0,240.0,215.0,297.0,INTERMEDIATE,4,True,McLaren,0 days 01:47:45.468000,Track Clear,6,False,piastri,14.5,73.0,992.5,True,20.7,235,1.6,Lap,2024_12,91.926,2.0,2024_12
103.95,31,3,32.66,42.069,29.221,291.0,239.0,223.0,297.0,INTERMEDIATE,4,True,Ferrari,0 days 01:47:54.583000,Track Clear,16,False,leclerc,14.5,73.0,992.5,True,20.7,235,1.6,Lap,2024_12,92.705,3.0,2024_12
104.134,32,2,32.498,42.207,29.429,290.0,241.0,216.0,296.0,INTERMEDIATE,6,True,Haas F1 Team,0 days 01:48:02.070000,Track Clear,7,False,hulkenberg,14.5,73.0,992.5,True,20.7,235,1.6,Lap,2024_12,93.05449999999999,6.0,2024_12
104.545,32,2,32.837,42.296,29.412,290.0,236.0,214.0,293.0,INTERMEDIATE,6,True,Aston Martin,0 days 01:48:04.385000,Track Clear,8,False,stroll,14.5,73.0,992.5,True,20.7,235,1.6,Lap,2024_12,92.7645,4.0,2024_12
102.676,31,3,31.949,41.478,29.249,287.0,238.0,219.0,298.0,INTERMEDIATE,3,True,Red Bull Racing,0 days 01:48:07.175000,Track Clear,17,False,perez,14.5,73.0,992.5,True,20.7,235,1.6,Lap,2024_12,92.871,5.0,2024_12
103.69,32,2,32.451,42.017,29.222,,238.0,224.0,297.0,INTERMEDIATE,5,True,Aston Martin,0 days 01:48:13.792000,Track Clear,9,False,alonso,14.5,73.0,992.5,True,20.7,235,1.6,Lap,2024_12,92.7645,4.0,2024_12
104.456,32,2,32.762,42.205,29.489,293.0,240.0,215.0,297.0,INTERMEDIATE,5,True,Racing Bulls,0 days 01:48:15.694000,Track Clear,10,False,tsunoda,14.5,73.0,992.5,True,20.7,235,1.6,Lap,2024_12,93.253,8.0,2024_12
104.019,31,4,32.492,41.93,29.597,279.0,240.0,218.0,283.0,INTERMEDIATE,5,True,Alpine,0 days 01:48:16.801000,Track Clear,18,False,ocon,14.5,73.0,992.5,True,20.7,235,1.6,Lap,2024_12,95.488,10.0,2024_12
104.304,32,2,32.626,42.125,29.553,287.0,240.0,215.0,302.0,INTERMEDIATE,5,True,Williams,0 days 01:48:19.573000,Track Clear,11,False,albon,14.5,73.0,992.5,True,20.7,235,1.6,Lap,2024_12,93.098,7.0,2024_12
105.084,32,2,32.999,42.275,29.81,288.0,238.0,215.0,295.0,INTERMEDIATE,5,True,Haas F1 Team,0 days 01:48:23.313000,Track Clear,12,False,kevin_magnussen,14.5,74.0,992.5,True,20.7,224,1.4,Lap,2024_12,93.05449999999999,6.0,2024_12
104.912,32,2,32.973,42.251,29.688,290.0,235.0,206.0,295.0,INTERMEDIATE,5,True,Williams,0 days 01:48:26.153000,Track Clear,13,False,sargeant,14.5,74.0,992.5,True,20.7,224,1.4,Lap,2024_12,93.098,7.0,2024_12
104.144,32,2,32.457,41.969,29.718,294.0,236.0,213.0,297.0,INTERMEDIATE,6,True,Racing Bulls,0 days 01:48:29.777000,Track Clear,14,False,ricciardo,14.5,74.0,992.5,True,20.7,224,1.4,Lap,2024_12,93.253,8.0,2024_12
105.199,32,2,32.618,42.633,29.948,281.0,239.0,217.0,285.0,INTERMEDIATE,6,True,Kick Sauber,0 days 01:48:50.610000,Track Clear,15,False,bottas,14.5,74.0,992.5,True,20.7,224,1.4,Lap,2024_12,95.012,9.0,2024_12
104.316,31,4,32.443,42.381,29.492,,238.0,220.0,287.0,INTERMEDIATE,5,True,Kick Sauber,0 days 01:49:00.371000,Track Clear,19,False,zhou,14.5,74.0,992.5,True,20.7,224,1.4,Lap,2024_12,95.012,9.0,2024_12
102.607,33,2,32.409,41.234,28.964,,242.0,217.0,297.0,INTERMEDIATE,6,True,McLaren,0 days 01:49:08.536000,Track Clear,1,False,norris,14.5,74.0,992.5,True,20.7,224,1.4,Lap,2024_12,91.926,2.0,2024_12
102.435,33,2,32.312,41.325,28.798,,240.0,218.0,297.0,INTERMEDIATE,6,True,Mercedes,0 days 01:49:12.119000,Track Clear,2,False,hamilton,14.5,74.0,992.5,True,20.7,224,1.4,Lap,2024_12,91.731,1.0,2024_12
102.606,33,2,32.275,41.381,28.95,288.0,239.0,219.0,292.0,INTERMEDIATE,7,True,Red Bull Racing,0 days 01:49:19.055000,Track Clear,3,False,max_verstappen,14.5,74.0,992.5,True,20.7,224,1.4,Lap,2024_12,92.871,5.0,2024_12
103.201,33,2,32.248,41.779,29.174,293.0,238.0,217.0,297.0,INTERMEDIATE,7,True,Ferrari,0 days 01:49:27.616000,Track Clear,5,False,sainz,14.6,75.0,992.6,True,21.0,247,0.5,Lap,2024_12,92.705,3.0,2024_12
103.325,33,2,32.527,41.286,29.512,294.0,238.0,206.0,301.0,INTERMEDIATE,5,True,McLaren,0 days 01:49:28.605000,Track Clear,6,False,piastri,14.6,75.0,992.6,True,21.0,247,0.5,Lap,2024_12,91.926,2.0,2024_12
103.795,32,3,32.75,42.098,28.947,,239.0,221.0,296.0,INTERMEDIATE,5,True,Ferrari,0 days 01:49:38.533000,Track Clear,16,False,leclerc,14.6,75.0,992.6,True,21.0,247,0.5,Lap,2024_12,92.705,3.0,2024_12
103.685,33,2,32.347,41.998,29.34,292.0,241.0,216.0,298.0,INTERMEDIATE,7,True,Haas F1 Team,0 days 01:49:46.204000,Track Clear,7,False,hulkenberg,14.6,75.0,992.6,True,21.0,247,0.5,Lap,2024_12,93.05449999999999,6.0,2024_12
104.213,33,2,32.781,41.979,29.453,291.0,237.0,213.0,295.0,INTERMEDIATE,7,True,Aston Martin,0 days 01:49:48.930000,Track Clear,8,False,stroll,14.6,75.0,992.6,True,21.0,247,0.5,Lap,2024_12,92.7645,4.0,2024_12
104.035,32,3,32.368,42.186,29.481,296.0,240.0,214.0,302.0,INTERMEDIATE,4,True,Red Bull Racing,0 days 01:49:49.851000,Track Clear,17,False,perez,14.6,75.0,992.6,True,21.0,247,0.5,Lap,2024_12,92.871,5.0,2024_12
104.262,33,2,32.69,42.065,29.507,286.0,239.0,219.0,291.0,INTERMEDIATE,6,True,Aston Martin,0 days 01:49:57.482000,Track Clear,9,False,alonso,14.6,75.0,992.6,True,21.0,247,0.5,Lap,2024_12,92.7645,4.0,2024_12
104.979,33,2,32.818,42.205,29.956,,240.0,211.0,297.0,INTERMEDIATE,6,True,Racing Bulls,0 days 01:50:00.150000,Track Clear,10,False,tsunoda,14.6,75.0,992.6,True,21.0,247,0.5,Lap,2024_12,93.253,8.0,2024_12
104.673,32,4,32.773,42.158,29.742,283.0,239.0,206.0,285.0,INTERMEDIATE,6,True,Alpine,0 days 01:50:00.820000,Track Clear,18,False,ocon,14.6,75.0,992.6,True,21.0,247,0.5,Lap,2024_12,95.488,10.0,2024_12
104.82,33,2,32.729,42.557,29.534,288.0,238.0,214.0,298.0,INTERMEDIATE,6,True,Williams,0 days 01:50:03.877000,Track Clear,11,False,albon,14.6,75.0,992.6,True,21.0,247,0.5,Lap,2024_12,93.098,7.0,2024_12
105.266,33,2,32.6,42.198,30.468,290.0,237.0,206.0,294.0,INTERMEDIATE,6,True,Haas F1 Team,0 days 01:50:08.397000,Track Clear,12,False,kevin_magnussen,14.6,75.0,992.6,True,21.0,247,0.5,Lap,2024_12,93.05449999999999,6.0,2024_12
105.684,33,2,33.062,42.825,29.797,283.0,235.0,208.0,296.0,INTERMEDIATE,6,True,Williams,0 days 01:50:11.065000,Track Clear,13,False,sargeant,14.6,75.0,992.6,True,21.0,247,0.5,Lap,2024_12,93.098,7.0,2024_12
104.855,33,2,32.877,42.38,29.598,293.0,236.0,215.0,296.0,INTERMEDIATE,7,True,Racing Bulls,0 days 01:50:13.921000,Track Clear,14,False,ricciardo,14.6,75.0,992.6,True,21.0,247,0.5,Lap,2024_12,93.253,8.0,2024_12
105.552,33,2,32.969,43.078,29.505,280.0,239.0,218.0,285.0,INTERMEDIATE,7,True,Kick Sauber,0 days 01:50:35.809000,Track Clear,15,False,bottas,14.6,76.0,992.6,True,21.2,221,1.6,Lap,2024_12,95.012,9.0,2024_12
105.029,32,4,32.927,42.695,29.407,283.0,240.0,220.0,286.0,INTERMEDIATE,6,True,Kick Sauber,0 days 01:50:44.687000,Track Clear,19,False,zhou,14.6,76.0,992.6,True,21.2,221,1.6,Lap,2024_12,95.012,9.0,2024_12
103.078,34,2,32.496,41.716,28.866,292.0,244.0,218.0,297.0,INTERMEDIATE,7,True,McLaren,0 days 01:50:51.143000,Track Clear,1,False,norris,14.6,76.0,992.6,True,21.2,221,1.6,Lap,2024_12,91.926,2.0,2024_12
102.757,34,2,32.419,41.475,28.863,295.0,242.0,217.0,300.0,INTERMEDIATE,7,True,Mercedes,0 days 01:50:54.554000,Track Clear,2,False,hamilton,14.6,76.0,992.6,True,21.2,221,1.6,Lap,2024_12,91.731,1.0,2024_12
102.447,34,2,32.316,41.542,28.589,291.0,240.0,219.0,295.0,INTERMEDIATE,8,True,Red Bull Racing,0 days 01:51:01.661000,Track Clear,3,False,max_verstappen,14.6,76.0,992.6,True,21.2,221,1.6,Lap,2024_12,92.871,5.0,2024_12
102.794,34,2,32.229,41.713,28.852,290.0,240.0,217.0,295.0,INTERMEDIATE,8,True,Ferrari,0 days 01:51:10.817000,Track Clear,4,False,sainz,14.6,76.0,992.6,True,21.2,221,1.6,Lap,2024_12,92.705,3.0,2024_12
103.954,34,2,32.562,41.561,29.831,296.0,240.0,211.0,298.0,INTERMEDIATE,6,True,McLaren,0 days 01:51:11.930000,Track Clear,5,False,piastri,14.6,76.0,992.6,True,21.2,221,1.6,Lap,2024_12,91.926,2.0,2024_12
103.217,33,3,32.727,41.794,28.696,290.0,240.0,220.0,293.0,INTERMEDIATE,6,True,Ferrari,0 days 01:51:22.328000,Track Clear,16,False,leclerc,14.6,76.0,992.6,True,21.2,221,1.6,Lap,2024_12,92.705,3.0,2024_12
104.263,34,2,32.706,42.634,28.923,290.0,241.0,221.0,296.0,INTERMEDIATE,8,True,Haas F1 Team,0 days 01:51:29.889000,Track Clear,6,False,hulkenberg,14.6,76.0,992.5,True,21.3,218,1.5,Lap,2024_12,93.05449999999999,6.0,2024_12
104.171,34,2,32.899,42.051,29.221,293.0,240.0,215.0,299.0,INTERMEDIATE,8,True,Aston Martin,0 days 01:51:33.143000,Track Clear,7,False,stroll,14.6,76.0,992.5,True,21.3,218,1.5,Lap,2024_12,92.7645,4.0,2024_12
104.641,33,3,32.991,42.371,29.279,294.0,238.0,218.0,300.0,INTERMEDIATE,5,True,Red Bull Racing,0 days 01:51:33.886000,Track Clear,17,False,perez,14.6,76.0,992.5,True,21.3,218,1.5,Lap,2024_12,92.871,5.0,2024_12
104.375,34,2,32.987,42.109,29.279,288.0,240.0,225.0,298.0,INTERMEDIATE,7,True,Aston Martin,0 days 01:51:41.744000,Track Clear,8,False,alonso,14.6,76.0,992.5,True,21.3,218,1.5,Lap,2024_12,92.7645,4.0,2024_12
104.923,34,2,33.215,42.395,29.313,294.0,240.0,214.0,297.0,INTERMEDIATE,7,True,Racing Bulls,0 days 01:51:45.129000,Track Clear,9,False,tsunoda,14.6,76.0,992.5,True,21.3,218,1.5,Lap,2024_12,93.253,8.0,2024_12
105.29,33,4,33.217,42.575,29.498,282.0,239.0,218.0,286.0,INTERMEDIATE,7,True,Alpine,0 days 01:51:45.493000,Track Clear,18,False,ocon,14.6,76.0,992.5,True,21.3,218,1.5,Lap,2024_12,95.488,10.0,2024_12
105.216,34,2,33.108,42.763,29.345,291.0,240.0,213.0,300.0,INTERMEDIATE,7,True,Williams,0 days 01:51:48.697000,Track Clear,10,False,albon,14.6,76.0,992.5,True,21.3,218,1.5,Lap,2024_12,93.098,7.0,2024_12
106.135,34,2,33.424,42.868,29.843,289.0,238.0,212.0,296.0,INTERMEDIATE,7,True,Haas F1 Team,0 days 01:51:53.663000,Track Clear,11,False,kevin_magnussen,14.6,76.0,992.5,True,21.3,218,1.5,Lap,2024_12,93.05449999999999,6.0,2024_12
106.095,34,2,33.583,43.202,29.31,,234.0,213.0,295.0,INTERMEDIATE,7,True,Williams,0 days 01:51:56.749000,Track Clear,12,False,sargeant,14.6,76.0,992.5,True,21.3,218,1.5,Lap,2024_12,93.098,7.0,2024_12
105.969,34,2,33.254,43.215,29.5,292.0,236.0,213.0,297.0,INTERMEDIATE,8,True,Racing Bulls,0 days 01:51:58.776000,Track Clear,13,False,ricciardo,14.6,76.0,992.5,True,21.3,218,1.5,Lap,2024_12,93.253,8.0,2024_12
105.199,34,2,33.01,42.817,29.372,281.0,239.0,223.0,285.0,INTERMEDIATE,8,True,Kick Sauber,0 days 01:52:21.361000,Track Clear,14,False,bottas,14.5,75.0,992.6,True,21.2,253,1.4,Lap,2024_12,95.012,9.0,2024_12
105.412,33,4,33.253,43.03,29.129,282.0,239.0,225.0,287.0,INTERMEDIATE,7,True,Kick Sauber,0 days 01:52:29.716000,Track Clear,19,False,zhou,14.5,75.0,992.6,True,21.2,253,1.4,Lap,2024_12,95.012,9.0,2024_12
102.935,35,2,32.639,41.786,28.51,295.0,244.0,222.0,299.0,INTERMEDIATE,8,True,McLaren,0 days 01:52:34.221000,Track Clear,1,False,norris,14.5,75.0,992.6,True,21.2,253,1.4,Lap,2024_12,91.926,2.0,2024_12
102.271,35,2,32.513,41.544,28.214,296.0,243.0,225.0,299.0,INTERMEDIATE,8,True,Mercedes,0 days 01:52:37.311000,Track Clear,2,False,hamilton,14.5,75.0,992.6,True,21.2,253,1.4,Lap,2024_12,91.731,1.0,2024_12
103.029,35,2,32.556,42.058,28.415,292.0,243.0,223.0,295.0,INTERMEDIATE,9,True,Red Bull Racing,0 days 01:52:44.108000,Track Clear,3,False,max_verstappen,14.5,75.0,992.6,True,21.2,253,1.4,Lap,2024_12,92.871,5.0,2024_12
103.59,35,2,32.466,42.505,28.619,293.0,240.0,222.0,297.0,INTERMEDIATE,9,True,Ferrari,0 days 01:52:53.611000,Track Clear,4,False,sainz,14.5,75.0,992.6,True,21.2,253,1.4,Lap,2024_12,92.705,3.0,2024_12
103.309,35,2,32.603,42.066,28.64,292.0,243.0,225.0,297.0,INTERMEDIATE,7,True,McLaren,0 days 01:52:55.884000,Track Clear,5,False,piastri,14.5,75.0,992.6,True,21.2,253,1.4,Lap,2024_12,91.926,2.0,2024_12
103.604,34,3,32.822,42.268,28.514,292.0,243.0,224.0,297.0,INTERMEDIATE,7,True,Ferrari,0 days 01:53:05.545000,Track Clear,15,False,leclerc,14.5,75.0,992.6,True,21.2,253,1.4,Lap,2024_12,92.705,3.0,2024_12
104.042,35,2,32.661,42.837,28.544,289.0,244.0,225.0,295.0,INTERMEDIATE,9,True,Haas F1 Team,0 days 01:53:14.152000,Track Clear,6,False,hulkenberg,14.5,75.0,992.6,True,21.2,253,1.4,Lap,2024_12,93.05449999999999,6.0,2024_12
104.422,35,2,32.82,42.798,28.804,290.0,239.0,219.0,299.0,INTERMEDIATE,9,True,Aston Martin,0 days 01:53:17.314000,Track Clear,7,False,stroll,14.5,75.0,992.6,True,21.2,253,1.4,Lap,2024_12,92.7645,4.0,2024_12
105.045,34,3,33.18,43.118,28.747,291.0,242.0,206.0,297.0,INTERMEDIATE,6,True,Red Bull Racing,0 days 01:53:18.527000,Track Clear,16,False,perez,14.5,75.0,992.6,True,21.2,253,1.4,Lap,2024_12,92.871,5.0,2024_12
104.251,35,2,32.897,42.599,28.755,291.0,241.0,230.0,299.0,INTERMEDIATE,8,True,Aston Martin,0 days 01:53:26.119000,Track Clear,8,False,alonso,14.6,75.0,992.5,True,21.2,240,1.7,Lap,2024_12,92.7645,4.0,2024_12
104.782,35,2,32.984,43.231,28.567,,240.0,229.0,298.0,INTERMEDIATE,8,True,Racing Bulls,0 days 01:53:30.052000,Track Clear,9,False,tsunoda,14.6,75.0,992.5,True,21.2,240,1.7,Lap,2024_12,93.253,8.0,2024_12
105.511,34,4,32.936,43.563,29.012,,240.0,226.0,285.0,INTERMEDIATE,8,True,Alpine,0 days 01:53:30.783000,Track Clear,17,False,ocon,14.6,75.0,992.5,True,21.2,240,1.7,Lap,2024_12,95.488,10.0,2024_12
105.202,35,2,33.118,43.02,29.064,284.0,241.0,177.0,302.0,INTERMEDIATE,8,True,Williams,0 days 01:53:33.913000,Track Clear,10,True,albon,14.6,75.0,992.5,True,21.2,240,1.7,Lap,2024_12,93.098,7.0,2024_12
105.557,35,2,32.926,43.409,29.222,290.0,238.0,220.0,296.0,INTERMEDIATE,8,True,Haas F1 Team,0 days 01:53:39.798000,Track Clear,11,False,kevin_magnussen,14.6,75.0,992.5,True,21.2,240,1.7,Lap,2024_12,93.05449999999999,6.0,2024_12
105.851,35,2,33.475,43.543,28.833,293.0,235.0,213.0,299.0,INTERMEDIATE,8,True,Williams,0 days 01:53:42.844000,Track Clear,12,False,sargeant,14.6,75.0,992.5,True,21.2,240,1.7,Lap,2024_12,93.098,7.0,2024_12
105.535,35,2,33.149,43.7,28.686,,241.0,222.0,297.0,INTERMEDIATE,9,True,Racing Bulls,0 days 01:53:44.745000,Track Clear,13,False,ricciardo,14.6,75.0,992.5,True,21.2,240,1.7,Lap,2024_12,93.253,8.0,2024_12
105.476,35,2,32.821,43.982,28.673,,238.0,232.0,286.0,INTERMEDIATE,9,True,Kick Sauber,0 days 01:54:06.560000,Track Clear,14,False,bottas,14.6,75.0,992.5,True,21.2,240,1.7,Lap,2024_12,95.012,9.0,2024_12
102.34,36,2,32.53,42.138,27.672,296.0,247.0,224.0,299.0,INTERMEDIATE,9,True,McLaren,0 days 01:54:17.156000,Track Clear,1,False,norris,14.6,75.0,992.5,True,21.2,240,1.7,Lap,2024_12,91.926,2.0,2024_12
101.924,36,2,32.184,42.037,27.703,297.0,243.0,236.0,300.0,INTERMEDIATE,9,True,Mercedes,0 days 01:54:19.582000,Track Clear,2,False,hamilton,14.6,75.0,992.5,True,21.2,240,1.7,Lap,2024_12,91.731,1.0,2024_12
108.01,34,4,33.092,45.14,29.778,,233.0,230.0,277.0,INTERMEDIATE,8,True,Kick Sauber,0 days 01:54:15.128000,Track Clear,18,False,zhou,14.6,75.0,992.5,True,21.2,240,1.7,Lap,2024_12,95.012,9.0,2024_12
101.958,36,2,32.172,42.007,27.779,293.0,240.0,234.0,294.0,INTERMEDIATE,10,True,Red Bull Racing,0 days 01:54:27.137000,Track Clear,3,False,max_verstappen,14.5,76.0,992.5,True,21.4,232,1.2,Lap,2024_12,92.871,5.0,2024_12
102.748,36,2,32.172,42.765,27.811,294.0,241.0,232.0,298.0,INTERMEDIATE,10,True,Ferrari,0 days 01:54:37.201000,Track Clear,4,False,sainz,14.5,76.0,992.5,True,21.4,232,1.2,Lap,2024_12,92.705,3.0,2024_12
102.52,36,2,32.217,42.282,28.021,295.0,245.0,236.0,302.0,INTERMEDIATE,8,True,McLaren,0 days 01:54:39.193000,Track Clear,5,False,piastri,14.5,76.0,992.5,True,21.4,232,1.2,Lap,2024_12,91.926,2.0,2024_12
102.415,35,3,32.363,42.147,27.905,293.0,244.0,236.0,297.0,INTERMEDIATE,8,True,Ferrari,0 days 01:54:49.149000,Track Clear,15,False,leclerc,14.5,76.0,992.5,True,21.4,232,1.2,Lap,2024_12,92.705,3.0,2024_12
103.044,36,2,32.248,42.618,28.178,293.0,246.0,229.0,299.0,INTERMEDIATE,10,True,Haas F1 Team,0 days 01:54:58.194000,Track Clear,6,False,hulkenberg,14.5,76.0,992.5,True,21.4,232,1.2,Lap,2024_12,93.05449999999999,6.0,2024_12
103.0,36,2,32.334,42.363,28.303,,240.0,224.0,301.0,INTERMEDIATE,10,True,Aston Martin,0 days 01:55:01.736000,Track Clear,7,False,stroll,14.5,76.0,992.5,True,21.4,232,1.2,Lap,2024_12,92.7645,4.0,2024_12
103.534,35,3,32.741,42.478,28.315,,238.0,224.0,299.0,INTERMEDIATE,7,True,Red Bull Racing,0 days 01:55:03.572000,Track Clear,16,False,perez,14.5,76.0,992.5,True,21.4,232,1.2,Lap,2024_12,92.871,5.0,2024_12
102.513,36,2,32.485,41.834,28.194,288.0,242.0,238.0,298.0,INTERMEDIATE,9,True,Aston Martin,0 days 01:55:10.370000,Track Clear,8,False,alonso,14.5,76.0,992.5,True,21.4,232,1.2,Lap,2024_12,92.7645,4.0,2024_12
102.726,36,2,32.477,42.368,27.881,,241.0,232.0,298.0,INTERMEDIATE,9,True,Racing Bulls,0 days 01:55:14.834000,Track Clear,9,False,tsunoda,14.5,76.0,992.5,True,21.4,232,1.2,Lap,2024_12,93.253,8.0,2024_12
102.995,35,4,32.526,42.351,28.118,,241.0,235.0,286.0,INTERMEDIATE,9,True,Alpine,0 days 01:55:16.294000,Track Clear,17,False,ocon,14.5,76.0,992.5,True,21.4,232,1.2,Lap,2024_12,95.488,10.0,2024_12
103.075,36,2,32.953,42.03,28.092,292.0,243.0,225.0,300.0,INTERMEDIATE,9,True,Williams,0 days 01:55:19.115000,Track Clear,10,True,albon,14.5,76.0,992.5,True,21.4,232,1.2,Lap,2024_12,93.098,7.0,2024_12
103.611,36,2,32.486,42.725,28.4,,237.0,227.0,297.0,INTERMEDIATE,9,True,Haas F1 Team,0 days 01:55:25.355000,Track Clear,11,False,kevin_magnussen,14.6,78.0,992.5,True,22.5,201,1.3,Lap,2024_12,93.05449999999999,6.0,2024_12
103.365,36,2,32.793,42.356,28.216,287.0,237.0,228.0,300.0,INTERMEDIATE,9,True,Williams,0 days 01:55:28.695000,Track Clear,12,False,sargeant,14.6,78.0,992.5,True,22.5,201,1.3,Lap,2024_12,93.098,7.0,2024_12
103.213,36,2,32.5,42.387,28.326,295.0,239.0,231.0,299.0,INTERMEDIATE,10,True,Racing Bulls,0 days 01:55:30.280000,Track Clear,13,False,ricciardo,14.6,78.0,992.5,True,22.5,201,1.3,Lap,2024_12,93.253,8.0,2024_12
102.968,36,2,32.265,42.732,27.971,,239.0,237.0,287.0,INTERMEDIATE,10,True,Kick Sauber,0 days 01:55:52.036000,Track Clear,14,False,bottas,14.6,78.0,992.5,True,22.5,201,1.3,Lap,2024_12,95.012,9.0,2024_12
99.786,37,2,31.936,40.846,27.004,292.0,246.0,238.0,299.0,INTERMEDIATE,10,True,McLaren,0 days 01:55:59.496000,Track Clear,1,False,norris,14.6,78.0,992.5,True,22.5,201,1.3,Lap,2024_12,91.926,2.0,2024_12
99.711,37,2,31.694,41.125,26.892,296.0,246.0,243.0,302.0,INTERMEDIATE,10,True,Mercedes,0 days 01:56:01.506000,Track Clear,2,False,hamilton,14.6,78.0,992.5,True,22.5,201,1.3,Lap,2024_12,91.731,1.0,2024_12
102.569,35,4,32.458,42.08,28.031,293.0,243.0,234.0,297.0,INTERMEDIATE,9,True,Kick Sauber,0 days 01:56:03.138000,Track Clear,18,False,zhou,14.6,78.0,992.5,True,22.5,201,1.3,Lap,2024_12,95.012,9.0,2024_12
98.869,37,2,31.547,40.385,26.937,292.0,246.0,242.0,295.0,INTERMEDIATE,11,True,Red Bull Racing,0 days 01:56:09.095000,Track Clear,3,False,max_verstappen,14.6,78.0,992.5,True,22.5,201,1.3,Lap,2024_12,92.871,5.0,2024_12
100.432,37,2,31.728,41.435,27.269,290.0,241.0,242.0,297.0,INTERMEDIATE,11,True,Ferrari,0 days 01:56:19.949000,Track Clear,4,False,sainz,14.6,78.0,992.5,True,22.5,201,1.3,Lap,2024_12,92.705,3.0,2024_12
99.635,37,2,31.659,40.593,27.383,292.0,244.0,242.0,295.0,INTERMEDIATE,9,True,McLaren,0 days 01:56:21.713000,Track Clear,5,False,piastri,14.6,78.0,992.5,True,22.5,201,1.3,Lap,2024_12,91.926,2.0,2024_12
100.091,36,3,31.807,41.036,27.248,290.0,245.0,238.0,297.0,INTERMEDIATE,9,True,Ferrari,0 days 01:56:31.564000,Track Clear,15,False,leclerc,14.6,77.0,992.5,True,23.8,242,1.8,Lap,2024_12,92.705,3.0,2024_12
100.657,37,2,31.62,41.483,27.554,292.0,245.0,231.0,299.0,INTERMEDIATE,11,True,Haas F1 Team,0 days 01:56:41.238000,Track Clear,6,False,hulkenberg,14.6,77.0,992.5,True,23.8,242,1.8,Lap,2024_12,93.05449999999999,6.0,2024_12
100.825,37,2,31.891,41.183,27.751,294.0,242.0,229.0,301.0,INTERMEDIATE,11,True,Aston Martin,0 days 01:56:44.736000,Track Clear,7,False,stroll,14.6,77.0,992.5,True,23.8,242,1.8,Lap,2024_12,92.7645,4.0,2024_12
101.845,36,3,32.059,41.861,27.925,294.0,242.0,230.0,299.0,INTERMEDIATE,8,True,Red Bull Racing,0 days 01:56:47.106000,Track Clear,16,False,perez,14.6,77.0,992.5,True,23.8,242,1.8,Lap,2024_12,92.871,5.0,2024_12
100.747,37,2,32.089,41.001,27.657,293.0,243.0,238.0,294.0,INTERMEDIATE,10,True,Aston Martin,0 days 01:56:52.883000,Track Clear,8,False,alonso,14.6,77.0,992.5,True,23.8,242,1.8,Lap,2024_12,92.7645,4.0,2024_12
101.098,37,2,32.029,41.316,27.753,295.0,244.0,235.0,299.0,INTERMEDIATE,10,True,Racing Bulls,0 days 01:56:57.560000,Track Clear,9,False,tsunoda,14.6,77.0,992.5,True,23.8,242,1.8,Lap,2024_12,93.253,8.0,2024_12
101.215,36,4,32.124,41.176,27.915,278.0,243.0,234.0,285.0,INTERMEDIATE,10,True,Alpine,0 days 01:56:59.289000,Track Clear,17,False,ocon,14.6,77.0,992.5,True,23.8,242,1.8,Lap,2024_12,95.488,10.0,2024_12
100.273,37,2,31.87,40.87,27.533,291.0,243.0,231.0,296.0,INTERMEDIATE,10,True,Williams,0 days 01:57:02.190000,Track Clear,10,False,albon,14.6,77.0,992.5,True,23.8,242,1.8,Lap,2024_12,93.098,7.0,2024_12
102.207,37,2,32.262,41.533,28.412,295.0,238.0,227.0,295.0,INTERMEDIATE,10,True,Williams,0 days 01:57:12.060000,Track Clear,13,False,sargeant,14.6,77.0,992.5,True,23.8,242,1.8,Lap,2024_12,93.098,7.0,2024_12
97.999,38,2,31.328,39.844,26.827,294.0,249.0,237.0,300.0,INTERMEDIATE,11,True,McLaren,0 days 01:57:39.282000,Track Clear,1,False,norris,14.6,76.0,992.6,True,24.2,237,1.9,Lap,2024_12,91.926,2.0,2024_12
102.823,36,4,32.08,42.606,28.137,286.0,247.0,228.0,294.0,INTERMEDIATE,10,True,Kick Sauber,0 days 01:57:45.707000,Track Clear,18,False,zhou,14.6,76.0,992.6,True,24.2,237,1.9,Lap,2024_12,95.012,9.0,2024_12
98.37,38,2,31.076,40.107,27.187,289.0,248.0,238.0,296.0,INTERMEDIATE,12,True,Ferrari,0 days 01:58:00.381000,Track Clear,5,False,sainz,14.6,76.0,992.6,True,24.2,237,1.9,Lap,2024_12,92.705,3.0,2024_12
98.854,38,2,31.437,40.207,27.21,291.0,248.0,234.0,297.0,INTERMEDIATE,12,True,Haas F1 Team,0 days 01:58:21.895000,Track Clear,6,False,hulkenberg,14.6,76.0,992.6,True,24.2,237,1.9,Lap,2024_12,93.05449999999999,6.0,2024_12
99.373,38,2,31.361,40.574,27.438,295.0,245.0,229.0,300.0,INTERMEDIATE,12,True,Aston Martin,0 days 01:58:25.561000,Track Clear,7,False,stroll,14.6,76.0,992.6,True,24.2,237,1.9,Lap,2024_12,92.7645,4.0,2024_12
102.235,37,4,32.044,40.766,29.425,274.0,245.0,236.0,234.0,INTERMEDIATE,11,True,Alpine,0 days 01:58:40.504000,Track Clear,17,False,ocon,14.6,78.0,992.5,False,24.6,245,1.4,Lap,2024_12,95.488,10.0,2024_12
90.196,43,3,28.864,36.431,24.901,294.0,259.0,250.0,298.0,MEDIUM,4,True,Aston Martin,0 days 02:06:38.984000,Track Clear,7,False,stroll,15.4,72.0,992.5,True,24.5,215,2.0,Lap,2024_12,92.7645,4.0,2024_12
90.098,43,3,29.019,36.291,24.788,291.0,260.0,251.0,297.0,MEDIUM,5,True,Aston Martin,0 days 02:06:43.455000,Track Clear,8,False,alonso,15.4,72.0,992.5,True,24.5,215,2.0,Lap,2024_12,92.7645,4.0,2024_12
90.542,42,4,29.011,36.465,25.066,292.0,260.0,250.0,302.0,MEDIUM,5,True,Red Bull Racing,0 days 02:06:45.449000,Track Clear,16,False,perez,15.4,72.0,992.5,True,24.5,215,2.0,Lap,2024_12,92.871,5.0,2024_12
90.229,43,3,28.971,36.404,24.854,293.0,262.0,250.0,297.0,SOFT,5,True,Racing Bulls,0 days 02:06:49.414000,Track Clear,9,False,tsunoda,15.4,72.0,992.5,True,24.5,215,2.0,Lap,2024_12,93.253,8.0,2024_12
90.126,43,3,28.831,36.486,24.809,311.0,263.0,252.0,316.0,MEDIUM,5,True,Williams,0 days 02:06:50.046000,Track Clear,10,False,albon,15.4,72.0,992.5,True,24.5,215,2.0,Lap,2024_12,93.098,7.0,2024_12
90.454,43,3,29.036,36.552,24.866,287.0,259.0,248.0,302.0,SOFT,6,True,Haas F1 Team,0 days 02:07:00.921000,Track Clear,11,False,kevin_magnussen,15.4,72.0,992.5,True,24.5,215,2.0,Lap,2024_12,93.05449999999999,6.0,2024_12
90.162,43,3,29.054,36.445,24.663,309.0,262.0,251.0,318.0,SOFT,5,True,Williams,0 days 02:07:01.534000,Track Clear,12,False,sargeant,15.4,72.0,992.5,True,24.5,215,2.0,Lap,2024_12,93.098,7.0,2024_12
91.198,43,3,29.188,36.801,25.209,292.0,258.0,248.0,299.0,SOFT,6,True,Racing Bulls,0 days 02:07:04.924000,Track Clear,13,False,ricciardo,15.4,72.0,992.5,True,24.5,215,2.0,Lap,2024_12,93.253,8.0,2024_12
91.187,42,5,29.223,36.785,25.179,278.0,256.0,251.0,286.0,MEDIUM,4,True,Alpine,0 days 02:07:06.261000,Track Clear,17,False,ocon,15.4,72.0,992.5,True,24.5,215,2.0,Lap,2024_12,95.488,10.0,2024_12
89.697,44,3,29.087,36.164,24.446,292.0,261.0,250.0,300.0,SOFT,7,False,Mercedes,0 days 02:07:15.672000,Track Clear,1,False,hamilton,15.4,72.0,992.5,True,24.5,215,2.0,Lap,2024_12,91.731,1.0,2024_12
89.752,44,3,29.102,36.086,24.564,293.0,263.0,251.0,300.0,SOFT,7,False,McLaren,0 days 02:07:17.868000,Track Clear,2,False,norris,15.4,72.0,992.5,True,24.5,215,2.0,Lap,2024_12,91.926,2.0,2024_12
89.372,44,3,28.97,35.867,24.535,294.0,263.0,250.0,294.0,HARD,6,True,Red Bull Racing,0 days 02:07:20.475000,Track Clear,3,False,max_verstappen,15.4,72.0,992.5,True,24.5,215,2.0,Lap,2024_12,92.871,5.0,2024_12
89.221,44,3,29.001,35.816,24.404,,263.0,252.0,300.0,MEDIUM,6,True,McLaren,0 days 02:07:31.466000,Track Clear,4,False,piastri,15.4,72.0,992.5,True,24.5,215,2.0,Lap,2024_12,91.926,2.0,2024_12
91.732,43,3,29.24,37.244,25.248,,257.0,249.0,292.0,SOFT,6,True,Kick Sauber,0 days 02:07:37.398000,Track Clear,14,False,bottas,15.4,73.0,992.5,True,24.5,241,2.0,Lap,2024_12,95.012,9.0,2024_12
89.739,44,3,28.895,36.304,24.54,292.0,264.0,251.0,301.0,HARD,5,True,Ferrari,0 days 02:07:42.525000,Track Clear,5,False,sainz,15.4,73.0,992.5,True,24.5,241,2.0,Lap,2024_12,92.705,3.0,2024_12
89.748,43,4,28.997,36.106,24.645,290.0,262.0,251.0,296.0,SOFT,6,True,Ferrari,0 days 02:07:50.049000,Track Clear,15,False,leclerc,15.4,73.0,992.5,True,24.5,241,2.0,Lap,2024_12,92.705,3.0,2024_12
91.121,42,5,29.293,36.625,25.203,286.0,260.0,249.0,292.0,SOFT,6,False,Kick Sauber,0 days 02:07:53.884000,Track Clear,18,False,zhou,15.4,73.0,992.5,True,24.5,241,2.0,Lap,2024_12,95.012,9.0,2024_12
90.392,44,3,29.116,36.564,24.712,289.0,260.0,250.0,297.0,SOFT,8,False,Haas F1 Team,0 days 02:08:05.287000,Track Clear,6,False,hulkenberg,15.4,73.0,992.5,True,24.5,241,2.0,Lap,2024_12,93.05449999999999,6.0,2024_12
90.03,44,3,28.951,36.361,24.718,296.0,261.0,250.0,299.0,MEDIUM,5,True,Aston Martin,0 days 02:08:09.180000,Track Clear,7,False,stroll,15.4,73.0,992.5,True,24.5,241,2.0,Lap,2024_12,92.7645,4.0,2024_12
89.93,44,3,28.979,36.26,24.691,292.0,260.0,252.0,297.0,MEDIUM,6,True,Aston Martin,0 days 02:08:13.553000,Track Clear,8,False,alonso,15.4,73.0,992.5,True,24.5,241,2.0,Lap,2024_12,92.7645,4.0,2024_12
90.229,43,4,29.012,36.421,24.796,294.0,260.0,250.0,302.0,MEDIUM,6,True,Red Bull Racing,0 days 02:08:15.991000,Track Clear,16,False,perez,15.4,73.0,992.5,True,24.5,241,2.0,Lap,2024_12,92.871,5.0,2024_12
90.882,44,3,29.11,36.404,25.368,296.0,262.0,250.0,305.0,SOFT,6,True,Racing Bulls,0 days 02:08:19.643000,Track Clear,9,False,tsunoda,15.4,73.0,992.5,True,24.5,241,2.0,Lap,2024_12,93.253,8.0,2024_12
90.74,44,3,28.967,36.502,25.271,313.0,264.0,249.0,331.0,MEDIUM,6,True,Williams,0 days 02:08:20.172000,Track Clear,10,False,albon,15.4,73.0,992.5,True,24.5,241,2.0,Lap,2024_12,93.098,7.0,2024_12
90.003,44,3,29.318,36.546,24.139,310.0,266.0,250.0,329.0,SOFT,6,True,Williams,0 days 02:08:31.696000,Track Clear,11,False,sargeant,15.4,73.0,992.5,True,24.5,241,2.0,Lap,2024_12,93.098,7.0,2024_12
91.342,44,3,29.228,36.595,25.519,288.0,260.0,247.0,304.0,SOFT,7,True,Haas F1 Team,0 days 02:08:31.375000,Track Clear,12,False,kevin_magnussen,15.4,73.0,992.5,True,24.5,241,2.0,Lap,2024_12,93.05449999999999,6.0,2024_12
85.804,2,1,21.592,45.633,18.579,296.0,207.0,301.0,236.0,INTERMEDIATE,5,False,Mercedes,0 days 01:13:25.562000,Track Clear,1,False,russell,22.4,78.0,926.6,True,24.6,265,0.7,Lap,2024_21,84.50800000000001,2.0,2024_21
86.207,2,1,21.92,45.959,18.328,295.0,211.0,299.0,228.0,INTERMEDIATE,5,False,McLaren,0 days 01:13:26.849000,Track Clear,2,False,norris,22.4,78.0,926.6,True,24.6,265,0.7,Lap,2024_21,84.54050000000001,4.0,2024_21
86.351,2,1,22.026,45.848,18.477,289.0,212.0,304.0,239.0,INTERMEDIATE,5,False,Racing Bulls,0 days 01:13:28.795000,Track Clear,3,False,tsunoda,22.4,78.0,926.6,True,24.6,265,0.7,Lap,2024_21,84.80000000000001,6.0,2024_21
86.376,2,1,22.069,45.797,18.51,283.0,201.0,296.0,226.0,INTERMEDIATE,4,False,Alpine,0 days 01:13:29.513000,Track Clear,4,False,ocon,22.4,78.0,926.6,True,24.6,265,0.7,Lap,2024_21,84.458,1.0,2024_21
86.521,2,1,22.177,45.952,18.392,294.0,218.0,307.0,230.0,INTERMEDIATE,4,False,Ferrari,0 days 01:13:30.014000,Track Clear,5,False,leclerc,22.4,78.0,926.6,True,24.6,265,0.7,Lap,2024_21,85.191,8.0,2024_21
86.807,2,1,22.112,46.333,18.362,290.0,212.0,307.0,237.0,INTERMEDIATE,5,False,Racing Bulls,0 days 01:13:31.038000,Track Clear,6,False,lawson,22.4,78.0,926.6,True,24.6,265,0.7,Lap,2024_21,84.80000000000001,6.0,2024_21
87.194,2,1,22.281,46.322,18.591,292.0,202.0,305.0,222.0,INTERMEDIATE,5,False,McLaren,0 days 01:13:31.690000,Track Clear,7,False,piastri,22.4,78.0,926.6,True,24.6,265,0.7,Lap,2024_21,84.54050000000001,4.0,2024_21
87.116,2,1,22.133,46.422,18.561,294.0,208.0,305.0,228.0,INTERMEDIATE,2,True,Aston Martin,0 days 01:13:32.364000,Track Clear,8,False,alonso,22.4,78.0,926.6,True,24.6,265,0.7,Lap,2024_21,84.697,5.0,2024_21
87.33,2,1,22.143,46.527,18.66,297.0,212.0,305.0,236.0,INTERMEDIATE,2,True,Alpine,0 days 01:13:33.098000,Track Clear,9,False,gasly,22.4,78.0,926.6,True,24.6,265,0.7,Lap,2024_21,84.458,1.0,2024_21
87.134,2,1,21.981,46.412,18.741,300.0,218.0,307.0,248.0,INTERMEDIATE,2,True,Red Bull Racing,0 days 01:13:34.207000,Track Clear,10,False,max_verstappen,22.4,78.0,926.6,True,24.6,265,0.7,Lap,2024_21,84.52600000000001,3.0,2024_21
87.832,2,1,22.928,46.502,18.402,294.0,216.0,310.0,226.0,INTERMEDIATE,2,True,Mercedes,0 days 01:13:33.920000,Track Clear,11,False,hamilton,22.4,78.0,926.6,True,24.6,265,0.7,Lap,2024_21,84.50800000000001,2.0,2024_21
87.983,2,1,22.518,46.934,18.531,294.0,218.0,308.0,232.0,INTERMEDIATE,2,True,Williams,0 days 01:13:34.989000,Track Clear,12,False,colapinto,22.4,78.0,926.6,True,24.6,265,0.7,Lap,2024_21,85.762,10.0,2024_21
88.376,2,1,22.66,46.976,18.74,299.0,216.0,305.0,230.0,INTERMEDIATE,2,True,Haas F1 Team,0 days 01:13:35.537000,Track Clear,13,False,bearman,22.4,78.0,926.6,True,24.6,265,0.7,Lap,2024_21,84.973,7.0,2024_21
87.576,2,1,22.175,46.821,18.58,288.0,207.0,312.0,244.0,INTERMEDIATE,2,True,Haas F1 Team,0 days 01:13:36.628000,Track Clear,14,False,hulkenberg,22.4,78.0,926.6,True,24.6,265,0.7,Lap,2024_21,84.973,7.0,2024_21
88.923,2,1,22.683,47.175,19.065,295.0,205.0,296.0,228.0,INTERMEDIATE,2,True,Kick Sauber,0 days 01:13:36.696000,Track Clear,15,False,bottas,22.4,78.0,926.6,True,24.6,265,0.7,Lap,2024_21,85.637,9.0,2024_21
89.022,2,1,22.958,47.19,18.874,284.0,205.0,299.0,213.0,INTERMEDIATE,2,True,Kick Sauber,0 days 01:13:37.796000,Track Clear,16,False,zhou,22.4,78.0,926.6,True,24.6,265,0.7,Lap,2024_21,85.637,9.0,2024_21
89.021,2,1,22.675,47.652,18.694,297.0,201.0,308.0,230.0,INTERMEDIATE,2,True,Ferrari,0 days 01:13:38.480000,Track Clear,17,False,sainz,22.4,78.0,926.6,True,24.6,265,0.7,Lap,2024_21,85.191,8.0,2024_21
87.047,2,1,22.553,45.803,18.691,293.0,203.0,303.0,231.0,INTERMEDIATE,2,True,Red Bull Racing,0 days 01:13:44.433000,Track Clear,18,False,perez,22.4,78.0,926.6,True,24.6,265,0.7,Lap,2024_21,84.52600000000001,3.0,2024_21
85.598,3,1,21.437,45.59,18.571,298.0,210.0,301.0,251.0,INTERMEDIATE,6,False,Mercedes,0 days 01:14:51.366000,Track Clear,1,False,russell,22.4,78.0,926.7,True,24.6,72,1.2,Lap,2024_21,84.50800000000001,2.0,2024_21
85.402,3,1,21.685,45.297,18.42,293.0,217.0,299.0,245.0,INTERMEDIATE,6,False,McLaren,0 days 01:14:53.056000,Track Clear,2,False,norris,22.4,78.0,926.7,True,24.6,72,1.2,Lap,2024_21,84.54050000000001,4.0,2024_21
86.018,3,1,21.692,45.936,18.39,,214.0,302.0,241.0,INTERMEDIATE,6,False,Racing Bulls,0 days 01:14:55.146000,Track Clear,3,False,tsunoda,22.4,78.0,926.7,True,24.6,72,1.2,Lap,2024_21,84.80000000000001,6.0,2024_21
86.338,3,1,21.898,45.879,18.561,293.0,201.0,304.0,233.0,INTERMEDIATE,5,False,Alpine,0 days 01:14:55.889000,Track Clear,4,False,ocon,22.4,78.0,926.7,True,24.6,72,1.2,Lap,2024_21,84.458,1.0,2024_21
86.205,3,1,21.863,45.787,18.555,291.0,218.0,306.0,238.0,INTERMEDIATE,5,False,Ferrari,0 days 01:14:56.535000,Track Clear,5,False,leclerc,22.4,78.0,926.7,True,24.6,72,1.2,Lap,2024_21,85.191,8.0,2024_21
86.348,3,1,21.878,45.987,18.483,293.0,211.0,305.0,,INTERMEDIATE,6,False,Racing Bulls,0 days 01:14:57.845000,Track Clear,6,False,lawson,22.3,78.0,926.5,True,24.5,187,0.9,Lap,2024_21,84.80000000000001,6.0,2024_21
86.233,3,1,22.341,45.471,18.421,291.0,206.0,305.0,240.0,INTERMEDIATE,6,False,McLaren,0 days 01:14:58.884000,Track Clear,7,False,piastri,22.3,78.0,926.5,True,24.5,187,0.9,Lap,2024_21,84.54050000000001,4.0,2024_21
86.966,3,1,22.158,46.269,18.539,296.0,217.0,303.0,229.0,INTERMEDIATE,3,True,Aston Martin,0 days 01:14:59.480000,Track Clear,8,False,alonso,22.3,78.0,926.5,True,24.5,187,0.9,Lap,2024_21,84.697,5.0,2024_21
86.668,3,1,21.874,46.208,18.586,300.0,215.0,304.0,246.0,INTERMEDIATE,3,True,Alpine,0 days 01:15:00.428000,Track Clear,9,False,gasly,22.3,78.0,926.5,True,24.5,187,0.9,Lap,2024_21,84.458,1.0,2024_21
86.24,3,1,21.716,45.98,18.544,294.0,208.0,310.0,245.0,INTERMEDIATE,3,True,Red Bull Racing,0 days 01:15:01.341000,Track Clear,10,False,max_verstappen,22.3,78.0,926.5,True,24.5,187,0.9,Lap,2024_21,84.52600000000001,3.0,2024_21
86.853,3,1,22.075,46.17,18.608,,212.0,305.0,228.0,INTERMEDIATE,3,True,Mercedes,0 days 01:15:01.752000,Track Clear,11,False,hamilton,22.3,78.0,926.5,True,24.5,187,0.9,Lap,2024_21,84.50800000000001,2.0,2024_21
87.14,3,1,22.269,46.426,18.445,295.0,212.0,309.0,234.0,INTERMEDIATE,3,True,Williams,0 days 01:15:02.972000,Track Clear,12,False,colapinto,22.3,78.0,926.5,True,24.5,187,0.9,Lap,2024_21,85.762,10.0,2024_21
86.798,3,1,22.342,46.0,18.456,301.0,218.0,306.0,227.0,INTERMEDIATE,3,True,Haas F1 Team,0 days 01:15:03.913000,Track Clear,13,False,bearman,22.3,78.0,926.5,True,24.5,187,0.9,Lap,2024_21,84.973,7.0,2024_21
87.18,3,1,22.348,46.381,18.451,282.0,210.0,304.0,236.0,INTERMEDIATE,3,True,Haas F1 Team,0 days 01:15:04.204000,Track Clear,14,False,hulkenberg,22.3,78.0,926.5,True,24.5,187,0.9,Lap,2024_21,84.973,7.0,2024_21
87.735,3,1,22.456,46.453,18.826,292.0,209.0,296.0,239.0,INTERMEDIATE,3,True,Kick Sauber,0 days 01:15:05.619000,Track Clear,15,False,bottas,22.3,78.0,926.5,True,24.5,187,0.9,Lap,2024_21,85.637,9.0,2024_21
87.514,3,1,22.334,46.04,19.14,297.0,216.0,299.0,229.0,INTERMEDIATE,3,True,Kick Sauber,0 days 01:15:06.818000,Track Clear,16,False,zhou,22.3,78.0,926.5,True,24.5,187,0.9,Lap,2024_21,85.637,9.0,2024_21
86.884,3,1,22.328,46.065,18.491,302.0,217.0,308.0,241.0,INTERMEDIATE,3,True,Ferrari,0 days 01:15:07.501000,Track Clear,17,False,sainz,22.3,78.0,926.5,True,24.5,187,0.9,Lap,2024_21,85.191,8.0,2024_21
85.891,3,1,21.828,45.454,18.609,300.0,207.0,305.0,237.0,INTERMEDIATE,3,True,Red Bull Racing,0 days 01:15:11.480000,Track Clear,18,False,perez,22.3,78.0,926.5,True,24.5,187,0.9,Lap,2024_21,84.52600000000001,3.0,2024_21
85.317,5,1,21.719,45.089,18.509,300.0,219.0,303.0,237.0,INTERMEDIATE,8,False,Mercedes,0 days 01:17:42.606000,Track Clear,1,False,russell,22.2,78.0,926.6,True,24.6,201,0.7,Lap,2024_21,84.50800000000001,2.0,2024_21
85.012,5,1,21.699,44.96,18.353,298.0,217.0,301.0,250.0,INTERMEDIATE,8,False,McLaren,0 days 01:17:43.623000,Track Clear,2,False,norris,22.2,78.0,926.6,True,24.6,201,0.7,Lap,2024_21,84.54050000000001,4.0,2024_21
85.429,5,1,21.661,45.308,18.46,292.0,216.0,303.0,251.0,INTERMEDIATE,8,False,Racing Bulls,0 days 01:17:46.589000,Track Clear,3,False,tsunoda,22.2,78.0,926.6,True,24.6,201,0.7,Lap,2024_21,84.80000000000001,6.0,2024_21
85.417,5,1,21.759,45.152,18.506,286.0,209.0,304.0,240.0,INTERMEDIATE,7,False,Alpine,0 days 01:17:47.930000,Track Clear,4,False,ocon,22.2,78.0,926.6,True,24.6,201,0.7,Lap,2024_21,84.458,1.0,2024_21
85.018,5,1,21.792,44.993,18.233,300.0,226.0,308.0,239.0,INTERMEDIATE,7,False,Ferrari,0 days 01:17:48.905000,Track Clear,5,False,leclerc,22.2,78.0,926.6,True,24.6,201,0.7,Lap,2024_21,85.191,8.0,2024_21
85.366,5,1,21.854,45.112,18.4,302.0,223.0,305.0,241.0,INTERMEDIATE,8,False,Racing Bulls,0 days 01:17:50.410000,Track Clear,6,False,lawson,22.2,78.0,926.6,True,24.6,201,0.7,Lap,2024_21,84.80000000000001,6.0,2024_21
85.547,5,1,21.937,45.247,18.363,295.0,210.0,306.0,238.0,INTERMEDIATE,8,False,McLaren,0 days 01:17:51.030000,Track Clear,7,False,piastri,22.2,78.0,926.6,True,24.6,201,0.7,Lap,2024_21,84.54050000000001,4.0,2024_21
86.044,5,1,22.127,45.395,18.522,293.0,219.0,300.0,235.0,INTERMEDIATE,5,True,Aston Martin,0 days 01:17:53.166000,Track Clear,8,False,alonso,22.2,78.0,926.6,True,24.6,201,0.7,Lap,2024_21,84.697,5.0,2024_21
85.394,5,1,21.773,45.18,18.441,298.0,216.0,310.0,256.0,INTERMEDIATE,5,True,Red Bull Racing,0 days 01:17:54.283000,Track Clear,9,False,max_verstappen,22.2,78.0,926.6,True,24.6,201,0.7,Lap,2024_21,84.52600000000001,3.0,2024_21
86.804,5,1,22.542,45.832,18.43,275.0,218.0,303.0,233.0,INTERMEDIATE,5,True,Alpine,0 days 01:17:53.960000,Track Clear,10,False,gasly,22.2,78.0,926.6,True,24.6,201,0.7,Lap,2024_21,84.458,1.0,2024_21
85.992,5,1,21.771,45.86,18.361,296.0,218.0,307.0,230.0,INTERMEDIATE,5,True,Mercedes,0 days 01:17:55.264000,Track Clear,11,False,hamilton,22.2,78.0,926.6,True,24.6,201,0.7,Lap,2024_21,84.50800000000001,2.0,2024_21
86.684,5,1,22.145,46.064,18.475,300.0,220.0,307.0,253.0,INTERMEDIATE,5,True,Williams,0 days 01:17:57.797000,Track Clear,12,False,colapinto,22.2,79.0,926.5,True,24.8,227,0.7,Lap,2024_21,85.762,10.0,2024_21
85.532,5,1,21.842,45.294,18.396,302.0,219.0,308.0,242.0,INTERMEDIATE,5,True,Haas F1 Team,0 days 01:17:59.343000,Track Clear,13,False,hulkenberg,22.2,79.0,926.5,True,24.8,227,0.7,Lap,2024_21,84.973,7.0,2024_21
86.53,5,1,22.15,45.371,19.009,297.0,215.0,292.0,249.0,INTERMEDIATE,5,True,Kick Sauber,0 days 01:18:00.425000,Track Clear,14,False,bottas,22.2,79.0,926.5,True,24.8,227,0.7,Lap,2024_21,85.637,9.0,2024_21
86.185,5,1,22.01,45.612,18.563,304.0,218.0,308.0,251.0,INTERMEDIATE,5,True,Ferrari,0 days 01:18:00.925000,Track Clear,15,False,sainz,22.2,79.0,926.5,True,24.8,227,0.7,Lap,2024_21,85.191,8.0,2024_21
86.485,5,1,22.183,45.511,18.791,303.0,220.0,304.0,244.0,INTERMEDIATE,5,True,Haas F1 Team,0 days 01:18:02.866000,Track Clear,16,False,bearman,22.2,79.0,926.5,True,24.8,227,0.7,Lap,2024_21,84.973,7.0,2024_21
86.062,5,1,21.924,45.686,18.452,299.0,208.0,309.0,239.0,INTERMEDIATE,5,True,Red Bull Racing,0 days 01:18:03.645000,Track Clear,17,False,perez,22.2,79.0,926.5,True,24.8,227,0.7,Lap,2024_21,84.52600000000001,3.0,2024_21
89.677,5,1,22.119,48.766,18.792,297.0,213.0,296.0,245.0,INTERMEDIATE,5,True,Kick Sauber,0 days 01:18:02.504000,Track Clear,18,True,zhou,22.2,79.0,926.5,True,24.8,227,0.7,Lap,2024_21,85.637,9.0,2024_21
84.675,6,1,21.526,44.928,18.221,,221.0,304.0,242.0,INTERMEDIATE,9,False,Mercedes,0 days 01:19:07.923000,Track Clear,1,False,russell,22.2,78.0,926.6,True,24.9,191,1.1,Lap,2024_21,84.50800000000001,2.0,2024_21
84.922,6,1,21.708,44.996,18.218,292.0,216.0,303.0,241.0,INTERMEDIATE,9,False,McLaren,0 days 01:19:08.635000,Track Clear,2,False,norris,22.2,78.0,926.6,True,24.9,191,1.1,Lap,2024_21,84.54050000000001,4.0,2024_21
84.903,6,1,21.531,45.113,18.259,295.0,218.0,302.0,247.0,INTERMEDIATE,9,False,Racing Bulls,0 days 01:19:12.018000,Track Clear,3,False,tsunoda,22.2,78.0,926.6,True,24.9,191,1.1,Lap,2024_21,84.80000000000001,6.0,2024_21
85.011,6,1,21.53,45.079,18.402,290.0,208.0,304.0,241.0,INTERMEDIATE,8,False,Alpine,0 days 01:19:13.347000,Track Clear,4,False,ocon,22.2,78.0,926.6,True,24.9,191,1.1,Lap,2024_21,84.458,1.0,2024_21
85.087,6,1,21.791,44.975,18.321,,222.0,306.0,236.0,INTERMEDIATE,8,False,Ferrari,0 days 01:19:13.923000,Track Clear,5,False,leclerc,22.2,78.0,926.6,True,24.9,191,1.1,Lap,2024_21,85.191,8.0,2024_21
85.072,6,1,21.678,45.074,18.32,297.0,216.0,306.0,250.0,INTERMEDIATE,9,False,Racing Bulls,0 days 01:19:15.776000,Track Clear,6,False,lawson,22.2,78.0,926.6,True,24.9,191,1.1,Lap,2024_21,84.80000000000001,6.0,2024_21
85.2,6,1,21.969,44.9,18.331,293.0,207.0,305.0,245.0,INTERMEDIATE,9,False,McLaren,0 days 01:19:16.577000,Track Clear,7,False,piastri,22.2,78.0,926.6,True,24.9,191,1.1,Lap,2024_21,84.54050000000001,4.0,2024_21
84.311,6,1,21.513,44.507,18.291,305.0,223.0,301.0,258.0,INTERMEDIATE,6,True,Red Bull Racing,0 days 01:19:19.677000,Track Clear,8,False,max_verstappen,22.2,78.0,926.6,True,24.9,191,1.1,Lap,2024_21,84.52600000000001,3.0,2024_21
86.445,6,1,22.07,45.868,18.507,261.0,220.0,304.0,247.0,INTERMEDIATE,6,True,Aston Martin,0 days 01:19:19.210000,Track Clear,9,False,alonso,22.2,78.0,926.6,True,24.9,191,1.1,Lap,2024_21,84.697,5.0,2024_21
85.604,6,1,21.657,45.687,18.26,301.0,215.0,304.0,247.0,INTERMEDIATE,6,True,Alpine,0 days 01:19:20.764000,Track Clear,10,False,gasly,22.2,78.0,926.6,True,24.9,191,1.1,Lap,2024_21,84.458,1.0,2024_21
86.101,6,1,22.443,45.363,18.295,,216.0,308.0,240.0,INTERMEDIATE,6,True,Mercedes,0 days 01:19:21.256000,Track Clear,11,False,hamilton,22.2,78.0,926.6,True,24.9,191,1.1,Lap,2024_21,84.50800000000001,2.0,2024_21
85.155,6,1,21.864,44.788,18.503,300.0,217.0,300.0,246.0,INTERMEDIATE,6,True,Haas F1 Team,0 days 01:19:24.875000,Track Clear,12,False,hulkenberg,22.2,78.0,926.6,True,24.9,191,1.1,Lap,2024_21,84.973,7.0,2024_21
87.143,6,1,22.974,45.796,18.373,,214.0,309.0,266.0,INTERMEDIATE,6,True,Williams,0 days 01:19:24.481000,Track Clear,13,True,colapinto,22.2,78.0,926.6,True,24.9,191,1.1,Lap,2024_21,85.762,10.0,2024_21
86.143,6,1,22.227,45.266,18.65,295.0,215.0,299.0,247.0,INTERMEDIATE,6,True,Kick Sauber,0 days 01:19:26.955000,Track Clear,14,False,bottas,22.2,78.0,926.6,True,24.9,191,1.1,Lap,2024_21,85.637,9.0,2024_21
86.915,6,1,22.391,45.761,18.763,,222.0,307.0,223.0,INTERMEDIATE,6,True,Ferrari,0 days 01:19:27.110000,Track Clear,15,False,sainz,22.2,78.0,926.6,True,24.9,191,1.1,Lap,2024_21,85.191,8.0,2024_21
85.728,6,1,21.963,45.506,18.259,,222.0,308.0,237.0,INTERMEDIATE,6,True,Haas F1 Team,0 days 01:19:29.351000,Track Clear,16,False,bearman,22.2,78.0,926.6,True,24.9,191,1.1,Lap,2024_21,84.973,7.0,2024_21
86.304,6,1,22.015,45.839,18.45,291.0,209.0,306.0,226.0,INTERMEDIATE,6,True,Red Bull Racing,0 days 01:19:29.707000,Track Clear,17,False,perez,22.2,78.0,926.6,True,24.9,191,1.1,Lap,2024_21,84.52600000000001,3.0,2024_21
86.557,6,1,22.357,45.612,18.588,294.0,217.0,297.0,229.0,INTERMEDIATE,6,True,Kick Sauber,0 days 01:19:32.181000,Track Clear,18,False,zhou,22.2,78.0,926.6,True,24.9,191,1.1,Lap,2024_21,85.637,9.0,2024_21
84.854,7,1,21.489,45.042,18.323,,225.0,305.0,251.0,INTERMEDIATE,10,False,Mercedes,0 days 01:20:32.598000,Track Clear,1,False,russell,22.1,77.0,926.6,True,24.9,330,0.7,Lap,2024_21,84.50800000000001,2.0,2024_21
85.001,7,1,21.52,45.147,18.334,296.0,212.0,304.0,249.0,INTERMEDIATE,10,False,McLaren,0 days 01:20:33.557000,Track Clear,2,False,norris,22.1,77.0,926.6,True,24.9,330,0.7,Lap,2024_21,84.54050000000001,4.0,2024_21
85.024,7,1,21.599,45.085,18.34,296.0,219.0,304.0,244.0,INTERMEDIATE,10,False,Racing Bulls,0 days 01:20:36.921000,Track Clear,3,False,tsunoda,22.1,77.0,926.6,True,24.9,330,0.7,Lap,2024_21,84.80000000000001,6.0,2024_21
85.38,7,1,21.62,45.372,18.388,286.0,209.0,304.0,243.0,INTERMEDIATE,9,False,Alpine,0 days 01:20:38.358000,Track Clear,4,False,ocon,22.1,77.0,926.6,True,24.9,330,0.7,Lap,2024_21,84.458,1.0,2024_21
85.353,7,1,22.059,45.074,18.22,,220.0,307.0,237.0,INTERMEDIATE,9,False,Ferrari,0 days 01:20:39.010000,Track Clear,5,False,leclerc,22.1,77.0,926.6,True,24.9,330,0.7,Lap,2024_21,85.191,8.0,2024_21
85.411,7,1,21.845,45.305,18.261,299.0,219.0,305.0,243.0,INTERMEDIATE,10,False,Racing Bulls,0 days 01:20:40.848000,Track Clear,6,False,lawson,22.1,77.0,926.6,True,24.9,330,0.7,Lap,2024_21,84.80000000000001,6.0,2024_21
85.367,7,1,21.854,45.131,18.382,299.0,210.0,306.0,239.0,INTERMEDIATE,10,False,McLaren,0 days 01:20:41.777000,Track Clear,7,False,piastri,22.1,77.0,926.6,True,24.9,330,0.7,Lap,2024_21,84.54050000000001,4.0,2024_21
84.342,7,1,21.324,44.661,18.357,301.0,222.0,307.0,248.0,INTERMEDIATE,7,True,Red Bull Racing,0 days 01:20:43.988000,Track Clear,8,False,max_verstappen,22.1,77.0,926.6,True,24.9,330,0.7,Lap,2024_21,84.52600000000001,3.0,2024_21
85.264,7,1,21.789,45.136,18.339,295.0,218.0,299.0,245.0,INTERMEDIATE,7,True,Aston Martin,0 days 01:20:45.655000,Track Clear,9,False,alonso,22.1,77.0,926.6,True,24.9,330,0.7,Lap,2024_21,84.697,5.0,2024_21
85.323,7,1,21.64,45.419,18.264,298.0,218.0,305.0,245.0,INTERMEDIATE,7,True,Alpine,0 days 01:20:46.368000,Track Clear,10,False,gasly,22.1,77.0,926.6,True,24.9,330,0.7,Lap,2024_21,84.458,1.0,2024_21
85.254,7,1,21.686,45.242,18.326,304.0,222.0,304.0,229.0,INTERMEDIATE,7,True,Mercedes,0 days 01:20:47.357000,Track Clear,11,False,hamilton,22.1,77.0,926.6,True,24.9,330,0.7,Lap,2024_21,84.50800000000001,2.0,2024_21
85.526,7,1,22.14,44.807,18.579,297.0,219.0,303.0,265.0,INTERMEDIATE,7,True,Haas F1 Team,0 days 01:20:50.030000,Track Clear,12,False,hulkenberg,22.1,77.0,926.6,True,24.9,330,0.7,Lap,2024_21,84.973,7.0,2024_21
85.837,7,1,21.786,45.722,18.329,,219.0,308.0,254.0,INTERMEDIATE,7,True,Williams,0 days 01:20:51.624000,Track Clear,13,False,colapinto,22.1,77.0,926.6,True,24.9,330,0.7,Lap,2024_21,85.762,10.0,2024_21
85.823,7,1,21.769,45.329,18.725,,213.0,299.0,253.0,INTERMEDIATE,7,True,Kick Sauber,0 days 01:20:53.098000,Track Clear,14,False,bottas,22.1,77.0,926.6,True,24.9,330,0.7,Lap,2024_21,85.637,9.0,2024_21
85.419,7,1,21.501,45.601,18.317,306.0,219.0,311.0,246.0,INTERMEDIATE,7,True,Ferrari,0 days 01:20:54.025000,Track Clear,15,False,sainz,22.1,77.0,926.6,True,24.9,330,0.7,Lap,2024_21,85.191,8.0,2024_21
85.412,7,1,21.828,45.338,18.246,,222.0,308.0,238.0,INTERMEDIATE,7,True,Haas F1 Team,0 days 01:20:55.079000,Track Clear,16,False,bearman,22.1,77.0,926.6,True,24.9,330,0.7,Lap,2024_21,84.973,7.0,2024_21
85.83,7,1,21.571,45.589,18.67,303.0,205.0,304.0,233.0,INTERMEDIATE,7,True,Red Bull Racing,0 days 01:20:56.011000,Track Clear,17,False,perez,22.1,77.0,926.6,True,24.9,330,0.7,Lap,2024_21,84.52600000000001,3.0,2024_21
86.941,7,1,22.199,45.803,18.939,293.0,221.0,296.0,,INTERMEDIATE,7,True,Kick Sauber,0 days 01:20:58.738000,Track Clear,18,False,zhou,22.1,78.0,926.5,True,24.9,268,0.7,Lap,2024_21,85.637,9.0,2024_21
84.588,8,1,21.633,44.652,18.303,,225.0,305.0,246.0,INTERMEDIATE,11,False,Mercedes,0 days 01:21:57.452000,Track Clear,1,False,russell,22.1,78.0,926.5,True,24.9,268,0.7,Lap,2024_21,84.50800000000001,2.0,2024_21
84.454,8,1,21.58,44.756,18.118,,220.0,304.0,237.0,INTERMEDIATE,11,False,McLaren,0 days 01:21:58.558000,Track Clear,2,False,norris,22.1,78.0,926.5,True,24.9,268,0.7,Lap,2024_21,84.54050000000001,4.0,2024_21
85.28,8,1,21.697,45.33,18.253,297.0,218.0,303.0,246.0,INTERMEDIATE,11,False,Racing Bulls,0 days 01:22:01.945000,Track Clear,3,False,tsunoda,22.2,78.0,926.5,True,25.0,213,1.0,Lap,2024_21,84.80000000000001,6.0,2024_21
84.954,8,1,21.492,45.136,18.326,292.0,212.0,305.0,246.0,INTERMEDIATE,10,False,Alpine,0 days 01:22:03.738000,Track Clear,4,False,ocon,22.2,78.0,926.5,True,25.0,213,1.0,Lap,2024_21,84.458,1.0,2024_21
85.076,8,1,21.728,45.139,18.209,301.0,224.0,306.0,264.0,INTERMEDIATE,10,False,Ferrari,0 days 01:22:04.363000,Track Clear,5,False,leclerc,22.2,78.0,926.5,True,25.0,213,1.0,Lap,2024_21,85.191,8.0,2024_21
85.237,8,1,21.639,45.338,18.26,296.0,217.0,305.0,249.0,INTERMEDIATE,11,False,Racing Bulls,0 days 01:22:06.259000,Track Clear,6,False,lawson,22.2,78.0,926.5,True,25.0,213,1.0,Lap,2024_21,84.80000000000001,6.0,2024_21
85.322,8,1,21.744,45.208,18.37,297.0,215.0,306.0,,INTERMEDIATE,11,False,McLaren,0 days 01:22:07.144000,Track Clear,7,False,piastri,22.2,78.0,926.5,True,25.0,213,1.0,Lap,2024_21,84.54050000000001,4.0,2024_21
84.657,8,1,21.307,44.926,18.424,300.0,213.0,311.0,257.0,INTERMEDIATE,8,True,Red Bull Racing,0 days 01:22:08.330000,Track Clear,8,False,max_verstappen,22.2,78.0,926.5,True,25.0,213,1.0,Lap,2024_21,84.52600000000001,3.0,2024_21
84.707,8,1,21.457,45.077,18.173,,226.0,303.0,248.0,INTERMEDIATE,8,True,Aston Martin,0 days 01:22:10.919000,Track Clear,9,False,alonso,22.2,78.0,926.5,True,25.0,213,1.0,Lap,2024_21,84.697,5.0,2024_21
85.227,8,1,21.517,45.37,18.34,300.0,217.0,302.0,247.0,INTERMEDIATE,8,True,Alpine,0 days 01:22:11.691000,Track Clear,10,False,gasly,22.2,78.0,926.5,True,25.0,213,1.0,Lap,2024_21,84.458,1.0,2024_21
85.153,8,1,21.569,45.388,18.196,300.0,219.0,310.0,246.0,INTERMEDIATE,8,True,Mercedes,0 days 01:22:12.611000,Track Clear,11,False,hamilton,22.2,78.0,926.5,True,25.0,213,1.0,Lap,2024_21,84.50800000000001,2.0,2024_21
84.701,8,1,21.569,44.674,18.458,299.0,230.0,305.0,259.0,INTERMEDIATE,8,True,Haas F1 Team,0 days 01:22:15.556000,Track Clear,12,False,hulkenberg,22.2,78.0,926.5,True,25.0,213,1.0,Lap,2024_21,84.973,7.0,2024_21
85.762,8,1,21.581,45.823,18.358,301.0,229.0,306.0,260.0,INTERMEDIATE,8,True,Williams,0 days 01:22:17.461000,Track Clear,13,False,colapinto,22.2,78.0,926.5,True,25.0,213,1.0,Lap,2024_21,85.762,10.0,2024_21
85.484,8,1,21.656,45.093,18.735,,212.0,296.0,269.0,INTERMEDIATE,8,True,Kick Sauber,0 days 01:22:18.921000,Track Clear,14,False,bottas,22.2,78.0,926.5,True,25.0,213,1.0,Lap,2024_21,85.637,9.0,2024_21
85.454,8,1,21.533,45.615,18.306,302.0,223.0,310.0,264.0,INTERMEDIATE,8,True,Ferrari,0 days 01:22:19.444000,Track Clear,15,False,sainz,22.2,78.0,926.5,True,25.0,213,1.0,Lap,2024_21,85.191,8.0,2024_21
85.421,8,1,21.798,45.293,18.33,,225.0,307.0,242.0,INTERMEDIATE,8,True,Haas F1 Team,0 days 01:22:20.491000,Track Clear,16,False,bearman,22.2,78.0,926.5,True,25.0,213,1.0,Lap,2024_21,84.973,7.0,2024_21
85.102,8,1,21.48,45.085,18.537,302.0,203.0,308.0,244.0,INTERMEDIATE,8,True,Red Bull Racing,0 days 01:22:21.841000,Track Clear,17,False,perez,22.2,78.0,926.5,True,25.0,213,1.0,Lap,2024_21,84.52600000000001,3.0,2024_21
86.164,8,1,21.993,45.397,18.774,295.0,217.0,295.0,235.0,INTERMEDIATE,8,True,Kick Sauber,0 days 01:22:25.679000,Track Clear,18,False,zhou,22.2,78.0,926.5,True,25.0,213,1.0,Lap,2024_21,85.637,9.0,2024_21
84.238,9,1,21.358,44.677,18.203,297.0,227.0,306.0,257.0,INTERMEDIATE,12,False,Mercedes,0 days 01:23:22.040000,Track Clear,1,False,russell,22.1,77.0,926.6,True,25.0,170,0.9,Lap,2024_21,84.50800000000001,2.0,2024_21
84.382,9,1,21.381,44.788,18.213,295.0,218.0,304.0,259.0,INTERMEDIATE,12,False,McLaren,0 days 01:23:23.012000,Track Clear,2,False,norris,22.1,77.0,926.6,True,25.0,170,0.9,Lap,2024_21,84.54050000000001,4.0,2024_21
84.832,9,1,21.4,45.089,18.343,296.0,220.0,304.0,250.0,INTERMEDIATE,12,False,Racing Bulls,0 days 01:23:27.225000,Track Clear,3,False,tsunoda,22.1,77.0,926.6,True,25.0,170,0.9,Lap,2024_21,84.80000000000001,6.0,2024_21
84.654,9,1,21.375,44.952,18.327,291.0,210.0,306.0,249.0,INTERMEDIATE,11,False,Alpine,0 days 01:23:28.692000,Track Clear,4,False,ocon,22.1,77.0,926.6,True,25.0,170,0.9,Lap,2024_21,84.458,1.0,2024_21
84.674,9,1,21.511,44.912,18.251,,225.0,306.0,256.0,INTERMEDIATE,11,False,Ferrari,0 days 01:23:29.439000,Track Clear,5,False,leclerc,22.1,77.0,926.6,True,25.0,170,0.9,Lap,2024_21,85.191,8.0,2024_21
84.682,9,1,21.525,44.943,18.214,302.0,219.0,307.0,257.0,INTERMEDIATE,12,False,Racing Bulls,0 days 01:23:31.496000,Track Clear,6,False,lawson,22.1,77.0,926.6,True,25.0,170,0.9,Lap,2024_21,84.80000000000001,6.0,2024_21
84.869,9,1,21.574,44.972,18.323,298.0,211.0,309.0,252.0,INTERMEDIATE,12,False,McLaren,0 days 01:23:32.466000,Track Clear,7,False,piastri,22.1,77.0,926.6,True,25.0,170,0.9,Lap,2024_21,84.54050000000001,4.0,2024_21
84.778,9,1,21.402,45.08,18.296,305.0,216.0,313.0,261.0,INTERMEDIATE,9,True,Red Bull Racing,0 days 01:23:32.987000,Track Clear,8,False,max_verstappen,22.1,77.0,926.6,True,25.0,170,0.9,Lap,2024_21,84.52600000000001,3.0,2024_21
84.702,9,1,21.696,44.782,18.224,294.0,224.0,303.0,259.0,INTERMEDIATE,9,True,Aston Martin,0 days 01:23:35.626000,Track Clear,9,False,alonso,22.1,77.0,926.6,True,25.0,170,0.9,Lap,2024_21,84.697,5.0,2024_21
85.105,9,1,21.489,45.083,18.533,299.0,221.0,305.0,255.0,INTERMEDIATE,9,True,Alpine,0 days 01:23:36.918000,Track Clear,10,False,gasly,22.1,77.0,926.6,True,25.0,170,0.9,Lap,2024_21,84.458,1.0,2024_21
84.646,9,1,21.587,44.809,18.25,295.0,226.0,311.0,239.0,INTERMEDIATE,9,True,Mercedes,0 days 01:23:37.764000,Track Clear,11,False,hamilton,22.1,77.0,926.6,True,25.0,170,0.9,Lap,2024_21,84.50800000000001,2.0,2024_21
84.425,9,1,21.535,44.527,18.363,300.0,221.0,305.0,,INTERMEDIATE,9,True,Haas F1 Team,0 days 01:23:40.257000,Track Clear,12,False,hulkenberg,22.1,77.0,926.6,True,25.0,170,0.9,Lap,2024_21,84.973,7.0,2024_21
85.048,9,1,21.716,45.029,18.303,299.0,227.0,308.0,262.0,INTERMEDIATE,9,True,Williams,0 days 01:23:43.223000,Track Clear,13,False,colapinto,22.1,77.0,926.6,True,25.0,170,0.9,Lap,2024_21,85.762,10.0,2024_21
84.851,9,1,21.72,44.718,18.413,297.0,217.0,297.0,258.0,INTERMEDIATE,9,True,Kick Sauber,0 days 01:23:44.405000,Track Clear,14,False,bottas,22.1,77.0,926.6,True,25.0,170,0.9,Lap,2024_21,85.637,9.0,2024_21
85.191,9,1,21.698,45.111,18.382,305.0,226.0,309.0,250.0,INTERMEDIATE,9,True,Ferrari,0 days 01:23:44.898000,Track Clear,15,False,sainz,22.1,77.0,926.6,True,25.0,170,0.9,Lap,2024_21,85.191,8.0,2024_21
85.164,9,1,21.875,45.148,18.141,,225.0,309.0,251.0,INTERMEDIATE,9,True,Haas F1 Team,0 days 01:23:45.912000,Track Clear,16,False,bearman,22.1,77.0,926.6,True,25.0,170,0.9,Lap,2024_21,84.973,7.0,2024_21
85.253,9,1,21.472,45.324,18.457,300.0,199.0,308.0,247.0,INTERMEDIATE,9,True,Red Bull Racing,0 days 01:23:46.943000,Track Clear,17,False,perez,22.1,77.0,926.6,True,25.0,170,0.9,Lap,2024_21,84.52600000000001,3.0,2024_21
85.915,9,1,22.014,45.301,18.6,292.0,221.0,295.0,228.0,INTERMEDIATE,9,True,Kick Sauber,0 days 01:23:51.843000,Track Clear,18,False,zhou,22.1,77.0,926.6,True,25.0,170,0.9,Lap,2024_21,85.637,9.0,2024_21
84.295,10,1,21.282,44.585,18.428,301.0,226.0,307.0,262.0,INTERMEDIATE,13,False,Mercedes,0 days 01:24:46.278000,Track Clear,1,False,russell,22.1,77.0,926.5,True,25.0,227,1.1,Lap,2024_21,84.50800000000001,2.0,2024_21
84.088,10,1,21.585,44.355,18.148,294.0,219.0,304.0,246.0,INTERMEDIATE,13,False,McLaren,0 days 01:24:47.394000,Track Clear,2,False,norris,22.1,77.0,926.5,True,25.0,227,1.1,Lap,2024_21,84.54050000000001,4.0,2024_21
84.592,10,1,21.341,44.818,18.433,,221.0,303.0,253.0,INTERMEDIATE,13,False,Racing Bulls,0 days 01:24:52.057000,Track Clear,3,False,tsunoda,22.1,77.0,926.5,True,25.0,227,1.1,Lap,2024_21,84.80000000000001,6.0,2024_21
84.493,10,1,21.335,44.807,18.351,292.0,213.0,306.0,248.0,INTERMEDIATE,12,False,Alpine,0 days 01:24:53.346000,Track Clear,4,False,ocon,22.1,77.0,926.5,True,25.0,227,1.1,Lap,2024_21,84.458,1.0,2024_21
84.672,10,1,21.56,44.926,18.186,302.0,224.0,309.0,251.0,INTERMEDIATE,12,False,Ferrari,0 days 01:24:54.113000,Track Clear,5,False,leclerc,22.1,77.0,926.5,True,25.0,227,1.1,Lap,2024_21,85.191,8.0,2024_21
84.976,10,1,21.653,44.989,18.334,,219.0,307.0,252.0,INTERMEDIATE,13,False,Racing Bulls,0 days 01:24:56.178000,Track Clear,6,False,lawson,22.1,77.0,926.5,True,25.0,227,1.1,Lap,2024_21,84.80000000000001,6.0,2024_21
84.015,10,1,21.208,44.455,18.352,304.0,213.0,310.0,282.0,INTERMEDIATE,10,True,Red Bull Racing,0 days 01:24:57.765000,Track Clear,7,False,max_verstappen,22.1,77.0,926.5,True,25.0,227,1.1,Lap,2024_21,84.52600000000001,3.0,2024_21
85.762,10,1,22.247,45.137,18.378,295.0,215.0,306.0,255.0,INTERMEDIATE,13,False,McLaren,0 days 01:24:57.335000,Track Clear,8,False,piastri,22.1,77.0,926.5,True,25.0,227,1.1,Lap,2024_21,84.54050000000001,4.0,2024_21
85.472,10,1,22.388,44.857,18.227,292.0,226.0,302.0,250.0,INTERMEDIATE,10,True,Aston Martin,0 days 01:25:00.328000,Track Clear,9,False,alonso,22.1,76.0,926.5,True,24.9,189,1.1,Lap,2024_21,84.697,5.0,2024_21
85.021,10,1,21.632,45.02,18.369,300.0,215.0,304.0,258.0,INTERMEDIATE,10,True,Alpine,0 days 01:25:02.023000,Track Clear,10,False,gasly,22.1,76.0,926.5,True,24.9,189,1.1,Lap,2024_21,84.458,1.0,2024_21
85.33,10,1,21.844,45.185,18.301,300.0,218.0,310.0,241.0,INTERMEDIATE,10,True,Mercedes,0 days 01:25:02.410000,Track Clear,11,False,hamilton,22.1,76.0,926.5,True,24.9,189,1.1,Lap,2024_21,84.50800000000001,2.0,2024_21
85.084,10,1,21.699,44.727,18.658,,222.0,304.0,265.0,INTERMEDIATE,10,True,Haas F1 Team,0 days 01:25:04.682000,Track Clear,12,False,hulkenberg,22.1,76.0,926.5,True,24.9,189,1.1,Lap,2024_21,84.973,7.0,2024_21
85.975,10,1,21.601,46.102,18.272,300.0,231.0,310.0,264.0,INTERMEDIATE,10,True,Williams,0 days 01:25:08.271000,Track Clear,13,False,colapinto,22.1,76.0,926.5,True,24.9,189,1.1,Lap,2024_21,85.762,10.0,2024_21
85.851,10,1,21.804,45.43,18.617,296.0,211.0,301.0,255.0,INTERMEDIATE,10,True,Kick Sauber,0 days 01:25:09.256000,Track Clear,14,False,bottas,22.1,76.0,926.5,True,24.9,189,1.1,Lap,2024_21,85.637,9.0,2024_21
85.406,10,1,21.744,45.196,18.466,,222.0,314.0,252.0,INTERMEDIATE,10,True,Ferrari,0 days 01:25:10.089000,Track Clear,15,False,sainz,22.1,76.0,926.5,True,24.9,189,1.1,Lap,2024_21,85.191,8.0,2024_21
85.115,10,1,21.595,45.192,18.328,305.0,223.0,308.0,248.0,INTERMEDIATE,10,True,Haas F1 Team,0 days 01:25:11.076000,Track Clear,16,False,bearman,22.1,76.0,926.5,True,24.9,189,1.1,Lap,2024_21,84.973,7.0,2024_21
84.911,10,1,21.538,44.942,18.431,301.0,207.0,310.0,240.0,INTERMEDIATE,10,True,Red Bull Racing,0 days 01:25:12.196000,Track Clear,17,False,perez,22.1,76.0,926.5,True,24.9,189,1.1,Lap,2024_21,84.52600000000001,3.0,2024_21
85.712,10,1,21.759,45.371,18.582,295.0,225.0,294.0,242.0,INTERMEDIATE,10,True,Kick Sauber,0 days 01:25:17.758000,Track Clear,18,False,zhou,22.1,76.0,926.5,True,24.9,189,1.1,Lap,2024_21,85.637,9.0,2024_21
83.928,11,1,21.336,44.371,18.221,,228.0,307.0,260.0,INTERMEDIATE,14,False,Mercedes,0 days 01:26:10.573000,Track Clear,1,False,russell,22.1,75.0,926.5,True,24.8,81,1.0,Lap,2024_21,84.50800000000001,2.0,2024_21
84.11,11,1,21.382,44.658,18.07,296.0,213.0,304.0,261.0,INTERMEDIATE,14,False,McLaren,0 days 01:26:11.482000,Track Clear,2,False,norris,22.1,75.0,926.5,True,24.8,81,1.0,Lap,2024_21,84.54050000000001,4.0,2024_21
84.657,12,1,21.479,44.837,18.341,291.0,214.0,303.0,243.0,INTERMEDIATE,12,True,Aston Martin,0 days 01:27:50.492000,Track Clear,9,False,alonso,22.2,75.0,926.6,True,24.8,0,0.7,Lap,2024_21,84.697,5.0,2024_21
86.151,12,1,22.635,45.128,18.388,,210.0,305.0,257.0,INTERMEDIATE,12,True,Alpine,0 days 01:27:51.873000,Track Clear,10,False,gasly,22.2,75.0,926.6,True,24.8,0,0.7,Lap,2024_21,84.458,1.0,2024_21
84.372,12,1,21.449,44.502,18.421,,217.0,304.0,255.0,INTERMEDIATE,12,True,Haas F1 Team,0 days 01:27:54.771000,Track Clear,11,False,hulkenberg,22.2,75.0,926.6,True,24.8,0,0.7,Lap,2024_21,84.973,7.0,2024_21
85.418,12,1,22.217,44.848,18.353,301.0,225.0,308.0,249.0,INTERMEDIATE,12,True,Williams,0 days 01:27:59.795000,Track Clear,12,False,colapinto,22.2,76.0,926.5,True,25.0,188,0.6,Lap,2024_21,85.762,10.0,2024_21
86.433,12,1,22.761,45.211,18.461,295.0,212.0,309.0,243.0,INTERMEDIATE,12,True,Mercedes,0 days 01:27:59.598000,Track Clear,13,False,hamilton,22.2,76.0,926.5,True,25.0,188,0.6,Lap,2024_21,84.50800000000001,2.0,2024_21
85.633,12,1,22.307,44.969,18.357,301.0,227.0,308.0,278.0,INTERMEDIATE,12,True,Ferrari,0 days 01:28:01.698000,Track Clear,14,False,sainz,22.2,76.0,926.5,True,25.0,188,0.6,Lap,2024_21,85.191,8.0,2024_21
85.992,12,1,22.295,45.46,18.237,309.0,222.0,310.0,255.0,INTERMEDIATE,12,True,Haas F1 Team,0 days 01:28:02.407000,Track Clear,15,False,bearman,22.2,76.0,926.5,True,25.0,188,0.6,Lap,2024_21,84.973,7.0,2024_21
85.993,12,1,21.983,45.56,18.45,297.0,207.0,310.0,244.0,INTERMEDIATE,12,True,Red Bull Racing,0 days 01:28:03.132000,Track Clear,16,False,perez,22.2,76.0,926.5,True,25.0,188,0.6,Lap,2024_21,84.52600000000001,3.0,2024_21
89.257,12,1,23.161,47.316,18.78,296.0,206.0,299.0,252.0,INTERMEDIATE,12,True,Kick Sauber,0 days 01:28:01.353000,Track Clear,17,False,bottas,22.2,76.0,926.5,True,25.0,188,0.6,Lap,2024_21,85.637,9.0,2024_21
86.543,12,1,21.722,45.846,18.975,296.0,207.0,295.0,253.0,INTERMEDIATE,12,True,Kick Sauber,0 days 01:28:09.014000,Track Clear,18,False,zhou,22.2,76.0,926.5,True,25.0,188,0.6,Lap,2024_21,85.637,9.0,2024_21
84.672,13,1,21.405,44.979,18.288,297.0,223.0,306.0,259.0,INTERMEDIATE,16,False,Mercedes,0 days 01:28:58.717000,Track Clear,1,False,russell,22.3,76.0,926.5,True,25.2,137,0.8,Lap,2024_21,84.50800000000001,2.0,2024_21
84.725,13,1,21.554,44.987,18.184,,213.0,305.0,243.0,INTERMEDIATE,16,False,McLaren,0 days 01:28:59.664000,Track Clear,2,False,norris,22.3,76.0,926.5,True,25.2,137,0.8,Lap,2024_21,84.54050000000001,4.0,2024_21
85.172,13,1,21.417,45.292,18.463,,216.0,303.0,252.0,INTERMEDIATE,16,False,Racing Bulls,0 days 01:29:06.479000,Track Clear,3,False,tsunoda,22.3,76.0,926.5,True,25.2,137,0.8,Lap,2024_21,84.80000000000001,6.0,2024_21
84.926,13,1,21.445,45.073,18.408,295.0,208.0,307.0,240.0,INTERMEDIATE,15,False,Alpine,0 days 01:29:07.262000,Track Clear,4,False,ocon,22.3,76.0,926.5,True,25.2,137,0.8,Lap,2024_21,84.458,1.0,2024_21
84.943,13,1,21.44,45.248,18.255,,222.0,308.0,251.0,INTERMEDIATE,15,False,Ferrari,0 days 01:29:07.972000,Track Clear,5,False,leclerc,22.3,76.0,926.5,True,25.2,137,0.8,Lap,2024_21,85.191,8.0,2024_21
84.512,13,1,21.427,44.654,18.431,,211.0,309.0,272.0,INTERMEDIATE,13,True,Red Bull Racing,0 days 01:29:09.366000,Track Clear,6,False,max_verstappen,22.3,76.0,926.5,True,25.2,137,0.8,Lap,2024_21,84.52600000000001,3.0,2024_21
85.21,13,1,21.718,45.236,18.256,,219.0,306.0,254.0,INTERMEDIATE,16,False,Racing Bulls,0 days 01:29:12.008000,Track Clear,7,False,lawson,22.3,76.0,926.5,True,25.2,137,0.8,Lap,2024_21,84.80000000000001,6.0,2024_21
85.187,13,1,21.486,45.378,18.323,302.0,212.0,310.0,255.0,INTERMEDIATE,16,False,McLaren,0 days 01:29:12.719000,Track Clear,8,False,piastri,22.3,76.0,926.5,True,25.2,137,0.8,Lap,2024_21,84.54050000000001,4.0,2024_21
84.886,13,1,21.533,45.039,18.314,298.0,213.0,305.0,246.0,INTERMEDIATE,13,True,Aston Martin,0 days 01:29:15.149000,Track Clear,9,False,alonso,22.3,76.0,926.5,True,25.2,137,0.8,Lap,2024_21,84.697,5.0,2024_21
84.937,13,1,21.32,45.201,18.416,301.0,215.0,304.0,253.0,INTERMEDIATE,13,True,Alpine,0 days 01:29:18.024000,Track Clear,10,False,gasly,22.3,76.0,926.5,True,25.2,137,0.8,Lap,2024_21,84.458,1.0,2024_21
84.796,13,1,21.54,44.876,18.38,302.0,219.0,305.0,241.0,INTERMEDIATE,13,True,Haas F1 Team,0 days 01:29:19.143000,Track Clear,11,False,hulkenberg,22.3,76.0,926.5,True,25.2,137,0.8,Lap,2024_21,84.973,7.0,2024_21
84.565,13,1,21.319,44.949,18.297,305.0,226.0,309.0,262.0,INTERMEDIATE,13,True,Williams,0 days 01:29:25.213000,Track Clear,12,False,colapinto,22.3,76.0,926.5,True,25.2,137,0.8,Lap,2024_21,85.762,10.0,2024_21
84.559,13,1,21.475,44.864,18.22,305.0,222.0,307.0,247.0,INTERMEDIATE,13,True,Mercedes,0 days 01:29:26.031000,Track Clear,13,False,hamilton,22.3,76.0,926.5,True,25.2,137,0.8,Lap,2024_21,84.50800000000001,2.0,2024_21
84.293,13,1,21.234,44.775,18.284,306.0,224.0,309.0,260.0,INTERMEDIATE,13,True,Ferrari,0 days 01:29:27.331000,Track Clear,14,False,sainz,22.3,76.0,926.5,True,25.2,137,0.8,Lap,2024_21,85.191,8.0,2024_21
85.215,13,1,21.453,45.403,18.359,304.0,228.0,307.0,244.0,INTERMEDIATE,13,True,Haas F1 Team,0 days 01:29:28.399000,Track Clear,15,False,bearman,22.3,76.0,926.5,True,25.2,137,0.8,Lap,2024_21,84.973,7.0,2024_21
85.641,13,1,21.187,45.991,18.463,304.0,212.0,308.0,254.0,INTERMEDIATE,13,True,Red Bull Racing,0 days 01:29:29.125000,Track Clear,16,False,perez,22.3,76.0,926.5,True,25.2,137,0.8,Lap,2024_21,84.52600000000001,3.0,2024_21
86.638,13,1,22.086,45.785,18.767,,210.0,300.0,244.0,INTERMEDIATE,13,True,Kick Sauber,0 days 01:29:30.610000,Track Clear,17,False,bottas,22.3,76.0,926.5,True,25.2,137,0.8,Lap,2024_21,85.637,9.0,2024_21
87.829,13,1,22.323,46.627,18.879,275.0,211.0,296.0,220.0,INTERMEDIATE,13,True,Kick Sauber,0 days 01:29:35.557000,Track Clear,18,False,zhou,22.3,76.0,926.5,True,25.2,137,0.8,Lap,2024_21,85.637,9.0,2024_21
84.462,14,1,21.443,44.818,18.201,,225.0,305.0,253.0,INTERMEDIATE,17,False,Mercedes,0 days 01:30:23.389000,Track Clear,1,False,russell,22.3,76.0,926.5,True,25.3,331,0.5,Lap,2024_21,84.50800000000001,2.0,2024_21
84.437,14,1,21.5,44.789,18.148,299.0,220.0,303.0,261.0,INTERMEDIATE,17,False,McLaren,0 days 01:30:24.389000,Track Clear,2,False,norris,22.3,76.0,926.5,True,25.3,331,0.5,Lap,2024_21,84.54050000000001,4.0,2024_21
84.827,14,1,21.437,45.063,18.327,295.0,218.0,301.0,245.0,INTERMEDIATE,17,False,Racing Bulls,0 days 01:30:31.651000,Track Clear,3,False,tsunoda,22.3,76.0,926.5,True,25.3,331,0.5,Lap,2024_21,84.80000000000001,6.0,2024_21
85.044,14,1,21.715,45.017,18.312,285.0,212.0,305.0,239.0,INTERMEDIATE,16,False,Alpine,0 days 01:30:32.188000,Track Clear,4,False,ocon,22.3,76.0,926.5,True,25.3,331,0.5,Lap,2024_21,84.458,1.0,2024_21
84.948,14,1,21.596,45.211,18.141,300.0,228.0,308.0,249.0,INTERMEDIATE,16,False,Ferrari,0 days 01:30:32.915000,Track Clear,5,False,leclerc,22.3,76.0,926.5,True,25.3,331,0.5,Lap,2024_21,85.191,8.0,2024_21
84.791,14,1,21.468,45.052,18.271,,218.0,307.0,265.0,INTERMEDIATE,14,True,Red Bull Racing,0 days 01:30:33.878000,Track Clear,6,False,max_verstappen,22.3,76.0,926.5,True,25.3,331,0.5,Lap,2024_21,84.52600000000001,3.0,2024_21
84.813,14,1,21.647,45.02,18.146,300.0,224.0,305.0,247.0,INTERMEDIATE,17,False,Racing Bulls,0 days 01:30:37.218000,Track Clear,7,False,lawson,22.3,76.0,926.5,True,25.3,331,0.5,Lap,2024_21,84.80000000000001,6.0,2024_21
85.307,14,1,21.554,45.077,18.676,300.0,216.0,306.0,254.0,INTERMEDIATE,17,False,McLaren,0 days 01:30:37.906000,Track Clear,8,False,piastri,22.3,76.0,926.5,True,25.3,331,0.5,Lap,2024_21,84.54050000000001,4.0,2024_21
84.793,14,1,21.582,44.96,18.251,296.0,220.0,303.0,239.0,INTERMEDIATE,14,True,Aston Martin,0 days 01:30:40.035000,Track Clear,9,False,alonso,22.3,76.0,926.5,True,25.3,331,0.5,Lap,2024_21,84.697,5.0,2024_21
84.798,14,1,21.454,45.104,18.24,299.0,218.0,304.0,247.0,INTERMEDIATE,14,True,Alpine,0 days 01:30:42.961000,Track Clear,10,False,gasly,22.3,76.0,926.5,True,25.3,331,0.5,Lap,2024_21,84.458,1.0,2024_21
84.91,14,1,21.449,45.038,18.423,,216.0,302.0,254.0,INTERMEDIATE,14,True,Haas F1 Team,0 days 01:30:43.939000,Track Clear,11,False,hulkenberg,22.3,76.0,926.5,True,25.3,331,0.5,Lap,2024_21,84.973,7.0,2024_21
84.75,14,1,21.571,44.841,18.338,299.0,228.0,308.0,271.0,INTERMEDIATE,14,True,Williams,0 days 01:30:49.778000,Track Clear,12,True,colapinto,22.3,76.0,926.5,True,25.3,331,0.5,Lap,2024_21,85.762,10.0,2024_21
84.51,14,1,21.366,44.967,18.177,,217.0,310.0,254.0,INTERMEDIATE,14,True,Mercedes,0 days 01:30:50.590000,Track Clear,13,False,hamilton,22.3,76.0,926.5,True,25.3,331,0.5,Lap,2024_21,84.50800000000001,2.0,2024_21
84.312,14,1,21.365,44.635,18.312,305.0,222.0,306.0,,INTERMEDIATE,14,True,Ferrari,0 days 01:30:51.624000,Track Clear,14,False,sainz,22.3,76.0,926.5,True,25.3,331,0.5,Lap,2024_21,85.191,8.0,2024_21
84.365,14,1,21.578,44.637,18.15,303.0,221.0,306.0,249.0,INTERMEDIATE,14,True,Haas F1 Team,0 days 01:30:53.614000,Track Clear,15,False,bearman,22.3,76.0,926.5,True,25.3,331,0.5,Lap,2024_21,84.973,7.0,2024_21
85.755,14,1,21.254,45.847,18.654,303.0,203.0,304.0,251.0,INTERMEDIATE,14,True,Red Bull Racing,0 days 01:30:54.766000,Track Clear,16,False,perez,22.3,76.0,926.5,True,25.3,331,0.5,Lap,2024_21,84.52600000000001,3.0,2024_21
85.315,14,1,21.772,44.97,18.573,294.0,209.0,299.0,260.0,INTERMEDIATE,14,True,Kick Sauber,0 days 01:30:57.248000,Track Clear,17,False,bottas,22.3,76.0,926.5,True,25.3,331,0.5,Lap,2024_21,85.637,9.0,2024_21
87.146,14,1,22.431,46.026,18.689,289.0,211.0,296.0,234.0,INTERMEDIATE,14,True,Kick Sauber,0 days 01:31:03.386000,Track Clear,18,False,zhou,22.3,75.0,926.5,True,25.4,330,0.6,Lap,2024_21,85.637,9.0,2024_21
84.383,15,1,21.549,44.622,18.212,300.0,226.0,306.0,252.0,INTERMEDIATE,18,False,Mercedes,0 days 01:31:47.851000,Track Clear,1,False,russell,22.3,75.0,926.5,True,25.4,330,0.6,Lap,2024_21,84.50800000000001,2.0,2024_21
84.461,15,1,21.404,44.904,18.153,298.0,216.0,304.0,249.0,INTERMEDIATE,18,False,McLaren,0 days 01:31:48.826000,Track Clear,2,False,norris,22.3,75.0,926.5,True,25.4,330,0.6,Lap,2024_21,84.54050000000001,4.0,2024_21
84.635,15,1,21.485,44.948,18.202,296.0,217.0,303.0,256.0,INTERMEDIATE,18,False,Racing Bulls,0 days 01:31:56.478000,Track Clear,3,False,tsunoda,22.3,75.0,926.5,True,25.4,330,0.6,Lap,2024_21,84.80000000000001,6.0,2024_21
84.896,15,1,21.504,45.08,18.312,292.0,211.0,306.0,248.0,INTERMEDIATE,17,False,Alpine,0 days 01:31:57.232000,Track Clear,4,False,ocon,22.3,75.0,926.5,True,25.4,330,0.6,Lap,2024_21,84.458,1.0,2024_21
84.652,15,1,21.559,44.958,18.135,302.0,225.0,312.0,247.0,INTERMEDIATE,17,False,Ferrari,0 days 01:31:57.863000,Track Clear,5,False,leclerc,22.3,75.0,926.5,True,25.4,330,0.6,Lap,2024_21,85.191,8.0,2024_21
84.669,15,1,21.62,44.775,18.274,304.0,218.0,309.0,252.0,INTERMEDIATE,15,True,Red Bull Racing,0 days 01:31:58.669000,Track Clear,6,False,max_verstappen,22.3,75.0,926.5,True,25.3,42,1.1,Lap,2024_21,84.52600000000001,3.0,2024_21
85.154,15,1,21.65,45.404,18.1,301.0,217.0,306.0,245.0,INTERMEDIATE,18,False,Racing Bulls,0 days 01:32:02.031000,Track Clear,7,False,lawson,22.3,75.0,926.5,True,25.3,42,1.1,Lap,2024_21,84.80000000000001,6.0,2024_21
84.924,15,1,21.581,44.977,18.366,299.0,212.0,308.0,257.0,INTERMEDIATE,18,False,McLaren,0 days 01:32:03.213000,Track Clear,8,False,piastri,22.3,75.0,926.5,True,25.3,42,1.1,Lap,2024_21,84.54050000000001,4.0,2024_21
84.579,15,1,21.713,44.717,18.149,294.0,224.0,303.0,241.0,INTERMEDIATE,15,True,Aston Martin,0 days 01:32:04.828000,Track Clear,9,False,alonso,22.3,75.0,926.5,True,25.3,42,1.1,Lap,2024_21,84.697,5.0,2024_21
84.66,15,1,21.468,44.926,18.266,301.0,216.0,305.0,249.0,INTERMEDIATE,15,True,Alpine,0 days 01:32:07.759000,Track Clear,10,False,gasly,22.3,75.0,926.5,True,25.3,42,1.1,Lap,2024_21,84.458,1.0,2024_21
84.845,15,1,21.509,45.02,18.316,301.0,213.0,304.0,248.0,INTERMEDIATE,15,True,Haas F1 Team,0 days 01:32:08.849000,Track Clear,11,False,hulkenberg,22.3,75.0,926.5,True,25.3,42,1.1,Lap,2024_21,84.973,7.0,2024_21
85.655,15,1,22.093,45.16,18.402,304.0,221.0,308.0,258.0,INTERMEDIATE,15,True,Williams,0 days 01:32:14.528000,Track Clear,12,False,colapinto,22.3,75.0,926.5,True,25.3,42,1.1,Lap,2024_21,85.762,10.0,2024_21
85.793,15,1,21.818,45.486,18.489,299.0,212.0,311.0,242.0,INTERMEDIATE,15,True,Mercedes,0 days 01:32:15.100000,Track Clear,13,False,hamilton,22.3,75.0,926.5,True,25.3,42,1.1,Lap,2024_21,84.50800000000001,2.0,2024_21
85.434,15,1,21.777,45.185,18.472,304.0,220.0,313.0,246.0,INTERMEDIATE,15,True,Ferrari,0 days 01:32:15.936000,Track Clear,14,False,sainz,22.3,75.0,926.5,True,25.3,42,1.1,Lap,2024_21,85.191,8.0,2024_21
84.73,15,1,21.583,44.89,18.257,302.0,215.0,307.0,,INTERMEDIATE,15,True,Haas F1 Team,0 days 01:32:17.979000,Track Clear,15,False,bearman,22.3,75.0,926.5,True,25.3,42,1.1,Lap,2024_21,84.973,7.0,2024_21
85.279,15,1,21.488,45.397,18.394,301.0,202.0,306.0,263.0,INTERMEDIATE,15,True,Red Bull Racing,0 days 01:32:20.521000,Track Clear,16,False,perez,22.3,75.0,926.5,True,25.3,42,1.1,Lap,2024_21,84.52600000000001,3.0,2024_21
85.431,15,1,21.775,45.221,18.435,,211.0,300.0,262.0,INTERMEDIATE,15,True,Kick Sauber,0 days 01:32:22.563000,Track Clear,17,False,bottas,22.3,75.0,926.5,True,25.3,42,1.1,Lap,2024_21,85.637,9.0,2024_21
86.38,15,1,22.172,45.627,18.581,293.0,219.0,297.0,242.0,INTERMEDIATE,15,True,Kick Sauber,0 days 01:32:30.532000,Track Clear,18,False,zhou,22.3,75.0,926.5,True,25.3,42,1.1,Lap,2024_21,85.637,9.0,2024_21
83.984,16,1,21.366,44.403,18.215,301.0,225.0,306.0,255.0,INTERMEDIATE,19,False,Mercedes,0 days 01:33:12.234000,Track Clear,1,False,russell,22.2,76.0,926.4,True,25.3,264,0.7,Lap,2024_21,84.50800000000001,2.0,2024_21
84.484,16,1,21.52,44.726,18.238,297.0,213.0,305.0,250.0,INTERMEDIATE,19,False,McLaren,0 days 01:33:13.287000,Track Clear,2,False,norris,22.2,76.0,926.4,True,25.3,264,0.7,Lap,2024_21,84.54050000000001,4.0,2024_21
84.762,16,1,21.428,45.126,18.208,294.0,217.0,304.0,255.0,INTERMEDIATE,19,False,Racing Bulls,0 days 01:33:21.113000,Track Clear,3,False,tsunoda,22.2,76.0,926.4,True,25.3,264,0.7,Lap,2024_21,84.80000000000001,6.0,2024_21
85.045,16,1,22.208,44.677,18.16,301.0,216.0,306.0,246.0,INTERMEDIATE,18,False,Alpine,0 days 01:33:22.128000,Track Clear,4,False,ocon,22.2,76.0,926.4,True,25.3,264,0.7,Lap,2024_21,84.458,1.0,2024_21
85.249,16,1,22.156,45.019,18.074,301.0,228.0,310.0,267.0,INTERMEDIATE,18,False,Ferrari,0 days 01:33:22.515000,Track Clear,5,False,leclerc,22.2,76.0,926.4,True,25.3,264,0.7,Lap,2024_21,85.191,8.0,2024_21
85.131,16,1,21.616,45.371,18.144,296.0,221.0,311.0,248.0,INTERMEDIATE,16,True,Red Bull Racing,0 days 01:33:23.338000,Track Clear,6,False,max_verstappen,22.2,76.0,926.4,True,25.3,264,0.7,Lap,2024_21,84.52600000000001,3.0,2024_21
84.984,16,1,21.675,45.082,18.227,,220.0,307.0,247.0,INTERMEDIATE,19,False,Racing Bulls,0 days 01:33:27.185000,Track Clear,7,False,lawson,22.2,76.0,926.4,True,25.3,264,0.7,Lap,2024_21,84.80000000000001,6.0,2024_21
84.896,16,1,21.891,44.758,18.247,295.0,214.0,309.0,250.0,INTERMEDIATE,19,False,McLaren,0 days 01:33:28.137000,Track Clear,8,False,piastri,22.2,76.0,926.4,True,25.3,264,0.7,Lap,2024_21,84.54050000000001,4.0,2024_21
84.351,16,1,21.476,44.706,18.169,299.0,218.0,305.0,250.0,INTERMEDIATE,16,True,Alpine,0 days 01:33:32.419000,Track Clear,9,False,gasly,22.2,76.0,926.4,True,25.3,264,0.7,Lap,2024_21,84.458,1.0,2024_21
88.626,16,1,25.246,45.344,18.036,279.0,228.0,306.0,234.0,INTERMEDIATE,16,True,Aston Martin,0 days 01:33:29.407000,Track Clear,10,True,alonso,22.2,76.0,926.4,True,25.3,264,0.7,Lap,2024_21,84.697,5.0,2024_21
85.646,16,1,21.688,45.641,18.317,300.0,213.0,306.0,240.0,INTERMEDIATE,16,True,Haas F1 Team,0 days 01:33:33.694000,Track Clear,11,False,hulkenberg,22.2,76.0,926.4,True,25.3,264,0.7,Lap,2024_21,84.973,7.0,2024_21
85.338,16,1,21.89,45.195,18.253,301.0,223.0,309.0,247.0,INTERMEDIATE,16,True,Williams,0 days 01:33:40.183000,Track Clear,12,False,colapinto,22.2,76.0,926.4,True,25.3,264,0.7,Lap,2024_21,85.762,10.0,2024_21
85.448,16,1,22.08,45.091,18.277,304.0,215.0,310.0,241.0,INTERMEDIATE,16,True,Mercedes,0 days 01:33:40.893000,Track Clear,13,False,hamilton,22.2,76.0,926.4,True,25.3,264,0.7,Lap,2024_21,84.50800000000001,2.0,2024_21
85.792,16,1,22.082,45.165,18.545,306.0,214.0,308.0,249.0,INTERMEDIATE,16,True,Ferrari,0 days 01:33:41.370000,Track Clear,14,False,sainz,22.2,76.0,926.4,True,25.3,264,0.7,Lap,2024_21,85.191,8.0,2024_21
85.055,16,1,21.865,44.91,18.28,293.0,215.0,311.0,264.0,INTERMEDIATE,16,True,Haas F1 Team,0 days 01:33:42.709000,Track Clear,15,False,bearman,22.2,76.0,926.4,True,25.3,264,0.7,Lap,2024_21,84.973,7.0,2024_21
84.469,16,1,21.335,44.821,18.313,300.0,206.0,307.0,250.0,INTERMEDIATE,16,True,Red Bull Racing,0 days 01:33:45.800000,Track Clear,16,False,perez,22.2,76.0,926.4,True,25.3,264,0.7,Lap,2024_21,84.52600000000001,3.0,2024_21
84.896,16,1,21.688,44.769,18.439,295.0,216.0,299.0,266.0,INTERMEDIATE,16,True,Kick Sauber,0 days 01:33:47.994000,Track Clear,17,False,bottas,22.2,76.0,926.4,True,25.3,264,0.7,Lap,2024_21,85.637,9.0,2024_21
86.125,16,1,22.203,45.336,18.586,,223.0,296.0,225.0,INTERMEDIATE,16,True,Kick Sauber,0 days 01:33:56.912000,Track Clear,18,False,zhou,22.2,76.0,926.4,True,25.3,264,0.7,Lap,2024_21,85.637,9.0,2024_21
84.71,17,1,21.365,45.224,18.121,,224.0,305.0,258.0,INTERMEDIATE,20,False,Mercedes,0 days 01:34:36.218000,Track Clear,1,False,russell,22.1,75.0,926.5,True,25.3,0,0.8,Lap,2024_21,84.50800000000001,2.0,2024_21
83.973,17,1,21.445,44.463,18.065,298.0,220.0,305.0,252.0,INTERMEDIATE,20,False,McLaren,0 days 01:34:37.771000,Track Clear,2,False,norris,22.1,75.0,926.5,True,25.3,0,0.8,Lap,2024_21,84.54050000000001,4.0,2024_21
84.724,17,1,21.504,44.889,18.331,,221.0,303.0,252.0,INTERMEDIATE,20,False,Racing Bulls,0 days 01:34:45.875000,Track Clear,3,False,tsunoda,22.1,75.0,926.5,True,25.3,0,0.8,Lap,2024_21,84.80000000000001,6.0,2024_21
84.243,17,1,21.37,44.689,18.184,303.0,216.0,307.0,257.0,INTERMEDIATE,19,False,Alpine,0 days 01:34:47.173000,Track Clear,4,False,ocon,22.1,75.0,926.5,True,25.3,0,0.8,Lap,2024_21,84.458,1.0,2024_21
84.271,17,1,21.483,44.675,18.113,305.0,231.0,311.0,252.0,INTERMEDIATE,19,False,Ferrari,0 days 01:34:47.764000,Track Clear,5,False,leclerc,22.1,75.0,926.5,True,25.3,0,0.8,Lap,2024_21,85.191,8.0,2024_21
84.328,17,1,21.517,44.642,18.169,304.0,224.0,310.0,260.0,INTERMEDIATE,17,True,Red Bull Racing,0 days 01:34:48.469000,Track Clear,6,False,max_verstappen,22.1,75.0,926.5,True,25.3,0,0.8,Lap,2024_21,84.52600000000001,3.0,2024_21
84.525,17,1,21.597,44.806,18.122,302.0,222.0,305.0,250.0,INTERMEDIATE,20,False,Racing Bulls,0 days 01:34:52.169000,Track Clear,7,False,lawson,22.1,75.0,926.5,True,25.3,0,0.8,Lap,2024_21,84.80000000000001,6.0,2024_21
84.555,17,1,21.888,44.49,18.177,302.0,218.0,308.0,257.0,INTERMEDIATE,20,False,McLaren,0 days 01:34:53.033000,Track Clear,8,False,piastri,22.1,75.0,926.5,True,25.3,0,0.8,Lap,2024_21,84.54050000000001,4.0,2024_21
84.237,17,1,21.436,44.597,18.204,,216.0,305.0,254.0,INTERMEDIATE,17,True,Alpine,0 days 01:34:56.770000,Track Clear,9,False,gasly,22.1,75.0,926.5,True,25.3,0,0.8,Lap,2024_21,84.458,1.0,2024_21
84.51,17,1,21.835,44.566,18.109,299.0,226.0,305.0,232.0,INTERMEDIATE,17,True,Aston Martin,0 days 01:34:58.033000,Track Clear,10,False,alonso,22.1,75.0,926.5,True,25.3,0,0.8,Lap,2024_21,84.697,5.0,2024_21
84.397,17,1,21.733,44.571,18.093,302.0,222.0,304.0,248.0,INTERMEDIATE,17,True,Haas F1 Team,0 days 01:34:59.340000,Track Clear,11,False,hulkenberg,22.1,76.0,926.5,True,25.1,171,0.5,Lap,2024_21,84.973,7.0,2024_21
84.967,17,1,21.657,45.072,18.238,298.0,230.0,309.0,254.0,INTERMEDIATE,17,True,Williams,0 days 01:35:05.521000,Track Clear,12,False,colapinto,22.1,76.0,926.5,True,25.1,171,0.5,Lap,2024_21,85.762,10.0,2024_21
84.732,17,1,21.621,44.859,18.252,,223.0,311.0,243.0,INTERMEDIATE,17,True,Mercedes,0 days 01:35:06.341000,Track Clear,13,False,hamilton,22.1,76.0,926.5,True,25.1,171,0.5,Lap,2024_21,84.50800000000001,2.0,2024_21
84.667,17,1,21.604,44.641,18.422,304.0,225.0,310.0,241.0,INTERMEDIATE,17,True,Ferrari,0 days 01:35:07.162000,Track Clear,14,False,sainz,22.1,76.0,926.5,True,25.1,171,0.5,Lap,2024_21,85.191,8.0,2024_21
84.941,17,1,21.824,44.91,18.207,304.0,219.0,308.0,247.0,INTERMEDIATE,17,True,Haas F1 Team,0 days 01:35:07.764000,Track Clear,15,False,bearman,22.1,76.0,926.5,True,25.1,171,0.5,Lap,2024_21,84.973,7.0,2024_21
84.395,17,1,21.301,44.676,18.418,302.0,206.0,306.0,246.0,INTERMEDIATE,17,True,Red Bull Racing,0 days 01:35:10.269000,Track Clear,16,False,perez,22.1,76.0,926.5,True,25.1,171,0.5,Lap,2024_21,84.52600000000001,3.0,2024_21
84.927,17,1,21.566,44.861,18.5,294.0,215.0,298.0,,INTERMEDIATE,17,True,Kick Sauber,0 days 01:35:12.890000,Track Clear,17,False,bottas,22.1,76.0,926.5,True,25.1,171,0.5,Lap,2024_21,85.637,9.0,2024_21
85.855,17,1,22.052,45.167,18.636,,223.0,295.0,239.0,INTERMEDIATE,17,True,Kick Sauber,0 days 01:35:23.037000,Track Clear,18,False,zhou,22.1,76.0,926.5,True,25.1,171,0.5,Lap,2024_21,85.637,9.0,2024_21
84.423,18,1,21.715,44.607,18.101,299.0,226.0,305.0,251.0,INTERMEDIATE,21,False,Mercedes,0 days 01:36:00.928000,Track Clear,1,False,russell,22.0,76.0,926.5,True,25.1,338,0.5,Lap,2024_21,84.50800000000001,2.0,2024_21
84.505,18,1,21.457,44.94,18.108,,220.0,304.0,255.0,INTERMEDIATE,21,False,McLaren,0 days 01:36:01.744000,Track Clear,2,False,norris,22.0,76.0,926.5,True,25.1,338,0.5,Lap,2024_21,84.54050000000001,4.0,2024_21
84.547,18,1,21.556,44.725,18.266,296.0,222.0,304.0,247.0,INTERMEDIATE,21,False,Racing Bulls,0 days 01:36:10.599000,Track Clear,3,False,tsunoda,22.0,76.0,926.5,True,25.1,338,0.5,Lap,2024_21,84.80000000000001,6.0,2024_21
84.423,18,1,21.655,44.508,18.26,299.0,212.0,308.0,248.0,INTERMEDIATE,20,False,Alpine,0 days 01:36:11.416000,Track Clear,4,False,ocon,22.0,76.0,926.5,True,25.1,338,0.5,Lap,2024_21,84.458,1.0,2024_21
84.351,18,1,21.559,44.727,18.065,302.0,225.0,311.0,251.0,INTERMEDIATE,20,False,Ferrari,0 days 01:36:12.035000,Track Clear,5,False,leclerc,22.0,76.0,926.5,True,25.1,338,0.5,Lap,2024_21,85.191,8.0,2024_21
84.248,18,1,21.508,44.62,18.12,,224.0,310.0,258.0,INTERMEDIATE,18,True,Red Bull Racing,0 days 01:36:12.797000,Track Clear,6,False,max_verstappen,22.0,76.0,926.5,True,25.1,338,0.5,Lap,2024_21,84.52600000000001,3.0,2024_21
84.682,18,1,21.557,44.946,18.179,301.0,224.0,305.0,255.0,INTERMEDIATE,21,False,Racing Bulls,0 days 01:36:16.694000,Track Clear,7,False,lawson,22.0,76.0,926.5,True,25.1,338,0.5,Lap,2024_21,84.80000000000001,6.0,2024_21
84.526,18,1,21.572,44.696,18.258,301.0,219.0,307.0,245.0,INTERMEDIATE,21,False,McLaren,0 days 01:36:17.588000,Track Clear,8,False,piastri,22.0,76.0,926.5,True,25.1,338,0.5,Lap,2024_21,84.54050000000001,4.0,2024_21
84.199,18,1,21.573,44.371,18.255,300.0,220.0,304.0,251.0,INTERMEDIATE,18,True,Alpine,0 days 01:36:21.007000,Track Clear,9,False,gasly,22.0,76.0,926.5,True,25.1,338,0.5,Lap,2024_21,84.458,1.0,2024_21
84.035,18,1,21.598,44.342,18.095,297.0,223.0,305.0,241.0,INTERMEDIATE,18,True,Aston Martin,0 days 01:36:22.543000,Track Clear,10,False,alonso,22.0,76.0,926.5,True,25.1,338,0.5,Lap,2024_21,84.697,5.0,2024_21
85.094,18,1,21.537,45.256,18.301,,215.0,305.0,263.0,INTERMEDIATE,18,True,Haas F1 Team,0 days 01:36:23.737000,Track Clear,11,False,hulkenberg,22.0,76.0,926.5,True,25.1,338,0.5,Lap,2024_21,84.973,7.0,2024_21
84.836,18,1,21.733,44.85,18.253,,221.0,309.0,257.0,INTERMEDIATE,18,True,Williams,0 days 01:36:30.488000,Track Clear,12,True,colapinto,22.0,76.0,926.5,True,25.1,338,0.5,Lap,2024_21,85.762,10.0,2024_21
84.874,18,1,21.653,44.795,18.426,,221.0,308.0,,INTERMEDIATE,18,True,Ferrari,0 days 01:36:31.829000,Track Clear,13,False,sainz,22.0,76.0,926.5,True,25.1,338,0.5,Lap,2024_21,85.191,8.0,2024_21
86.035,18,1,21.376,45.09,19.569,307.0,216.0,311.0,240.0,INTERMEDIATE,18,True,Mercedes,0 days 01:36:31.073000,Track Clear,14,False,hamilton,22.0,76.0,926.5,True,25.1,338,0.5,Lap,2024_21,84.50800000000001,2.0,2024_21
84.883,18,1,21.777,44.98,18.126,303.0,222.0,313.0,245.0,INTERMEDIATE,18,True,Haas F1 Team,0 days 01:36:32.705000,Track Clear,15,False,bearman,22.0,76.0,926.5,True,25.1,338,0.5,Lap,2024_21,84.973,7.0,2024_21
85.85,18,1,21.405,46.087,18.358,303.0,207.0,306.0,252.0,INTERMEDIATE,18,True,Red Bull Racing,0 days 01:36:34.664000,Track Clear,16,False,perez,22.0,76.0,926.5,True,25.1,338,0.5,Lap,2024_21,84.52600000000001,3.0,2024_21
85.189,18,1,21.817,44.664,18.708,295.0,221.0,298.0,,INTERMEDIATE,18,True,Kick Sauber,0 days 01:36:37.817000,Track Clear,17,False,bottas,22.0,76.0,926.5,True,25.1,338,0.5,Lap,2024_21,85.637,9.0,2024_21
85.579,18,1,21.915,45.109,18.555,295.0,227.0,295.0,236.0,INTERMEDIATE,18,True,Kick Sauber,0 days 01:36:48.892000,Track Clear,18,False,zhou,22.0,76.0,926.5,True,25.1,338,0.5,Lap,2024_21,85.637,9.0,2024_21
84.338,19,1,21.984,44.251,18.103,298.0,224.0,305.0,262.0,INTERMEDIATE,22,False,Mercedes,0 days 01:37:25.351000,Track Clear,1,False,russell,22.0,77.0,926.5,True,25.1,207,0.6,Lap,2024_21,84.50800000000001,2.0,2024_21
84.465,19,1,21.698,44.672,18.095,294.0,220.0,304.0,251.0,INTERMEDIATE,22,False,McLaren,0 days 01:37:26.249000,Track Clear,2,False,norris,22.0,77.0,926.5,True,25.1,207,0.6,Lap,2024_21,84.54050000000001,4.0,2024_21
84.275,19,1,21.472,44.571,18.232,297.0,223.0,303.0,255.0,INTERMEDIATE,22,False,Racing Bulls,0 days 01:37:35.146000,Track Clear,3,False,tsunoda,22.0,77.0,926.5,True,25.1,207,0.6,Lap,2024_21,84.80000000000001,6.0,2024_21
84.222,19,1,21.47,44.528,18.224,300.0,214.0,307.0,250.0,INTERMEDIATE,21,False,Alpine,0 days 01:37:35.839000,Track Clear,4,False,ocon,22.0,77.0,926.5,True,25.1,207,0.6,Lap,2024_21,84.458,1.0,2024_21
84.243,19,1,21.662,44.54,18.041,303.0,230.0,309.0,249.0,INTERMEDIATE,21,False,Ferrari,0 days 01:37:36.386000,Track Clear,5,False,leclerc,22.0,77.0,926.5,True,25.1,207,0.6,Lap,2024_21,85.191,8.0,2024_21
84.493,19,1,21.571,44.905,18.017,306.0,227.0,309.0,254.0,INTERMEDIATE,19,True,Red Bull Racing,0 days 01:37:37.045000,Track Clear,6,False,max_verstappen,22.0,77.0,926.5,True,25.1,207,0.6,Lap,2024_21,84.52600000000001,3.0,2024_21
84.607,19,1,21.603,44.798,18.206,,226.0,305.0,245.0,INTERMEDIATE,22,False,Racing Bulls,0 days 01:37:41.376000,Track Clear,7,False,lawson,22.0,77.0,926.5,True,25.1,207,0.6,Lap,2024_21,84.80000000000001,6.0,2024_21
84.563,19,1,21.713,44.663,18.187,302.0,221.0,306.0,250.0,INTERMEDIATE,22,False,McLaren,0 days 01:37:42.114000,Track Clear,8,False,piastri,22.0,77.0,926.5,True,25.1,207,0.6,Lap,2024_21,84.54050000000001,4.0,2024_21
84.214,19,1,21.504,44.519,18.191,301.0,219.0,302.0,,INTERMEDIATE,19,True,Alpine,0 days 01:37:45.206000,Track Clear,9,False,gasly,22.0,77.0,926.5,True,25.1,207,0.6,Lap,2024_21,84.458,1.0,2024_21
84.787,19,1,21.869,44.699,18.219,288.0,225.0,303.0,239.0,INTERMEDIATE,19,True,Aston Martin,0 days 01:37:46.578000,Track Clear,10,False,alonso,22.0,77.0,926.5,True,25.1,207,0.6,Lap,2024_21,84.697,5.0,2024_21
84.415,19,1,21.647,44.522,18.246,,219.0,306.0,255.0,INTERMEDIATE,19,True,Haas F1 Team,0 days 01:37:48.831000,Track Clear,11,False,hulkenberg,22.0,77.0,926.5,True,25.1,207,0.6,Lap,2024_21,84.973,7.0,2024_21
85.028,19,1,21.588,45.11,18.33,305.0,219.0,308.0,248.0,INTERMEDIATE,19,True,Williams,0 days 01:37:55.324000,Track Clear,12,False,colapinto,22.0,77.0,926.5,True,25.1,207,0.6,Lap,2024_21,85.762,10.0,2024_21
84.201,19,1,21.465,44.358,18.378,,217.0,311.0,258.0,INTERMEDIATE,19,True,Ferrari,0 days 01:37:56.703000,Track Clear,13,False,sainz,22.0,77.0,926.5,True,25.1,207,0.6,Lap,2024_21,85.191,8.0,2024_21
85.601,19,1,22.173,45.286,18.142,297.0,222.0,305.0,236.0,INTERMEDIATE,19,True,Haas F1 Team,0 days 01:37:57.588000,Track Clear,14,False,bearman,22.0,77.0,926.5,True,25.1,207,0.6,Lap,2024_21,84.973,7.0,2024_21
86.872,19,1,22.549,46.041,18.282,300.0,213.0,314.0,238.0,INTERMEDIATE,19,True,Mercedes,0 days 01:37:57.108000,Track Clear,15,True,hamilton,22.0,77.0,926.6,True,24.9,0,0.4,Lap,2024_21,84.50800000000001,2.0,2024_21
84.414,19,1,21.306,44.811,18.297,304.0,211.0,309.0,249.0,INTERMEDIATE,19,True,Red Bull Racing,0 days 01:38:00.514000,Track Clear,16,False,perez,22.0,77.0,926.6,True,24.9,0,0.4,Lap,2024_21,84.52600000000001,3.0,2024_21
85.089,19,1,21.841,44.69,18.558,296.0,221.0,298.0,267.0,INTERMEDIATE,19,True,Kick Sauber,0 days 01:38:03.006000,Track Clear,17,False,bottas,22.0,77.0,926.6,True,24.9,0,0.4,Lap,2024_21,85.637,9.0,2024_21
85.376,19,1,21.932,44.978,18.466,,225.0,295.0,237.0,INTERMEDIATE,19,True,Kick Sauber,0 days 01:38:14.471000,Track Clear,18,False,zhou,22.0,77.0,926.6,True,24.9,0,0.4,Lap,2024_21,85.637,9.0,2024_21
83.751,20,1,21.359,44.244,18.148,,226.0,306.0,251.0,INTERMEDIATE,23,False,Mercedes,0 days 01:38:49.689000,Track Clear,1,False,russell,22.0,77.0,926.6,True,24.9,0,0.4,Lap,2024_21,84.50800000000001,2.0,2024_21
84.197,20,1,21.552,44.592,18.053,300.0,217.0,305.0,252.0,INTERMEDIATE,23,False,McLaren,0 days 01:38:50.714000,Track Clear,2,False,norris,22.0,77.0,926.6,True,24.9,0,0.4,Lap,2024_21,84.54050000000001,4.0,2024_21
84.163,20,1,21.449,44.532,18.182,298.0,224.0,304.0,258.0,INTERMEDIATE,23,False,Racing Bulls,0 days 01:38:59.421000,Track Clear,3,False,tsunoda,22.0,79.0,926.4,True,24.9,154,0.4,Lap,2024_21,84.80000000000001,6.0,2024_21
84.282,20,1,21.524,44.554,18.204,303.0,215.0,308.0,246.0,INTERMEDIATE,22,False,Alpine,0 days 01:39:00.061000,Track Clear,4,False,ocon,22.0,79.0,926.4,True,24.9,154,0.4,Lap,2024_21,84.458,1.0,2024_21
84.231,20,1,21.569,44.604,18.058,,227.0,311.0,250.0,INTERMEDIATE,22,False,Ferrari,0 days 01:39:00.629000,Track Clear,5,False,leclerc,22.0,79.0,926.4,True,24.9,154,0.4,Lap,2024_21,85.191,8.0,2024_21
83.915,20,1,21.355,44.416,18.144,307.0,225.0,311.0,266.0,INTERMEDIATE,20,True,Red Bull Racing,0 days 01:39:01.538000,Track Clear,6,False,max_verstappen,22.0,79.0,926.4,True,24.9,154,0.4,Lap,2024_21,84.52600000000001,3.0,2024_21
84.034,20,1,21.522,44.37,18.142,,227.0,306.0,250.0,INTERMEDIATE,23,False,Racing Bulls,0 days 01:39:05.983000,Track Clear,7,False,lawson,22.0,79.0,926.4,True,24.9,154,0.4,Lap,2024_21,84.80000000000001,6.0,2024_21
84.278,20,1,21.936,44.225,18.117,296.0,225.0,307.0,252.0,INTERMEDIATE,23,False,McLaren,0 days 01:39:06.677000,Track Clear,8,False,piastri,22.0,79.0,926.4,True,24.9,154,0.4,Lap,2024_21,84.54050000000001,4.0,2024_21
84.381,20,1,21.453,44.669,18.259,302.0,218.0,305.0,257.0,INTERMEDIATE,20,True,Alpine,0 days 01:39:09.420000,Track Clear,9,False,gasly,22.0,79.0,926.4,True,24.9,154,0.4,Lap,2024_21,84.458,1.0,2024_21
83.949,20,1,21.502,44.269,18.178,301.0,221.0,304.0,244.0,INTERMEDIATE,20,True,Aston Martin,0 days 01:39:11.365000,Track Clear,10,False,alonso,22.0,79.0,926.4,True,24.9,154,0.4,Lap,2024_21,84.697,5.0,2024_21
84.354,20,1,21.602,44.282,18.47,301.0,225.0,304.0,275.0,INTERMEDIATE,20,True,Haas F1 Team,0 days 01:39:13.246000,Track Clear,11,False,hulkenberg,22.0,79.0,926.4,True,24.9,154,0.4,Lap,2024_21,84.973,7.0,2024_21
85.366,20,1,22.361,44.837,18.168,303.0,226.0,308.0,249.0,INTERMEDIATE,20,True,Williams,0 days 01:39:20.352000,Track Clear,12,False,colapinto,22.0,79.0,926.4,True,24.9,154,0.4,Lap,2024_21,85.762,10.0,2024_21
85.301,20,1,22.101,44.965,18.235,307.0,221.0,311.0,252.0,INTERMEDIATE,20,True,Ferrari,0 days 01:39:20.904000,Track Clear,13,False,sainz,22.0,79.0,926.4,True,24.9,154,0.4,Lap,2024_21,85.191,8.0,2024_21
84.414,20,1,21.628,44.728,18.058,302.0,217.0,307.0,267.0,INTERMEDIATE,20,True,Haas F1 Team,0 days 01:39:23.189000,Track Clear,14,False,bearman,22.0,79.0,926.4,True,24.9,154,0.4,Lap,2024_21,84.973,7.0,2024_21
84.315,20,1,21.674,44.599,18.042,297.0,212.0,312.0,242.0,INTERMEDIATE,20,True,Mercedes,0 days 01:39:23.980000,Track Clear,15,False,hamilton,22.0,79.0,926.4,True,24.9,154,0.4,Lap,2024_21,84.50800000000001,2.0,2024_21
84.522,20,1,21.388,44.882,18.252,292.0,213.0,310.0,258.0,INTERMEDIATE,20,True,Red Bull Racing,0 days 01:39:24.928000,Track Clear,16,False,perez,22.0,79.0,926.4,True,24.9,154,0.4,Lap,2024_21,84.52600000000001,3.0,2024_21
84.984,20,1,21.633,44.878,18.473,,220.0,299.0,268.0,INTERMEDIATE,20,True,Kick Sauber,0 days 01:39:28.095000,Track Clear,17,False,bottas,22.0,79.0,926.4,True,24.9,154,0.4,Lap,2024_21,85.637,9.0,2024_21
85.053,20,1,21.775,44.862,18.416,,225.0,295.0,238.0,INTERMEDIATE,20,True,Kick Sauber,0 days 01:39:39.847000,Track Clear,18,False,zhou,22.0,79.0,926.4,True,24.9,154,0.4,Lap,2024_21,85.637,9.0,2024_21
83.517,21,1,21.459,43.959,18.099,300.0,227.0,307.0,252.0,INTERMEDIATE,24,False,Mercedes,0 days 01:40:13.440000,Track Clear,1,False,russell,22.0,81.0,926.4,True,24.9,343,1.1,Lap,2024_21,84.50800000000001,2.0,2024_21
83.777,21,1,21.634,44.186,17.957,,225.0,304.0,254.0,INTERMEDIATE,24,False,McLaren,0 days 01:40:14.911000,Track Clear,2,False,norris,22.0,81.0,926.4,True,24.9,343,1.1,Lap,2024_21,84.54050000000001,4.0,2024_21
84.179,21,1,21.396,44.536,18.247,,224.0,303.0,259.0,INTERMEDIATE,24,False,Racing Bulls,0 days 01:40:23.584000,Track Clear,3,False,tsunoda,22.0,81.0,926.4,True,24.9,343,1.1,Lap,2024_21,84.80000000000001,6.0,2024_21
84.037,21,1,21.455,44.374,18.208,298.0,212.0,307.0,249.0,INTERMEDIATE,23,False,Alpine,0 days 01:40:24.343000,Track Clear,4,False,ocon,22.0,81.0,926.4,True,24.9,343,1.1,Lap,2024_21,84.458,1.0,2024_21
84.802,21,1,21.692,44.367,18.743,305.0,231.0,305.0,256.0,INTERMEDIATE,23,False,Ferrari,0 days 01:40:24.860000,Track Clear,5,False,leclerc,22.0,81.0,926.4,True,24.9,343,1.1,Lap,2024_21,85.191,8.0,2024_21
84.269,21,1,22.164,44.189,17.916,304.0,225.0,310.0,258.0,INTERMEDIATE,21,True,Red Bull Racing,0 days 01:40:25.453000,Track Clear,6,False,max_verstappen,22.0,81.0,926.4,True,24.9,343,1.1,Lap,2024_21,84.52600000000001,3.0,2024_21
84.17,21,1,21.469,44.546,18.155,302.0,227.0,306.0,253.0,INTERMEDIATE,24,False,Racing Bulls,0 days 01:40:30.017000,Track Clear,7,False,lawson,22.0,81.0,926.4,True,24.9,343,1.1,Lap,2024_21,84.80000000000001,6.0,2024_21
84.098,21,1,21.605,44.358,18.135,299.0,225.0,308.0,248.0,INTERMEDIATE,24,False,McLaren,0 days 01:40:30.955000,Track Clear,8,False,piastri,22.0,81.0,926.4,True,24.9,343,1.1,Lap,2024_21,84.54050000000001,4.0,2024_21
83.92,21,1,21.423,44.336,18.161,,223.0,304.0,252.0,INTERMEDIATE,21,True,Alpine,0 days 01:40:33.801000,Track Clear,9,False,gasly,22.0,81.0,926.4,True,24.9,343,1.1,Lap,2024_21,84.458,1.0,2024_21
84.09,21,1,21.498,44.324,18.268,303.0,227.0,303.0,241.0,INTERMEDIATE,21,True,Aston Martin,0 days 01:40:35.314000,Track Clear,10,False,alonso,22.0,81.0,926.4,True,24.9,343,1.1,Lap,2024_21,84.697,5.0,2024_21
83.764,21,1,21.467,44.079,18.218,303.0,222.0,306.0,258.0,INTERMEDIATE,21,True,Haas F1 Team,0 days 01:40:37.600000,Track Clear,11,False,hulkenberg,22.0,81.0,926.4,True,24.9,343,1.1,Lap,2024_21,84.973,7.0,2024_21
84.296,21,1,21.626,44.554,18.116,305.0,233.0,307.0,242.0,INTERMEDIATE,21,True,Williams,0 days 01:40:45.718000,Track Clear,12,False,colapinto,22.0,81.0,926.4,True,24.9,343,1.1,Lap,2024_21,85.762,10.0,2024_21
84.631,21,1,21.807,44.435,18.389,304.0,226.0,308.0,258.0,INTERMEDIATE,21,True,Ferrari,0 days 01:40:46.205000,Track Clear,13,False,sainz,22.0,81.0,926.4,True,24.9,343,1.1,Lap,2024_21,85.191,8.0,2024_21
84.482,21,1,21.569,44.692,18.221,304.0,221.0,307.0,262.0,INTERMEDIATE,21,True,Haas F1 Team,0 days 01:40:47.603000,Track Clear,14,False,bearman,22.0,81.0,926.4,True,24.9,343,1.1,Lap,2024_21,84.973,7.0,2024_21
84.385,21,1,21.556,44.809,18.02,303.0,212.0,313.0,238.0,INTERMEDIATE,21,True,Mercedes,0 days 01:40:48.295000,Track Clear,15,False,hamilton,22.0,81.0,926.4,True,24.9,343,1.1,Lap,2024_21,84.50800000000001,2.0,2024_21
84.408,21,1,21.629,44.605,18.174,300.0,209.0,309.0,239.0,INTERMEDIATE,21,True,Red Bull Racing,0 days 01:40:49.450000,Track Clear,16,False,perez,22.0,81.0,926.4,True,24.9,343,1.1,Lap,2024_21,84.52600000000001,3.0,2024_21
84.726,21,1,21.601,44.587,18.538,,216.0,298.0,270.0,INTERMEDIATE,21,True,Kick Sauber,0 days 01:40:53.079000,Track Clear,17,False,bottas,22.0,81.0,926.4,True,24.9,343,1.1,Lap,2024_21,85.637,9.0,2024_21
86.01,21,1,21.731,45.697,18.582,,219.0,294.0,241.0,INTERMEDIATE,21,True,Kick Sauber,0 days 01:41:04.900000,Track Clear,18,False,zhou,22.0,81.0,926.4,True,24.9,141,1.0,Lap,2024_21,85.637,9.0,2024_21
83.883,22,1,21.362,44.414,18.107,303.0,223.0,307.0,257.0,INTERMEDIATE,25,False,Mercedes,0 days 01:41:36.957000,Track Clear,1,False,russell,22.0,81.0,926.4,True,24.9,141,1.0,Lap,2024_21,84.50800000000001,2.0,2024_21
83.592,22,1,21.402,44.165,18.025,301.0,219.0,305.0,257.0,INTERMEDIATE,25,False,McLaren,0 days 01:41:38.688000,Track Clear,2,False,norris,22.0,81.0,926.4,True,24.9,141,1.0,Lap,2024_21,84.54050000000001,4.0,2024_21
84.39,22,1,21.404,44.818,18.168,,222.0,303.0,256.0,INTERMEDIATE,25,False,Racing Bulls,0 days 01:41:47.763000,Track Clear,3,False,tsunoda,22.0,81.0,926.4,True,24.9,141,1.0,Lap,2024_21,84.80000000000001,6.0,2024_21
84.37,22,1,21.477,44.753,18.14,302.0,217.0,307.0,250.0,INTERMEDIATE,24,False,Alpine,0 days 01:41:48.380000,Track Clear,4,False,ocon,22.0,81.0,926.4,True,24.9,141,1.0,Lap,2024_21,84.458,1.0,2024_21
84.309,22,1,21.722,44.568,18.019,303.0,228.0,307.0,262.0,INTERMEDIATE,24,False,Ferrari,0 days 01:41:49.662000,Track Clear,5,False,leclerc,22.0,81.0,926.4,True,24.9,141,1.0,Lap,2024_21,85.191,8.0,2024_21
85.055,22,1,21.988,44.995,18.072,307.0,220.0,309.0,264.0,INTERMEDIATE,22,True,Red Bull Racing,0 days 01:41:49.722000,Track Clear,6,False,max_verstappen,22.0,81.0,926.4,True,24.9,141,1.0,Lap,2024_21,84.52600000000001,3.0,2024_21
84.365,22,1,21.472,44.728,18.165,,227.0,306.0,248.0,INTERMEDIATE,25,False,Racing Bulls,0 days 01:41:54.187000,Track Clear,7,False,lawson,22.0,81.0,926.4,True,24.9,141,1.0,Lap,2024_21,84.80000000000001,6.0,2024_21
84.225,22,1,21.597,44.471,18.157,303.0,224.0,307.0,250.0,INTERMEDIATE,25,False,McLaren,0 days 01:41:55.053000,Track Clear,8,False,piastri,22.0,81.0,926.4,True,24.9,141,1.0,Lap,2024_21,84.54050000000001,4.0,2024_21
83.996,22,1,21.393,44.426,18.177,303.0,219.0,303.0,251.0,INTERMEDIATE,22,True,Alpine,0 days 01:41:57.721000,Track Clear,9,False,gasly,22.0,81.0,926.4,True,24.9,141,1.0,Lap,2024_21,84.458,1.0,2024_21
84.384,22,1,21.737,44.395,18.252,302.0,221.0,302.0,244.0,INTERMEDIATE,22,True,Aston Martin,0 days 01:41:59.404000,Track Clear,10,False,alonso,22.0,82.0,926.3,True,24.9,144,0.4,Lap,2024_21,84.697,5.0,2024_21
84.062,22,1,21.419,44.424,18.219,304.0,221.0,302.0,257.0,INTERMEDIATE,22,True,Haas F1 Team,0 days 01:42:01.364000,Track Clear,11,False,hulkenberg,22.0,82.0,926.3,True,24.9,144,0.4,Lap,2024_21,84.973,7.0,2024_21
84.878,22,1,21.724,44.841,18.313,303.0,221.0,305.0,245.0,INTERMEDIATE,22,True,Williams,0 days 01:42:10.014000,Track Clear,12,False,colapinto,22.0,82.0,926.3,True,24.9,144,0.4,Lap,2024_21,85.762,10.0,2024_21
84.517,22,1,21.617,44.723,18.177,,219.0,305.0,260.0,INTERMEDIATE,22,True,Haas F1 Team,0 days 01:42:12.085000,Track Clear,13,False,bearman,22.0,82.0,926.3,True,24.9,144,0.4,Lap,2024_21,84.973,7.0,2024_21
84.506,22,1,21.569,44.87,18.067,300.0,216.0,311.0,242.0,INTERMEDIATE,22,True,Mercedes,0 days 01:42:12.680000,Track Clear,14,False,hamilton,22.0,82.0,926.3,True,24.9,144,0.4,Lap,2024_21,84.50800000000001,2.0,2024_21
87.774,22,1,21.397,48.174,18.203,305.0,211.0,306.0,262.0,INTERMEDIATE,22,True,Ferrari,0 days 01:42:10.836000,Track Clear,15,True,sainz,22.0,82.0,926.3,True,24.9,144,0.4,Lap,2024_21,85.191,8.0,2024_21
85.382,22,1,21.412,45.783,18.187,303.0,214.0,311.0,253.0,INTERMEDIATE,22,True,Red Bull Racing,0 days 01:42:13.858000,Track Clear,16,False,perez,22.0,82.0,926.3,True,24.9,144,0.4,Lap,2024_21,84.52600000000001,3.0,2024_21
85.144,22,1,21.706,44.876,18.562,295.0,218.0,296.0,266.0,INTERMEDIATE,22,True,Kick Sauber,0 days 01:42:17.805000,Track Clear,17,False,bottas,22.0,82.0,926.3,True,24.9,144,0.4,Lap,2024_21,85.637,9.0,2024_21
85.637,22,1,21.9,45.287,18.45,294.0,225.0,295.0,246.0,INTERMEDIATE,22,True,Kick Sauber,0 days 01:42:30.910000,Track Clear,18,False,zhou,22.0,82.0,926.3,True,24.9,144,0.4,Lap,2024_21,85.637,9.0,2024_21
84.127,23,1,21.557,44.442,18.128,299.0,222.0,307.0,250.0,INTERMEDIATE,26,False,Mercedes,0 days 01:43:00.840000,Track Clear,1,False,russell,22.0,83.0,926.4,True,24.9,149,0.7,Lap,2024_21,84.50800000000001,2.0,2024_21
83.732,23,1,21.447,44.224,18.061,,222.0,304.0,253.0,INTERMEDIATE,26,False,McLaren,0 days 01:43:02.280000,Track Clear,2,False,norris,22.0,83.0,926.4,True,24.9,149,0.7,Lap,2024_21,84.54050000000001,4.0,2024_21
84.543,23,1,21.456,44.854,18.233,296.0,218.0,303.0,258.0,INTERMEDIATE,26,False,Racing Bulls,0 days 01:43:12.153000,Track Clear,3,False,tsunoda,22.0,83.0,926.4,True,24.9,149,0.7,Lap,2024_21,84.80000000000001,6.0,2024_21
84.606,23,1,21.423,44.932,18.251,,213.0,307.0,252.0,INTERMEDIATE,25,False,Alpine,0 days 01:43:12.750000,Track Clear,4,False,ocon,22.0,83.0,926.4,True,24.9,149,0.7,Lap,2024_21,84.458,1.0,2024_21
84.137,23,1,21.515,44.488,18.134,302.0,229.0,309.0,252.0,INTERMEDIATE,25,False,Ferrari,0 days 01:43:13.971000,Track Clear,5,False,leclerc,22.0,83.0,926.4,True,24.9,149,0.7,Lap,2024_21,85.191,8.0,2024_21
84.267,23,1,21.588,44.576,18.103,301.0,224.0,310.0,261.0,INTERMEDIATE,23,True,Red Bull Racing,0 days 01:43:14.777000,Track Clear,6,False,max_verstappen,22.0,83.0,926.4,True,24.9,149,0.7,Lap,2024_21,84.52600000000001,3.0,2024_21
85.0,23,1,21.831,44.902,18.267,298.0,220.0,305.0,252.0,INTERMEDIATE,26,False,Racing Bulls,0 days 01:43:18.552000,Track Clear,7,False,lawson,22.0,83.0,926.4,True,24.9,149,0.7,Lap,2024_21,84.80000000000001,6.0,2024_21
84.774,23,1,21.692,44.983,18.099,295.0,224.0,310.0,248.0,INTERMEDIATE,26,False,McLaren,0 days 01:43:19.278000,Track Clear,8,False,piastri,22.0,83.0,926.4,True,24.9,149,0.7,Lap,2024_21,84.54050000000001,4.0,2024_21
84.744,23,1,21.432,45.217,18.095,304.0,217.0,305.0,259.0,INTERMEDIATE,23,True,Alpine,0 days 01:43:21.717000,Track Clear,9,False,gasly,22.0,83.0,926.4,True,24.9,149,0.7,Lap,2024_21,84.458,1.0,2024_21
84.204,23,1,21.572,44.482,18.15,,226.0,304.0,251.0,INTERMEDIATE,23,True,Aston Martin,0 days 01:43:23.788000,Track Clear,10,False,alonso,22.0,83.0,926.4,True,24.9,149,0.7,Lap,2024_21,84.697,5.0,2024_21
84.583,23,1,21.763,44.669,18.151,302.0,223.0,303.0,246.0,INTERMEDIATE,23,True,Haas F1 Team,0 days 01:43:25.426000,Track Clear,11,False,hulkenberg,22.0,83.0,926.4,True,24.9,149,0.7,Lap,2024_21,84.973,7.0,2024_21
84.306,23,1,21.631,44.4,18.275,302.0,226.0,303.0,257.0,INTERMEDIATE,23,True,Haas F1 Team,0 days 01:43:36.602000,Track Clear,12,False,bearman,22.0,83.0,926.4,True,24.9,149,0.7,Lap,2024_21,84.973,7.0,2024_21
84.555,23,1,21.734,44.594,18.227,301.0,216.0,308.0,243.0,INTERMEDIATE,23,True,Mercedes,0 days 01:43:37.186000,Track Clear,13,False,hamilton,22.0,83.0,926.4,True,24.9,149,0.7,Lap,2024_21,84.50800000000001,2.0,2024_21
88.291,23,1,21.707,48.457,18.127,304.0,224.0,310.0,253.0,INTERMEDIATE,23,True,Williams,0 days 01:43:34.892000,Track Clear,14,True,colapinto,22.0,83.0,926.4,True,24.9,149,0.7,Lap,2024_21,85.762,10.0,2024_21
85.187,23,1,21.425,45.501,18.261,,224.0,312.0,267.0,INTERMEDIATE,23,True,Ferrari,0 days 01:43:38.610000,Track Clear,15,False,sainz,22.0,83.0,926.4,True,24.9,149,0.7,Lap,2024_21,85.191,8.0,2024_21
85.158,23,1,21.654,45.308,18.196,,212.0,311.0,251.0,INTERMEDIATE,23,True,Red Bull Racing,0 days 01:43:39.240000,Track Clear,16,False,perez,22.0,83.0,926.4,True,24.9,149,0.7,Lap,2024_21,84.52600000000001,3.0,2024_21
84.966,23,1,21.871,44.632,18.463,294.0,220.0,298.0,256.0,INTERMEDIATE,23,True,Kick Sauber,0 days 01:43:42.949000,Track Clear,17,False,bottas,22.0,83.0,926.4,True,24.9,149,0.7,Lap,2024_21,85.637,9.0,2024_21
86.438,23,1,22.102,45.804,18.532,293.0,225.0,295.0,242.0,INTERMEDIATE,23,True,Kick Sauber,0 days 01:43:56.547000,Track Clear,18,False,zhou,22.0,83.0,926.4,True,24.9,149,0.7,Lap,2024_21,85.637,9.0,2024_21
84.407,24,1,21.577,44.596,18.234,300.0,225.0,306.0,,INTERMEDIATE,27,False,Mercedes,0 days 01:44:24.967000,Track Clear,1,False,russell,22.0,83.0,926.3,True,25.0,291,0.4,Lap,2024_21,84.50800000000001,2.0,2024_21
83.982,24,1,21.452,44.496,18.034,,220.0,306.0,257.0,INTERMEDIATE,27,False,McLaren,0 days 01:44:26.012000,Track Clear,2,False,norris,22.0,83.0,926.3,True,25.0,291,0.4,Lap,2024_21,84.54050000000001,4.0,2024_21
84.617,24,1,21.574,44.898,18.145,294.0,219.0,303.0,254.0,INTERMEDIATE,27,False,Racing Bulls,0 days 01:44:36.696000,Track Clear,3,False,tsunoda,22.0,83.0,926.3,True,25.0,291,0.4,Lap,2024_21,84.80000000000001,6.0,2024_21
84.516,24,1,21.517,44.842,18.157,,217.0,308.0,247.0,INTERMEDIATE,26,False,Alpine,0 days 01:44:37.356000,Track Clear,4,False,ocon,22.0,83.0,926.3,True,25.0,291,0.4,Lap,2024_21,84.458,1.0,2024_21
84.53,24,1,21.417,44.885,18.228,304.0,219.0,308.0,259.0,INTERMEDIATE,24,True,Red Bull Racing,0 days 01:44:39.044000,Track Clear,5,False,max_verstappen,22.0,83.0,926.3,True,25.0,291,0.4,Lap,2024_21,84.52600000000001,3.0,2024_21
84.757,24,1,21.752,44.789,18.216,301.0,220.0,306.0,249.0,INTERMEDIATE,27,False,Racing Bulls,0 days 01:44:43.552000,Track Clear,7,False,lawson,22.0,83.0,926.3,True,25.0,291,0.4,Lap,2024_21,84.80000000000001,6.0,2024_21
84.789,24,1,21.75,44.805,18.234,303.0,221.0,310.0,254.0,INTERMEDIATE,27,False,McLaren,0 days 01:44:44.052000,Track Clear,8,False,piastri,22.0,83.0,926.3,True,25.0,291,0.4,Lap,2024_21,84.54050000000001,4.0,2024_21
84.399,24,1,21.493,44.698,18.208,302.0,216.0,306.0,258.0,INTERMEDIATE,24,True,Alpine,0 days 01:44:46.461000,Track Clear,9,False,gasly,22.0,83.0,926.3,True,25.0,291,0.4,Lap,2024_21,84.458,1.0,2024_21
84.27,24,1,21.531,44.469,18.27,303.0,221.0,303.0,243.0,INTERMEDIATE,24,True,Aston Martin,0 days 01:44:47.992000,Track Clear,10,False,alonso,22.0,83.0,926.3,True,25.0,291,0.4,Lap,2024_21,84.697,5.0,2024_21
84.756,24,1,21.76,44.653,18.343,303.0,216.0,301.0,249.0,INTERMEDIATE,24,True,Haas F1 Team,0 days 01:44:50.009000,Track Clear,11,False,hulkenberg,22.0,83.0,926.3,True,25.0,291,0.4,Lap,2024_21,84.973,7.0,2024_21
84.429,24,1,21.578,44.665,18.186,300.0,224.0,303.0,244.0,INTERMEDIATE,24,True,Haas F1 Team,0 days 01:45:00.908000,Track Clear,12,False,bearman,21.9,85.0,926.5,True,24.9,189,0.7,Lap,2024_21,84.973,7.0,2024_21
83.973,24,1,21.393,44.482,18.098,305.0,215.0,312.0,245.0,INTERMEDIATE,24,True,Mercedes,0 days 01:45:01.741000,Track Clear,13,False,hamilton,21.9,85.0,926.5,True,24.9,189,0.7,Lap,2024_21,84.50800000000001,2.0,2024_21
85.116,24,1,21.938,44.924,18.254,300.0,220.0,309.0,237.0,INTERMEDIATE,24,True,Williams,0 days 01:45:03.183000,Track Clear,14,False,colapinto,21.9,85.0,926.5,True,24.9,189,0.7,Lap,2024_21,85.762,10.0,2024_21
85.684,24,1,21.752,45.618,18.314,307.0,224.0,309.0,249.0,INTERMEDIATE,24,True,Ferrari,0 days 01:45:03.797000,Track Clear,15,False,sainz,21.9,85.0,926.5,True,24.9,189,0.7,Lap,2024_21,85.191,8.0,2024_21
85.871,24,1,21.806,45.721,18.344,301.0,209.0,310.0,241.0,INTERMEDIATE,24,True,Red Bull Racing,0 days 01:45:04.398000,Track Clear,16,False,perez,21.9,85.0,926.5,True,24.9,189,0.7,Lap,2024_21,84.52600000000001,3.0,2024_21
85.203,24,1,21.939,44.706,18.558,296.0,218.0,297.0,251.0,INTERMEDIATE,24,True,Kick Sauber,0 days 01:45:07.915000,Track Clear,17,False,bottas,21.9,85.0,926.5,True,24.9,189,0.7,Lap,2024_21,85.637,9.0,2024_21
86.086,24,1,21.981,45.508,18.597,295.0,216.0,293.0,237.0,INTERMEDIATE,24,True,Kick Sauber,0 days 01:45:22.985000,Track Clear,18,False,zhou,21.9,85.0,926.5,True,24.9,189,0.7,Lap,2024_21,85.637,9.0,2024_21
84.47,25,1,21.53,44.753,18.187,,216.0,308.0,244.0,INTERMEDIATE,28,False,Mercedes,0 days 01:45:49.374000,Track Clear,1,False,russell,21.9,85.0,926.5,True,24.9,189,0.7,Lap,2024_21,84.50800000000001,2.0,2024_21
84.877,25,1,21.523,44.905,18.449,299.0,211.0,304.0,263.0,INTERMEDIATE,28,False,McLaren,0 days 01:45:49.994000,Track Clear,2,False,norris,21.9,85.0,926.5,True,24.9,189,0.7,Lap,2024_21,84.54050000000001,4.0,2024_21
84.91,25,1,21.495,45.126,18.289,296.0,208.0,304.0,253.0,INTERMEDIATE,28,False,Racing Bulls,0 days 01:46:01.313000,Track Clear,3,False,tsunoda,21.9,85.0,926.4,True,24.9,23,0.5,Lap,2024_21,84.80000000000001,6.0,2024_21
85.061,25,1,21.536,45.196,18.329,297.0,210.0,307.0,251.0,INTERMEDIATE,27,False,Alpine,0 days 01:46:01.872000,Track Clear,4,False,ocon,21.9,85.0,926.4,True,24.9,23,0.5,Lap,2024_21,84.458,1.0,2024_21
84.156,25,1,21.308,44.707,18.141,303.0,220.0,308.0,258.0,INTERMEDIATE,25,True,Red Bull Racing,0 days 01:46:03.574000,Track Clear,5,False,max_verstappen,21.9,85.0,926.4,True,24.9,23,0.5,Lap,2024_21,84.52600000000001,3.0,2024_21
84.915,25,1,21.669,45.102,18.144,,221.0,305.0,246.0,INTERMEDIATE,28,False,Racing Bulls,0 days 01:46:08.309000,Track Clear,6,False,lawson,21.9,85.0,926.4,True,24.9,23,0.5,Lap,2024_21,84.80000000000001,6.0,2024_21
84.918,25,1,21.787,44.939,18.192,297.0,222.0,309.0,255.0,INTERMEDIATE,28,False,McLaren,0 days 01:46:08.841000,Track Clear,7,False,piastri,21.9,85.0,926.4,True,24.9,23,0.5,Lap,2024_21,84.54050000000001,4.0,2024_21
84.41,25,1,21.539,44.601,18.27,301.0,213.0,306.0,253.0,INTERMEDIATE,25,True,Alpine,0 days 01:46:10.860000,Track Clear,8,False,gasly,21.9,85.0,926.4,True,24.9,23,0.5,Lap,2024_21,84.458,1.0,2024_21
84.443,25,1,21.683,44.558,18.202,302.0,217.0,306.0,,INTERMEDIATE,25,True,Aston Martin,0 days 01:46:12.262000,Track Clear,9,False,alonso,21.9,85.0,926.4,True,24.9,23,0.5,Lap,2024_21,84.697,5.0,2024_21
85.027,26,1,21.667,45.052,18.308,298.0,213.0,303.0,254.0,INTERMEDIATE,26,True,Haas F1 Team,0 days 01:47:50.074000,Track Clear,10,False,bearman,21.9,85.0,926.5,True,24.7,353,0.4,Lap,2024_21,84.973,7.0,2024_21
84.983,26,1,21.379,45.079,18.525,303.0,204.0,309.0,242.0,INTERMEDIATE,26,True,Mercedes,0 days 01:47:50.879000,Track Clear,11,False,hamilton,21.9,85.0,926.5,True,24.7,353,0.4,Lap,2024_21,84.50800000000001,2.0,2024_21
84.479,26,2,21.397,44.596,18.486,302.0,221.0,306.0,256.0,INTERMEDIATE,5,False,Ferrari,0 days 01:47:52.187000,Track Clear,12,False,leclerc,21.9,85.0,926.5,True,24.7,353,0.4,Lap,2024_21,85.191,8.0,2024_21
86.167,26,1,21.915,45.663,18.589,304.0,219.0,305.0,252.0,INTERMEDIATE,26,True,Ferrari,0 days 01:47:54.877000,Track Clear,13,False,sainz,21.9,85.0,926.5,True,24.7,353,0.4,Lap,2024_21,85.191,8.0,2024_21
86.572,26,1,21.682,45.963,18.927,302.0,198.0,303.0,245.0,INTERMEDIATE,26,True,Red Bull Racing,0 days 01:47:56.526000,Track Clear,14,False,perez,21.9,85.0,926.5,True,24.7,353,0.4,Lap,2024_21,84.52600000000001,3.0,2024_21
87.132,26,1,22.059,45.675,19.398,294.0,206.0,294.0,254.0,INTERMEDIATE,26,True,Kick Sauber,0 days 01:47:58.643000,Track Clear,16,False,bottas,21.8,86.0,926.4,True,24.6,353,0.7,Lap,2024_21,85.637,9.0,2024_21
100.823,29,1,23.382,53.837,23.604,241.0,168.0,243.0,215.0,INTERMEDIATE,31,False,Alpine,0 days 01:52:09.737000,Track Clear,1,False,ocon,21.4,87.0,926.6,True,24.0,26,0.7,Lap,2024_21,84.458,1.0,2024_21
105.014,29,1,25.007,55.169,24.838,229.0,171.0,232.0,209.0,INTERMEDIATE,29,True,Red Bull Racing,0 days 01:52:13.092000,Track Clear,2,False,max_verstappen,21.4,87.0,926.6,True,24.0,26,0.7,Lap,2024_21,84.52600000000001,3.0,2024_21
102.264,29,1,24.431,54.523,23.31,,163.0,242.0,208.0,INTERMEDIATE,29,True,Alpine,0 days 01:52:19.268000,Track Clear,3,False,gasly,21.4,87.0,926.6,True,24.0,26,0.7,Lap,2024_21,84.458,1.0,2024_21
99.37,29,2,24.691,52.837,21.842,250.0,179.0,256.0,224.0,INTERMEDIATE,8,False,Ferrari,0 days 01:52:38.461000,Track Clear,7,False,leclerc,21.4,87.0,926.6,True,24.0,26,0.7,Lap,2024_21,85.191,8.0,2024_21
101.078,29,2,24.878,53.739,22.461,265.0,168.0,247.0,207.0,INTERMEDIATE,6,False,McLaren,0 days 01:52:39.638000,Track Clear,8,False,piastri,21.4,87.0,926.6,True,24.0,26,0.7,Lap,2024_21,84.54050000000001,4.0,2024_21
105.422,29,2,26.594,54.854,23.974,230.0,174.0,251.0,196.0,INTERMEDIATE,5,False,Aston Martin,0 days 01:52:42.679000,Track Clear,9,False,alonso,21.3,88.0,926.6,True,24.0,354,0.7,Lap,2024_21,84.697,5.0,2024_21
105.316,29,2,26.475,55.49,23.351,,161.0,259.0,193.0,INTERMEDIATE,2,True,Mercedes,0 days 01:52:55.767000,Track Clear,10,False,hamilton,21.3,88.0,926.6,True,24.0,354,0.7,Lap,2024_21,84.50800000000001,2.0,2024_21
110.114,29,1,27.716,56.025,26.373,223.0,173.0,216.0,198.0,INTERMEDIATE,29,True,Kick Sauber,0 days 01:52:53.503000,Track Clear,12,False,bottas,21.3,88.0,926.6,True,24.0,354,0.7,Lap,2024_21,85.637,9.0,2024_21
102.131,29,2,25.601,53.794,22.736,248.0,183.0,252.0,216.0,INTERMEDIATE,2,True,Ferrari,0 days 01:53:05.059000,Track Clear,13,False,sainz,21.3,88.0,926.6,True,24.0,354,0.7,Lap,2024_21,85.191,8.0,2024_21
101.662,29,2,25.066,53.682,22.914,222.0,185.0,241.0,206.0,WET,7,False,Red Bull Racing,0 days 01:53:05.920000,Track Clear,14,False,perez,21.3,88.0,926.6,True,24.0,354,0.7,Lap,2024_21,84.52600000000001,3.0,2024_21
103.986,29,2,26.912,54.615,22.459,206.0,159.0,251.0,196.0,INTERMEDIATE,2,True,Haas F1 Team,0 days 01:53:05.085000,Track Clear,15,False,bearman,21.3,88.0,926.6,True,24.0,354,0.7,Lap,2024_21,84.973,7.0,2024_21
95.067,34,3,25.649,49.794,19.624,238.0,193.0,297.0,202.0,INTERMEDIATE,5,False,Mercedes,0 days 02:26:38.794000,Track Clear,4,False,russell,20.6,90.0,926.2,True,25.1,279,0.7,Lap,2024_21,84.50800000000001,2.0,2024_21
96.887,34,3,25.197,51.764,19.926,263.0,190.0,293.0,188.0,INTERMEDIATE,6,False,McLaren,0 days 02:26:38.370000,Track Clear,5,True,norris,20.6,90.0,926.2,True,25.1,279,0.7,Lap,2024_21,84.54050000000001,4.0,2024_21
97.098,34,3,26.17,51.205,19.723,231.0,196.0,292.0,203.0,INTERMEDIATE,5,False,Ferrari,0 days 02:26:39.762000,Track Clear,6,True,leclerc,20.6,90.0,926.2,True,25.1,279,0.7,Lap,2024_21,85.191,8.0,2024_21
98.248,34,3,26.849,51.563,19.836,200.0,185.0,289.0,170.0,INTERMEDIATE,4,False,McLaren,0 days 02:26:39.999000,Track Clear,7,False,piastri,20.6,90.0,926.2,True,25.1,279,0.7,Lap,2024_21,84.54050000000001,4.0,2024_21
99.418,34,3,27.037,52.331,20.05,184.0,174.0,292.0,188.0,INTERMEDIATE,5,False,Racing Bulls,0 days 02:26:39.725000,Track Clear,8,False,tsunoda,20.6,90.0,926.2,True,25.1,279,0.7,Lap,2024_21,84.80000000000001,6.0,2024_21
97.691,34,3,25.815,51.66,20.216,232.0,167.0,295.0,156.0,INTERMEDIATE,2,True,Mercedes,0 days 02:26:42.548000,Track Clear,9,False,hamilton,20.6,90.0,926.2,True,25.1,279,0.7,Lap,2024_21,84.50800000000001,2.0,2024_21
99.529,34,3,26.771,51.968,20.79,232.0,181.0,282.0,157.0,INTERMEDIATE,2,True,Aston Martin,0 days 02:26:40.905000,Track Clear,10,False,alonso,20.6,90.0,926.2,True,25.1,279,0.7,Lap,2024_21,84.697,5.0,2024_21
99.368,34,3,26.798,52.231,20.339,237.0,170.0,301.0,162.0,INTERMEDIATE,5,False,Racing Bulls,0 days 02:26:41.670000,Track Clear,11,False,lawson,20.6,90.0,926.2,True,25.1,279,0.7,Lap,2024_21,84.80000000000001,6.0,2024_21
97.821,34,3,25.748,51.032,21.041,179.0,163.0,282.0,183.0,INTERMEDIATE,2,True,Red Bull Racing,0 days 02:26:44.393000,Track Clear,12,False,perez,20.6,90.0,926.2,True,25.1,279,0.7,Lap,2024_21,84.52600000000001,3.0,2024_21
100.982,34,2,27.894,51.253,21.835,196.0,177.0,229.0,182.0,INTERMEDIATE,2,True,Kick Sauber,0 days 02:26:43.533000,Track Clear,13,False,bottas,20.6,90.0,926.2,True,25.1,301,0.8,Lap,2024_21,85.637,9.0,2024_21
100.313,34,3,27.636,51.31,21.367,194.0,176.0,261.0,175.0,INTERMEDIATE,2,False,Ferrari,0 days 02:26:44.446000,Track Clear,14,False,sainz,20.6,90.0,926.2,True,25.1,301,0.8,Lap,2024_21,85.191,8.0,2024_21
92.73,34,3,24.26,49.105,19.365,260.0,187.0,292.0,194.0,INTERMEDIATE,2,True,Haas F1 Team,0 days 02:26:52.854000,Track Clear,15,False,bearman,20.6,90.0,926.2,True,25.1,301,0.8,Lap,2024_21,84.973,7.0,2024_21
98.583,34,5,25.782,52.342,20.459,224.0,175.0,284.0,182.0,INTERMEDIATE,3,False,Kick Sauber,0 days 02:26:50.042000,Track Clear,16,False,zhou,20.6,90.0,926.2,True,25.1,301,0.8,Lap,2024_21,85.637,9.0,2024_21
86.913,35,2,22.141,45.857,18.915,290.0,210.0,294.0,240.0,INTERMEDIATE,5,False,Alpine,0 days 02:28:06.247000,Track Clear,1,False,ocon,20.6,91.0,926.1,True,25.1,181,0.5,Lap,2024_21,84.458,1.0,2024_21
88.006,35,2,22.827,46.427,18.752,288.0,212.0,296.0,232.0,INTERMEDIATE,3,True,Red Bull Racing,0 days 02:28:07.846000,Track Clear,2,False,max_verstappen,20.6,91.0,926.1,True,25.1,181,0.5,Lap,2024_21,84.52600000000001,3.0,2024_21
88.741,35,2,22.752,47.058,18.931,262.0,199.0,298.0,228.0,INTERMEDIATE,3,True,Alpine,0 days 02:28:11.570000,Track Clear,3,False,gasly,20.6,91.0,926.1,True,25.1,181,0.5,Lap,2024_21,84.458,1.0,2024_21
88.677,35,3,23.186,46.615,18.876,288.0,198.0,302.0,215.0,INTERMEDIATE,6,False,Mercedes,0 days 02:28:13.861000,Track Clear,4,False,russell,20.6,91.0,926.1,True,25.1,181,0.5,Lap,2024_21,84.50800000000001,2.0,2024_21
89.337,35,3,22.96,47.537,18.84,258.0,202.0,299.0,212.0,INTERMEDIATE,7,False,McLaren,0 days 02:28:15.257000,Track Clear,5,False,norris,20.6,91.0,926.1,True,25.1,181,0.5,Lap,2024_21,84.54050000000001,4.0,2024_21
89.146,35,3,23.149,47.069,18.928,266.0,201.0,299.0,240.0,INTERMEDIATE,6,False,Ferrari,0 days 02:28:16.860000,Track Clear,6,False,leclerc,20.6,91.0,926.1,True,25.1,181,0.5,Lap,2024_21,85.191,8.0,2024_21
89.882,35,3,23.743,47.292,18.847,288.0,194.0,301.0,187.0,INTERMEDIATE,5,False,McLaren,0 days 02:28:18.247000,Track Clear,7,False,piastri,20.6,91.0,926.1,True,25.1,181,0.5,Lap,2024_21,84.54050000000001,4.0,2024_21
91.883,35,3,24.167,48.765,18.951,227.0,198.0,300.0,213.0,INTERMEDIATE,6,False,Racing Bulls,0 days 02:28:19.143000,Track Clear,8,False,tsunoda,20.6,91.0,926.1,True,25.1,181,0.5,Lap,2024_21,84.80000000000001,6.0,2024_21
91.457,35,3,23.311,49.029,19.117,229.0,193.0,302.0,201.0,INTERMEDIATE,3,True,Mercedes,0 days 02:28:20.239000,Track Clear,9,False,hamilton,20.6,91.0,926.1,True,25.1,181,0.5,Lap,2024_21,84.50800000000001,2.0,2024_21
92.61,35,3,24.514,48.361,19.735,260.0,201.0,297.0,208.0,INTERMEDIATE,3,True,Aston Martin,0 days 02:28:20.434000,Track Clear,10,False,alonso,20.6,91.0,926.1,True,25.1,181,0.5,Lap,2024_21,84.697,5.0,2024_21
92.634,35,3,24.635,49.01,18.989,233.0,183.0,303.0,191.0,INTERMEDIATE,6,False,Racing Bulls,0 days 02:28:21.038000,Track Clear,11,False,lawson,20.6,91.0,926.1,True,25.1,181,0.5,Lap,2024_21,84.80000000000001,6.0,2024_21
92.534,35,3,24.718,48.732,19.084,208.0,186.0,301.0,194.0,INTERMEDIATE,3,True,Red Bull Racing,0 days 02:28:22.214000,Track Clear,12,False,perez,20.6,91.0,926.1,True,25.1,181,0.5,Lap,2024_21,84.52600000000001,3.0,2024_21
91.779,35,3,24.401,48.122,19.256,246.0,197.0,302.0,197.0,INTERMEDIATE,3,False,Ferrari,0 days 02:28:24.759000,Track Clear,13,False,sainz,20.6,91.0,926.1,True,25.1,181,0.5,Lap,2024_21,85.191,8.0,2024_21
91.578,35,3,24.527,47.576,19.475,240.0,196.0,304.0,200.0,INTERMEDIATE,3,True,Haas F1 Team,0 days 02:28:25.584000,Track Clear,14,False,bearman,20.6,91.0,926.1,True,25.1,181,0.5,Lap,2024_21,84.973,7.0,2024_21
95.37,35,2,26.419,49.365,19.586,202.0,195.0,273.0,184.0,INTERMEDIATE,3,True,Kick Sauber,0 days 02:28:24.515000,Track Clear,15,False,bottas,20.6,91.0,926.1,True,25.1,181,0.5,Lap,2024_21,85.637,9.0,2024_21
95.014,35,5,24.87,50.534,19.61,193.0,188.0,292.0,180.0,INTERMEDIATE,4,False,Kick Sauber,0 days 02:28:28.625000,Track Clear,16,False,zhou,20.6,91.0,926.1,True,25.1,181,0.5,Lap,2024_21,85.637,9.0,2024_21
85.271,37,2,22.004,44.751,18.516,290.0,215.0,298.0,252.0,INTERMEDIATE,7,False,Alpine,0 days 02:30:58.933000,Track Clear,1,False,ocon,20.5,91.0,926.2,True,24.3,274,0.6,Lap,2024_21,84.458,1.0,2024_21
85.286,37,2,22.068,44.748,18.47,295.0,217.0,300.0,246.0,INTERMEDIATE,5,True,Red Bull Racing,0 days 02:31:02.361000,Track Clear,2,False,max_verstappen,20.5,91.0,926.2,True,24.3,274,0.6,Lap,2024_21,84.52600000000001,3.0,2024_21
85.284,37,2,21.984,44.987,18.313,290.0,214.0,302.0,241.0,INTERMEDIATE,5,True,Alpine,0 days 02:31:06.969000,Track Clear,3,False,gasly,20.5,91.0,926.2,True,24.3,274,0.6,Lap,2024_21,84.458,1.0,2024_21
85.886,37,3,21.944,45.698,18.244,291.0,215.0,305.0,224.0,INTERMEDIATE,8,False,Mercedes,0 days 02:31:09.423000,Track Clear,4,False,russell,20.5,91.0,926.2,True,24.3,274,0.6,Lap,2024_21,84.50800000000001,2.0,2024_21
85.337,37,3,22.127,45.028,18.182,280.0,217.0,304.0,234.0,INTERMEDIATE,9,False,McLaren,0 days 02:31:11.829000,Track Clear,5,False,norris,20.5,91.0,926.2,True,24.3,274,0.6,Lap,2024_21,84.54050000000001,4.0,2024_21
86.055,37,3,22.459,45.244,18.352,297.0,217.0,303.0,242.0,INTERMEDIATE,8,False,Ferrari,0 days 02:31:13.473000,Track Clear,6,False,leclerc,20.5,91.0,926.2,True,24.3,274,0.6,Lap,2024_21,85.191,8.0,2024_21
86.052,37,3,22.248,45.607,18.197,297.0,215.0,304.0,227.0,INTERMEDIATE,7,False,McLaren,0 days 02:31:16.007000,Track Clear,7,False,piastri,20.5,91.0,926.2,True,24.3,274,0.6,Lap,2024_21,84.54050000000001,4.0,2024_21
86.916,37,3,22.236,46.246,18.434,289.0,211.0,302.0,229.0,INTERMEDIATE,8,False,Racing Bulls,0 days 02:31:20.088000,Track Clear,8,False,tsunoda,20.5,91.0,926.2,True,24.3,274,0.6,Lap,2024_21,84.80000000000001,6.0,2024_21
87.526,37,3,22.46,46.24,18.826,290.0,208.0,304.0,219.0,INTERMEDIATE,5,True,Mercedes,0 days 02:31:20.459000,Track Clear,9,False,hamilton,20.5,91.0,926.2,True,24.3,274,0.6,Lap,2024_21,84.50800000000001,2.0,2024_21
88.143,37,3,22.843,46.398,18.902,252.0,213.0,302.0,224.0,INTERMEDIATE,5,True,Aston Martin,0 days 02:31:21.962000,Track Clear,10,False,alonso,20.5,91.0,926.2,True,24.3,274,0.6,Lap,2024_21,84.697,5.0,2024_21
88.046,37,3,22.736,46.74,18.57,262.0,202.0,307.0,234.0,INTERMEDIATE,8,False,Racing Bulls,0 days 02:31:22.973000,Track Clear,11,False,lawson,20.5,91.0,926.2,True,24.3,274,0.6,Lap,2024_21,84.80000000000001,6.0,2024_21
87.886,37,3,22.791,46.556,18.539,217.0,204.0,308.0,215.0,INTERMEDIATE,5,True,Red Bull Racing,0 days 02:31:23.841000,Track Clear,12,False,perez,20.5,91.0,926.2,True,24.3,274,0.6,Lap,2024_21,84.52600000000001,3.0,2024_21
87.101,37,3,22.354,46.287,18.46,286.0,218.0,308.0,228.0,INTERMEDIATE,5,False,Ferrari,0 days 02:31:25.424000,Track Clear,13,False,sainz,20.5,91.0,926.2,True,24.3,274,0.6,Lap,2024_21,85.191,8.0,2024_21
87.983,38,5,22.839,46.447,18.697,284.0,211.0,293.0,219.0,INTERMEDIATE,7,False,Kick Sauber,0 days 02:33:06.467000,Track Clear,15,False,zhou,20.5,92.0,926.1,True,24.2,97,0.6,Lap,2024_21,85.637,9.0,2024_21
87.141,38,3,22.548,45.57,19.023,297.0,214.0,301.0,226.0,INTERMEDIATE,6,True,Haas F1 Team,0 days 02:33:16.836000,Track Clear,16,False,bearman,20.5,92.0,926.1,True,24.2,97,0.6,Lap,2024_21,84.973,7.0,2024_21
85.846,44,3,22.258,45.144,18.444,297.0,206.0,299.0,246.0,INTERMEDIATE,12,True,Aston Martin,0 days 02:43:50.270000,Track Clear,15,False,alonso,20.5,90.0,925.8,True,24.8,212,0.7,Lap,2024_21,84.697,5.0,2024_21
82.876,45,2,21.17,43.651,18.055,300.0,220.0,300.0,252.0,INTERMEDIATE,13,True,Red Bull Racing,0 days 02:44:44.402000,Track Clear,1,False,max_verstappen,20.5,90.0,925.8,True,24.8,12,0.8,Lap,2024_21,84.52600000000001,3.0,2024_21
83.771,45,2,21.421,43.974,18.376,,219.0,302.0,253.0,INTERMEDIATE,15,False,Alpine,0 days 02:44:46.313000,Track Clear,2,False,ocon,20.5,90.0,925.8,True,24.8,12,0.8,Lap,2024_21,84.458,1.0,2024_21
84.087,45,2,21.363,44.636,18.088,,218.0,305.0,250.0,INTERMEDIATE,13,True,Alpine,0 days 02:44:47.787000,Track Clear,3,False,gasly,20.5,90.0,925.8,True,24.8,12,0.8,Lap,2024_21,84.458,1.0,2024_21
84.39,45,3,21.811,44.448,18.131,299.0,226.0,301.0,246.0,INTERMEDIATE,16,False,Ferrari,0 days 02:44:49.761000,Track Clear,4,False,leclerc,20.5,90.0,925.8,True,24.8,12,0.8,Lap,2024_21,85.191,8.0,2024_21
84.451,45,3,21.614,44.877,17.96,301.0,216.0,311.0,227.0,INTERMEDIATE,16,False,Mercedes,0 days 02:44:50.405000,Track Clear,5,False,russell,20.5,90.0,925.8,True,24.8,12,0.8,Lap,2024_21,84.50800000000001,2.0,2024_21
84.29,45,3,21.869,44.338,18.083,297.0,220.0,307.0,236.0,INTERMEDIATE,15,False,McLaren,0 days 02:44:51.442000,Track Clear,6,False,piastri,20.5,90.0,925.8,True,24.8,12,0.8,Lap,2024_21,84.54050000000001,4.0,2024_21
84.446,45,3,21.626,44.758,18.062,,212.0,305.0,245.0,INTERMEDIATE,17,False,McLaren,0 days 02:44:52.247000,Track Clear,7,False,norris,20.5,90.0,925.8,True,24.8,12,0.8,Lap,2024_21,84.54050000000001,4.0,2024_21
84.985,45,3,21.683,45.186,18.116,297.0,218.0,302.0,243.0,INTERMEDIATE,16,False,Racing Bulls,0 days 02:44:54.214000,Track Clear,8,False,tsunoda,20.5,90.0,925.8,True,24.8,12,0.8,Lap,2024_21,84.80000000000001,6.0,2024_21
85.12,45,3,21.905,45.042,18.173,303.0,218.0,306.0,238.0,INTERMEDIATE,16,False,Racing Bulls,0 days 02:44:54.988000,Track Clear,9,False,lawson,20.5,90.0,925.8,True,24.8,12,0.8,Lap,2024_21,84.80000000000001,6.0,2024_21
85.156,45,3,21.908,45.013,18.235,266.0,216.0,306.0,249.0,INTERMEDIATE,13,True,Red Bull Racing,0 days 02:44:55.539000,Track Clear,10,False,perez,20.5,90.0,925.8,True,24.8,12,0.8,Lap,2024_21,84.52600000000001,3.0,2024_21
84.825,45,3,21.434,45.207,18.184,291.0,219.0,307.0,249.0,INTERMEDIATE,13,True,Mercedes,0 days 02:44:56.792000,Track Clear,11,False,hamilton,20.5,90.0,925.8,True,24.8,12,0.8,Lap,2024_21,84.50800000000001,2.0,2024_21
85.307,45,3,22.114,44.972,18.221,,220.0,303.0,235.0,INTERMEDIATE,13,True,Haas F1 Team,0 days 02:44:58.350000,Track Clear,12,False,bearman,20.5,91.0,925.8,True,24.8,224,0.7,Lap,2024_21,84.973,7.0,2024_21
86.05,45,2,22.233,45.286,18.531,294.0,210.0,296.0,236.0,INTERMEDIATE,13,True,Kick Sauber,0 days 02:44:59.317000,Track Clear,13,False,bottas,20.5,91.0,925.8,True,24.8,224,0.7,Lap,2024_21,85.637,9.0,2024_21
86.202,45,5,22.044,45.708,18.45,287.0,216.0,296.0,239.0,INTERMEDIATE,14,False,Kick Sauber,0 days 02:45:01.312000,Track Clear,14,False,zhou,20.5,91.0,925.8,True,24.8,224,0.7,Lap,2024_21,85.637,9.0,2024_21
83.861,45,3,21.426,44.017,18.418,299.0,221.0,298.0,,INTERMEDIATE,13,True,Aston Martin,0 days 02:45:16.116000,Track Clear,15,False,alonso,20.5,91.0,925.8,True,24.8,224,0.7,Lap,2024_21,84.697,5.0,2024_21
83.106,46,2,21.262,43.735,18.109,299.0,219.0,301.0,254.0,INTERMEDIATE,14,True,Red Bull Racing,0 days 02:46:07.278000,Track Clear,1,False,max_verstappen,20.5,90.0,925.7,True,25.1,209,0.7,Lap,2024_21,84.52600000000001,3.0,2024_21
83.395,46,2,21.35,43.789,18.256,,220.0,303.0,250.0,INTERMEDIATE,16,False,Alpine,0 days 02:46:10.084000,Track Clear,2,False,ocon,20.5,90.0,925.7,True,25.1,209,0.7,Lap,2024_21,84.458,1.0,2024_21
83.511,46,2,21.23,44.127,18.154,301.0,221.0,305.0,258.0,INTERMEDIATE,14,True,Alpine,0 days 02:46:11.874000,Track Clear,3,False,gasly,20.5,90.0,925.7,True,25.1,209,0.7,Lap,2024_21,84.458,1.0,2024_21
84.385,46,3,21.537,44.949,17.899,303.0,226.0,308.0,232.0,INTERMEDIATE,17,False,Mercedes,0 days 02:46:14.856000,Track Clear,4,False,russell,20.5,90.0,925.7,True,25.1,209,0.7,Lap,2024_21,84.50800000000001,2.0,2024_21
87.032,46,3,21.411,47.51,18.111,300.0,222.0,305.0,263.0,INTERMEDIATE,17,False,Ferrari,0 days 02:46:14.151000,Track Clear,5,True,leclerc,20.5,90.0,925.7,True,25.1,209,0.7,Lap,2024_21,85.191,8.0,2024_21
84.879,46,3,21.606,45.284,17.989,298.0,218.0,308.0,247.0,INTERMEDIATE,18,False,McLaren,0 days 02:46:16.693000,Track Clear,6,False,norris,20.5,90.0,925.7,True,25.1,209,0.7,Lap,2024_21,84.54050000000001,4.0,2024_21
86.611,46,3,22.846,45.664,18.101,225.0,219.0,310.0,239.0,INTERMEDIATE,16,False,McLaren,0 days 02:46:15.732000,Track Clear,7,False,piastri,20.5,90.0,925.7,True,25.1,209,0.7,Lap,2024_21,84.54050000000001,4.0,2024_21
84.787,46,3,21.507,45.171,18.109,299.0,220.0,307.0,254.0,INTERMEDIATE,17,False,Racing Bulls,0 days 02:46:19.199000,Track Clear,8,False,tsunoda,20.5,90.0,925.7,True,25.1,209,0.7,Lap,2024_21,84.80000000000001,6.0,2024_21
84.814,46,3,21.686,44.959,18.169,305.0,222.0,309.0,244.0,INTERMEDIATE,17,False,Racing Bulls,0 days 02:46:20.108000,Track Clear,9,False,lawson,20.5,90.0,925.7,True,25.1,209,0.7,Lap,2024_21,84.80000000000001,6.0,2024_21
84.858,46,3,21.479,45.023,18.356,280.0,217.0,307.0,250.0,INTERMEDIATE,14,True,Red Bull Racing,0 days 02:46:20.695000,Track Clear,10,False,perez,20.5,90.0,925.7,True,25.1,209,0.7,Lap,2024_21,84.52600000000001,3.0,2024_21
84.622,46,3,21.49,45.016,18.116,296.0,218.0,310.0,248.0,INTERMEDIATE,14,True,Mercedes,0 days 02:46:21.617000,Track Clear,11,False,hamilton,20.5,90.0,925.7,True,25.1,209,0.7,Lap,2024_21,84.50800000000001,2.0,2024_21
84.578,46,3,21.488,44.844,18.246,303.0,218.0,305.0,247.0,INTERMEDIATE,14,True,Haas F1 Team,0 days 02:46:23.657000,Track Clear,12,False,bearman,20.5,90.0,925.7,True,25.1,209,0.7,Lap,2024_21,84.973,7.0,2024_21
84.963,46,2,21.898,44.638,18.427,298.0,221.0,298.0,263.0,INTERMEDIATE,14,True,Kick Sauber,0 days 02:46:25.367000,Track Clear,13,False,bottas,20.5,90.0,925.7,True,25.1,209,0.7,Lap,2024_21,85.637,9.0,2024_21
85.396,46,5,21.782,45.311,18.303,297.0,225.0,298.0,249.0,INTERMEDIATE,15,False,Kick Sauber,0 days 02:46:27.514000,Track Clear,14,False,zhou,20.5,90.0,925.7,True,25.1,209,0.7,Lap,2024_21,85.637,9.0,2024_21
85.094,46,3,22.68,44.076,18.338,,226.0,300.0,254.0,INTERMEDIATE,14,True,Aston Martin,0 days 02:46:39.977000,Track Clear,15,False,alonso,20.5,90.0,925.7,True,25.1,209,0.7,Lap,2024_21,84.697,5.0,2024_21
82.453,47,2,21.046,43.387,18.02,301.0,225.0,302.0,259.0,INTERMEDIATE,15,True,Red Bull Racing,0 days 02:47:30.384000,Track Clear,1,False,max_verstappen,20.5,90.0,925.8,True,25.3,156,1.0,Lap,2024_21,84.52600000000001,3.0,2024_21
82.946,47,2,21.08,43.678,18.188,,221.0,303.0,259.0,INTERMEDIATE,17,False,Alpine,0 days 02:47:33.479000,Track Clear,2,False,ocon,20.5,90.0,925.8,True,25.3,156,1.0,Lap,2024_21,84.458,1.0,2024_21
83.498,47,2,21.135,44.285,18.078,,223.0,306.0,253.0,INTERMEDIATE,15,True,Alpine,0 days 02:47:35.385000,Track Clear,3,False,gasly,20.5,90.0,925.8,True,25.3,156,1.0,Lap,2024_21,84.458,1.0,2024_21
82.843,47,3,21.171,43.761,17.911,304.0,226.0,306.0,245.0,INTERMEDIATE,18,False,Mercedes,0 days 02:47:39.241000,Track Clear,4,False,russell,20.5,90.0,925.8,True,25.3,156,1.0,Lap,2024_21,84.50800000000001,2.0,2024_21
84.145,47,3,21.756,44.381,18.008,,231.0,305.0,247.0,INTERMEDIATE,18,False,Ferrari,0 days 02:47:41.183000,Track Clear,5,False,leclerc,20.5,90.0,925.8,True,25.3,156,1.0,Lap,2024_21,85.191,8.0,2024_21
84.475,47,3,21.711,44.772,17.992,293.0,218.0,308.0,242.0,INTERMEDIATE,19,False,McLaren,0 days 02:47:41.572000,Track Clear,6,False,norris,20.5,90.0,925.8,True,25.3,156,1.0,Lap,2024_21,84.54050000000001,4.0,2024_21
84.618,47,3,21.585,44.897,18.136,298.0,217.0,310.0,242.0,INTERMEDIATE,17,False,McLaren,0 days 02:47:42.343000,Track Clear,7,False,piastri,20.5,90.0,925.8,True,25.3,156,1.0,Lap,2024_21,84.54050000000001,4.0,2024_21
84.402,47,3,21.452,44.837,18.113,295.0,217.0,307.0,253.0,INTERMEDIATE,18,False,Racing Bulls,0 days 02:47:43.986000,Track Clear,8,False,tsunoda,20.5,90.0,925.8,True,25.3,156,1.0,Lap,2024_21,84.80000000000001,6.0,2024_21
84.404,47,3,21.617,44.629,18.158,,220.0,307.0,247.0,INTERMEDIATE,18,False,Racing Bulls,0 days 02:47:44.922000,Track Clear,9,False,lawson,20.5,90.0,925.8,True,25.3,156,1.0,Lap,2024_21,84.80000000000001,6.0,2024_21
84.656,47,3,21.596,44.844,18.216,302.0,216.0,308.0,257.0,INTERMEDIATE,15,True,Red Bull Racing,0 days 02:47:45.553000,Track Clear,10,False,perez,20.5,90.0,925.8,True,25.3,156,1.0,Lap,2024_21,84.52600000000001,3.0,2024_21
84.794,47,3,21.464,44.928,18.402,299.0,214.0,307.0,246.0,INTERMEDIATE,15,True,Mercedes,0 days 02:47:46.239000,Track Clear,11,False,hamilton,20.5,90.0,925.8,True,25.3,156,1.0,Lap,2024_21,84.50800000000001,2.0,2024_21
84.616,47,3,21.719,44.786,18.111,300.0,223.0,305.0,254.0,INTERMEDIATE,15,True,Haas F1 Team,0 days 02:47:48.235000,Track Clear,12,False,bearman,20.5,90.0,925.8,True,25.3,156,1.0,Lap,2024_21,84.973,7.0,2024_21
84.722,47,2,21.754,44.519,18.449,296.0,216.0,297.0,252.0,INTERMEDIATE,15,True,Kick Sauber,0 days 02:47:50.330000,Track Clear,13,False,bottas,20.5,90.0,925.8,True,25.3,156,1.0,Lap,2024_21,85.637,9.0,2024_21
85.031,47,5,21.693,44.975,18.363,,225.0,297.0,252.0,INTERMEDIATE,16,False,Kick Sauber,0 days 02:47:52.910000,Track Clear,14,False,zhou,20.5,90.0,925.8,True,25.3,156,1.0,Lap,2024_21,85.637,9.0,2024_21
83.697,47,3,21.464,43.958,18.275,300.0,221.0,300.0,244.0,INTERMEDIATE,15,True,Aston Martin,0 days 02:48:05.071000,Track Clear,15,False,alonso,20.6,90.0,925.8,True,25.3,228,0.7,Lap,2024_21,84.697,5.0,2024_21
82.29,48,2,21.139,43.289,17.862,,228.0,301.0,261.0,INTERMEDIATE,16,True,Red Bull Racing,0 days 02:48:52.837000,Track Clear,1,False,max_verstappen,20.6,90.0,925.8,True,25.3,228,0.7,Lap,2024_21,84.52600000000001,3.0,2024_21
82.93,48,2,21.196,43.444,18.29,297.0,225.0,302.0,,INTERMEDIATE,18,False,Alpine,0 days 02:48:56.425000,Track Clear,2,False,ocon,20.6,90.0,925.8,True,25.3,228,0.7,Lap,2024_21,84.458,1.0,2024_21
83.53,48,2,21.188,44.298,18.044,,223.0,305.0,262.0,INTERMEDIATE,16,True,Alpine,0 days 02:48:58.883000,Track Clear,3,False,gasly,20.6,90.0,925.8,True,25.3,228,0.7,Lap,2024_21,84.458,1.0,2024_21
82.744,48,3,21.194,43.687,17.863,301.0,232.0,308.0,243.0,INTERMEDIATE,19,False,Mercedes,0 days 02:49:02.084000,Track Clear,4,False,russell,20.6,90.0,925.7,True,25.6,215,1.1,Lap,2024_21,84.50800000000001,2.0,2024_21
83.536,48,3,21.474,44.045,18.017,,232.0,303.0,261.0,INTERMEDIATE,19,False,Ferrari,0 days 02:49:05.328000,Track Clear,5,False,leclerc,20.6,90.0,925.7,True,25.6,215,1.1,Lap,2024_21,85.191,8.0,2024_21
83.99,48,3,21.38,44.792,17.818,292.0,222.0,307.0,251.0,INTERMEDIATE,20,False,McLaren,0 days 02:49:06.047000,Track Clear,6,False,norris,20.6,90.0,925.7,True,25.6,215,1.1,Lap,2024_21,84.54050000000001,4.0,2024_21
84.174,48,3,21.586,44.498,18.09,302.0,213.0,309.0,244.0,INTERMEDIATE,18,False,McLaren,0 days 02:49:06.961000,Track Clear,7,False,piastri,20.6,90.0,925.7,True,25.6,215,1.1,Lap,2024_21,84.54050000000001,4.0,2024_21
84.293,48,3,21.488,44.735,18.07,297.0,222.0,307.0,252.0,INTERMEDIATE,19,False,Racing Bulls,0 days 02:49:08.388000,Track Clear,8,False,tsunoda,20.6,90.0,925.7,True,25.6,215,1.1,Lap,2024_21,84.80000000000001,6.0,2024_21
84.324,48,3,21.693,44.631,18.0,304.0,225.0,309.0,240.0,INTERMEDIATE,19,False,Racing Bulls,0 days 02:49:09.326000,Track Clear,9,False,lawson,20.6,90.0,925.7,True,25.6,215,1.1,Lap,2024_21,84.80000000000001,6.0,2024_21
83.911,48,3,21.323,44.559,18.029,305.0,217.0,312.0,252.0,INTERMEDIATE,16,True,Red Bull Racing,0 days 02:49:10.209000,Track Clear,10,False,perez,20.6,90.0,925.7,True,25.6,215,1.1,Lap,2024_21,84.52600000000001,3.0,2024_21
84.246,48,3,21.311,44.789,18.146,,218.0,307.0,250.0,INTERMEDIATE,16,True,Mercedes,0 days 02:49:11.033000,Track Clear,11,False,hamilton,20.6,90.0,925.7,True,25.6,215,1.1,Lap,2024_21,84.50800000000001,2.0,2024_21
83.945,48,3,21.432,44.402,18.111,302.0,225.0,305.0,263.0,INTERMEDIATE,16,True,Haas F1 Team,0 days 02:49:12.851000,Track Clear,12,False,bearman,20.6,90.0,925.7,True,25.6,215,1.1,Lap,2024_21,84.973,7.0,2024_21
84.284,48,2,21.547,44.414,18.323,,223.0,296.0,264.0,INTERMEDIATE,16,True,Kick Sauber,0 days 02:49:15.052000,Track Clear,13,False,bottas,20.6,90.0,925.7,True,25.6,215,1.1,Lap,2024_21,85.637,9.0,2024_21
84.728,48,5,21.648,44.761,18.319,298.0,229.0,298.0,251.0,INTERMEDIATE,17,False,Kick Sauber,0 days 02:49:17.941000,Track Clear,14,False,zhou,20.6,90.0,925.7,True,25.6,215,1.1,Lap,2024_21,85.637,9.0,2024_21
83.379,48,3,21.446,43.754,18.179,,226.0,300.0,249.0,INTERMEDIATE,16,True,Aston Martin,0 days 02:49:28.768000,Track Clear,15,False,alonso,20.6,90.0,925.7,True,25.6,215,1.1,Lap,2024_21,84.697,5.0,2024_21
82.241,49,2,20.998,43.309,17.934,302.0,225.0,301.0,271.0,INTERMEDIATE,17,True,Red Bull Racing,0 days 02:50:15.127000,Track Clear,1,False,max_verstappen,20.6,90.0,925.7,True,25.3,281,0.4,Lap,2024_21,84.52600000000001,3.0,2024_21
82.998,49,2,21.25,43.502,18.246,298.0,220.0,302.0,,INTERMEDIATE,19,False,Alpine,0 days 02:50:19.355000,Track Clear,2,False,ocon,20.6,90.0,925.7,True,25.3,281,0.4,Lap,2024_21,84.458,1.0,2024_21
83.183,49,2,21.264,43.858,18.061,303.0,225.0,305.0,,INTERMEDIATE,17,True,Alpine,0 days 02:50:22.413000,Track Clear,3,False,gasly,20.6,90.0,925.7,True,25.3,281,0.4,Lap,2024_21,84.458,1.0,2024_21
82.552,49,3,21.03,43.622,17.9,306.0,227.0,308.0,254.0,INTERMEDIATE,20,False,Mercedes,0 days 02:50:24.828000,Track Clear,4,False,russell,20.6,90.0,925.7,True,25.3,281,0.4,Lap,2024_21,84.50800000000001,2.0,2024_21
83.324,49,3,21.312,44.051,17.961,302.0,231.0,304.0,263.0,INTERMEDIATE,20,False,Ferrari,0 days 02:50:28.864000,Track Clear,5,False,leclerc,20.6,90.0,925.7,True,25.3,281,0.4,Lap,2024_21,85.191,8.0,2024_21
83.272,49,3,21.228,43.897,18.147,304.0,219.0,307.0,253.0,INTERMEDIATE,21,False,McLaren,0 days 02:50:30.037000,Track Clear,6,False,norris,20.6,90.0,925.7,True,25.3,281,0.4,Lap,2024_21,84.54050000000001,4.0,2024_21
83.036,49,3,21.411,43.856,17.769,303.0,228.0,310.0,254.0,INTERMEDIATE,19,False,McLaren,0 days 02:50:31.135000,Track Clear,7,False,piastri,20.6,90.0,925.7,True,25.3,281,0.4,Lap,2024_21,84.54050000000001,4.0,2024_21
83.943,49,3,21.476,44.397,18.07,,222.0,305.0,255.0,INTERMEDIATE,20,False,Racing Bulls,0 days 02:50:32.681000,Track Clear,8,False,tsunoda,20.6,90.0,925.7,True,25.3,281,0.4,Lap,2024_21,84.80000000000001,6.0,2024_21
84.049,49,3,21.629,44.492,17.928,305.0,223.0,309.0,243.0,INTERMEDIATE,20,False,Racing Bulls,0 days 02:50:33.650000,Track Clear,9,False,lawson,20.6,90.0,925.7,True,25.3,281,0.4,Lap,2024_21,84.80000000000001,6.0,2024_21
84.142,49,3,21.514,44.656,17.972,309.0,221.0,310.0,247.0,INTERMEDIATE,17,True,Red Bull Racing,0 days 02:50:34.120000,Track Clear,10,False,perez,20.6,90.0,925.7,True,25.3,281,0.4,Lap,2024_21,84.52600000000001,3.0,2024_21
84.02,49,3,21.378,44.598,18.044,300.0,216.0,308.0,251.0,INTERMEDIATE,17,True,Mercedes,0 days 02:50:35.279000,Track Clear,11,False,hamilton,20.6,90.0,925.7,True,25.3,281,0.4,Lap,2024_21,84.50800000000001,2.0,2024_21
84.035,49,3,21.438,44.443,18.154,304.0,222.0,304.0,,INTERMEDIATE,17,True,Haas F1 Team,0 days 02:50:36.796000,Track Clear,12,False,bearman,20.6,90.0,925.7,True,25.3,281,0.4,Lap,2024_21,84.973,7.0,2024_21
84.112,49,2,21.588,44.227,18.297,297.0,222.0,296.0,254.0,INTERMEDIATE,17,True,Kick Sauber,0 days 02:50:39.336000,Track Clear,13,False,bottas,20.6,90.0,925.7,True,25.3,281,0.4,Lap,2024_21,85.637,9.0,2024_21
84.415,49,5,21.516,44.588,18.311,297.0,228.0,297.0,,INTERMEDIATE,18,False,Kick Sauber,0 days 02:50:42.669000,Track Clear,14,False,zhou,20.6,90.0,925.7,True,25.3,281,0.4,Lap,2024_21,85.637,9.0,2024_21
83.573,49,3,21.366,44.059,18.148,301.0,222.0,300.0,239.0,INTERMEDIATE,17,True,Aston Martin,0 days 02:50:52.147000,Track Clear,15,False,alonso,20.6,90.0,925.7,True,25.3,281,0.4,Lap,2024_21,84.697,5.0,2024_21
82.043,50,2,20.941,43.106,17.996,,228.0,301.0,267.0,INTERMEDIATE,18,True,Red Bull Racing,0 days 02:51:37.368000,Track Clear,1,False,max_verstappen,20.6,90.0,925.7,True,25.3,340,0.6,Lap,2024_21,84.52600000000001,3.0,2024_21
82.688,50,2,21.203,43.357,18.128,297.0,225.0,302.0,257.0,INTERMEDIATE,20,False,Alpine,0 days 02:51:42.353000,Track Clear,2,False,ocon,20.6,90.0,925.7,True,25.3,340,0.6,Lap,2024_21,84.458,1.0,2024_21
83.033,50,2,21.009,43.928,18.096,304.0,227.0,304.0,,INTERMEDIATE,18,True,Alpine,0 days 02:51:45.596000,Track Clear,3,False,gasly,20.6,90.0,925.7,True,25.3,340,0.6,Lap,2024_21,84.458,1.0,2024_21
82.698,50,3,21.084,43.623,17.991,,227.0,308.0,,INTERMEDIATE,21,False,Mercedes,0 days 02:51:47.380000,Track Clear,4,False,russell,20.6,90.0,925.7,True,25.3,340,0.6,Lap,2024_21,84.50800000000001,2.0,2024_21
83.72,50,3,21.373,44.306,18.041,,233.0,304.0,261.0,INTERMEDIATE,21,False,Ferrari,0 days 02:51:52.188000,Track Clear,5,False,leclerc,20.6,90.0,925.7,True,25.3,340,0.6,Lap,2024_21,85.191,8.0,2024_21
83.373,50,3,21.435,43.99,17.948,300.0,221.0,309.0,254.0,INTERMEDIATE,22,False,McLaren,0 days 02:51:53.309000,Track Clear,6,False,norris,20.6,90.0,925.7,True,25.3,340,0.6,Lap,2024_21,84.54050000000001,4.0,2024_21
83.473,50,3,21.291,44.173,18.009,304.0,220.0,308.0,252.0,INTERMEDIATE,20,False,McLaren,0 days 02:51:54.171000,Track Clear,7,False,piastri,20.6,90.0,925.7,True,25.3,340,0.6,Lap,2024_21,84.54050000000001,4.0,2024_21
83.596,50,3,21.234,44.226,18.136,299.0,224.0,304.0,258.0,INTERMEDIATE,21,False,Racing Bulls,0 days 02:51:56.624000,Track Clear,8,False,tsunoda,20.6,90.0,925.7,True,25.3,340,0.6,Lap,2024_21,84.80000000000001,6.0,2024_21
83.687,50,3,21.566,44.093,18.028,,227.0,305.0,238.0,INTERMEDIATE,21,False,Racing Bulls,0 days 02:51:57.699000,Track Clear,9,False,lawson,20.6,90.0,925.7,True,25.3,340,0.6,Lap,2024_21,84.80000000000001,6.0,2024_21
83.686,50,3,21.53,44.134,18.022,296.0,222.0,306.0,,INTERMEDIATE,18,True,Red Bull Racing,0 days 02:51:58.262000,Track Clear,10,False,perez,20.6,90.0,925.7,True,25.3,340,0.6,Lap,2024_21,84.52600000000001,3.0,2024_21
83.698,50,3,21.397,44.186,18.115,304.0,220.0,306.0,237.0,INTERMEDIATE,18,True,Mercedes,0 days 02:51:59.299000,Track Clear,11,False,hamilton,20.6,90.0,925.7,True,25.3,340,0.6,Lap,2024_21,84.50800000000001,2.0,2024_21
84.172,50,3,21.552,44.288,18.332,302.0,225.0,303.0,268.0,INTERMEDIATE,18,True,Haas F1 Team,0 days 02:52:00.831000,Track Clear,12,False,bearman,20.6,90.0,925.8,True,25.1,180,0.9,Lap,2024_21,84.973,7.0,2024_21
83.925,50,2,21.592,43.944,18.389,,220.0,295.0,268.0,INTERMEDIATE,18,True,Kick Sauber,0 days 02:52:03.448000,Track Clear,13,False,bottas,20.6,90.0,925.8,True,25.1,180,0.9,Lap,2024_21,85.637,9.0,2024_21
84.37,50,5,21.555,44.444,18.371,298.0,227.0,295.0,249.0,INTERMEDIATE,19,False,Kick Sauber,0 days 02:52:07.084000,Track Clear,14,False,zhou,20.6,90.0,925.8,True,25.1,180,0.9,Lap,2024_21,85.637,9.0,2024_21
83.712,50,3,21.349,43.926,18.437,,223.0,300.0,255.0,INTERMEDIATE,18,True,Aston Martin,0 days 02:52:15.720000,Track Clear,15,False,alonso,20.6,90.0,925.8,True,25.1,180,0.9,Lap,2024_21,84.697,5.0,2024_21
82.306,51,2,20.991,43.343,17.972,299.0,230.0,300.0,266.0,INTERMEDIATE,19,True,Red Bull Racing,0 days 02:52:59.411000,Track Clear,1,False,max_verstappen,20.6,90.0,925.8,True,25.1,180,0.9,Lap,2024_21,84.52600000000001,3.0,2024_21
82.953,52,3,21.012,43.841,18.1,303.0,220.0,308.0,257.0,INTERMEDIATE,23,False,Mercedes,0 days 02:54:32.739000,Track Clear,4,False,russell,20.8,90.0,925.7,False,24.9,198,0.9,Lap,2024_21,84.50800000000001,2.0,2024_21
83.142,52,3,21.4,43.596,18.146,303.0,237.0,303.0,257.0,INTERMEDIATE,23,False,Ferrari,0 days 02:54:39.408000,Track Clear,5,False,leclerc,20.8,90.0,925.7,False,24.9,198,0.9,Lap,2024_21,85.191,8.0,2024_21
83.349,52,3,21.331,44.038,17.98,304.0,220.0,307.0,253.0,INTERMEDIATE,24,False,McLaren,0 days 02:54:40.125000,Track Clear,6,False,norris,20.8,90.0,925.7,False,24.9,198,0.9,Lap,2024_21,84.54050000000001,4.0,2024_21
82.933,52,3,21.259,43.548,18.126,306.0,226.0,306.0,257.0,INTERMEDIATE,22,False,McLaren,0 days 02:54:43.911000,Track Clear,7,False,piastri,20.8,90.0,925.7,False,24.9,198,0.9,Lap,2024_21,84.54050000000001,4.0,2024_21
84.536,52,3,21.957,44.409,18.17,295.0,216.0,306.0,262.0,INTERMEDIATE,23,False,Racing Bulls,0 days 02:54:43.937000,Track Clear,8,False,tsunoda,20.8,90.0,925.7,False,24.9,198,0.9,Lap,2024_21,84.80000000000001,6.0,2024_21
84.199,52,3,21.643,44.368,18.188,307.0,223.0,307.0,247.0,INTERMEDIATE,23,False,Racing Bulls,0 days 02:54:45.476000,Track Clear,9,False,lawson,20.8,90.0,925.7,False,24.9,198,0.9,Lap,2024_21,84.80000000000001,6.0,2024_21
84.086,52,3,21.634,44.356,18.096,308.0,217.0,310.0,232.0,INTERMEDIATE,20,True,Red Bull Racing,0 days 02:54:46.033000,Track Clear,10,False,perez,20.8,90.0,925.7,False,24.9,198,0.9,Lap,2024_21,84.52600000000001,3.0,2024_21
84.276,52,3,21.32,44.691,18.265,306.0,218.0,307.0,241.0,INTERMEDIATE,20,True,Mercedes,0 days 02:54:46.960000,Track Clear,11,False,hamilton,20.8,90.0,925.7,False,24.9,198,0.9,Lap,2024_21,84.50800000000001,2.0,2024_21
83.909,52,3,21.49,44.045,18.374,303.0,225.0,302.0,256.0,INTERMEDIATE,20,True,Haas F1 Team,0 days 02:54:50.088000,Track Clear,12,False,bearman,20.8,90.0,925.7,False,24.9,198,0.9,Lap,2024_21,84.973,7.0,2024_21
84.36,52,2,21.414,44.076,18.87,,220.0,294.0,262.0,INTERMEDIATE,20,True,Kick Sauber,0 days 02:54:51.880000,Track Clear,13,False,bottas,20.8,90.0,925.7,False,24.9,198,0.9,Lap,2024_21,85.637,9.0,2024_21
84.69,52,5,21.602,44.437,18.651,298.0,225.0,295.0,247.0,INTERMEDIATE,21,False,Kick Sauber,0 days 02:54:56.266000,Track Clear,14,False,zhou,20.8,90.0,925.7,False,24.9,198,0.9,Lap,2024_21,85.637,9.0,2024_21
83.078,52,3,21.309,43.575,18.194,300.0,225.0,301.0,242.0,INTERMEDIATE,20,True,Aston Martin,0 days 02:55:02.916000,Track Clear,15,False,alonso,20.7,89.0,925.7,False,24.6,166,1.4,Lap,2024_21,84.697,5.0,2024_21
82.251,53,2,20.854,43.376,18.021,304.0,233.0,302.0,270.0,INTERMEDIATE,21,True,Red Bull Racing,0 days 02:55:44.097000,Track Clear,1,False,max_verstappen,20.7,89.0,925.7,False,24.6,166,1.4,Lap,2024_21,84.52600000000001,3.0,2024_21
82.559,53,2,20.979,43.398,18.182,,223.0,303.0,263.0,INTERMEDIATE,23,False,Alpine,0 days 02:55:50.777000,Track Clear,2,False,ocon,20.7,89.0,925.7,False,24.6,166,1.4,Lap,2024_21,84.458,1.0,2024_21
82.512,53,2,20.825,43.643,18.044,,225.0,306.0,271.0,INTERMEDIATE,21,True,Alpine,0 days 02:55:54.542000,Track Clear,3,False,gasly,20.7,89.0,925.7,False,24.6,166,1.4,Lap,2024_21,84.458,1.0,2024_21
82.427,53,3,21.028,43.411,17.988,307.0,225.0,309.0,254.0,INTERMEDIATE,24,False,Mercedes,0 days 02:55:55.692000,Track Clear,4,False,russell,20.7,89.0,925.7,False,24.6,166,1.4,Lap,2024_21,84.50800000000001,2.0,2024_21
83.118,53,3,21.163,43.714,18.241,,232.0,303.0,262.0,INTERMEDIATE,24,False,Ferrari,0 days 02:56:02.550000,Track Clear,5,False,leclerc,20.7,90.0,925.7,False,24.6,199,1.3,Lap,2024_21,85.191,8.0,2024_21
83.615,53,3,21.617,43.82,18.178,299.0,217.0,307.0,266.0,INTERMEDIATE,25,False,McLaren,0 days 02:56:03.474000,Track Clear,6,False,norris,20.7,90.0,925.7,False,24.6,199,1.3,Lap,2024_21,84.54050000000001,4.0,2024_21
82.73,53,3,21.192,43.575,17.963,305.0,229.0,307.0,,INTERMEDIATE,23,False,McLaren,0 days 02:56:06.844000,Track Clear,7,False,piastri,20.7,90.0,925.7,False,24.6,199,1.3,Lap,2024_21,84.54050000000001,4.0,2024_21
83.545,53,3,21.307,44.206,18.032,301.0,222.0,305.0,252.0,INTERMEDIATE,24,False,Racing Bulls,0 days 02:56:08.473000,Track Clear,8,False,tsunoda,20.7,90.0,925.7,False,24.6,199,1.3,Lap,2024_21,84.80000000000001,6.0,2024_21
84.048,53,3,21.538,44.419,18.091,306.0,224.0,306.0,246.0,INTERMEDIATE,24,False,Racing Bulls,0 days 02:56:09.675000,Track Clear,9,False,lawson,20.7,90.0,925.7,False,24.6,199,1.3,Lap,2024_21,84.80000000000001,6.0,2024_21
84.023,53,3,21.452,44.526,18.045,304.0,218.0,309.0,260.0,INTERMEDIATE,21,True,Red Bull Racing,0 days 02:56:10.119000,Track Clear,10,False,perez,20.7,90.0,925.7,False,24.6,199,1.3,Lap,2024_21,84.52600000000001,3.0,2024_21
83.84,53,3,21.306,44.304,18.23,308.0,219.0,308.0,260.0,INTERMEDIATE,21,True,Mercedes,0 days 02:56:11.236000,Track Clear,11,False,hamilton,20.7,90.0,925.7,False,24.6,199,1.3,Lap,2024_21,84.50800000000001,2.0,2024_21
83.969,53,3,21.489,43.96,18.52,302.0,227.0,304.0,270.0,INTERMEDIATE,21,True,Haas F1 Team,0 days 02:56:13.997000,Track Clear,12,False,bearman,20.7,90.0,925.7,False,24.6,199,1.3,Lap,2024_21,84.973,7.0,2024_21
84.36,53,2,21.604,44.195,18.561,296.0,226.0,297.0,270.0,INTERMEDIATE,21,True,Kick Sauber,0 days 02:56:16.240000,Track Clear,13,False,bottas,20.7,90.0,925.7,False,24.6,199,1.3,Lap,2024_21,85.637,9.0,2024_21
84.727,53,5,21.6,44.575,18.552,297.0,226.0,295.0,250.0,INTERMEDIATE,22,False,Kick Sauber,0 days 02:56:20.956000,Track Clear,14,False,zhou,20.7,90.0,925.7,False,24.6,199,1.3,Lap,2024_21,85.637,9.0,2024_21
83.265,53,3,21.216,43.917,18.132,302.0,223.0,302.0,250.0,INTERMEDIATE,21,True,Aston Martin,0 days 02:56:25.994000,Track Clear,15,False,alonso,20.7,90.0,925.7,False,24.6,199,1.3,Lap,2024_21,84.697,5.0,2024_21
82.246,54,2,20.969,43.17,18.107,,227.0,302.0,269.0,INTERMEDIATE,22,True,Red Bull Racing,0 days 02:57:06.348000,Track Clear,1,False,max_verstappen,20.5,90.0,925.7,False,24.7,198,1.2,Lap,2024_21,84.52600000000001,3.0,2024_21
82.815,54,2,21.145,43.328,18.342,,225.0,302.0,258.0,INTERMEDIATE,24,False,Alpine,0 days 02:57:13.336000,Track Clear,2,False,ocon,20.5,90.0,925.7,False,24.7,198,1.2,Lap,2024_21,84.458,1.0,2024_21
82.739,54,2,20.983,43.612,18.144,304.0,225.0,306.0,267.0,INTERMEDIATE,22,True,Alpine,0 days 02:57:17.054000,Track Clear,3,False,gasly,20.5,90.0,925.7,False,24.7,198,1.2,Lap,2024_21,84.458,1.0,2024_21
82.777,54,3,21.13,43.516,18.131,308.0,224.0,308.0,253.0,INTERMEDIATE,25,False,Mercedes,0 days 02:57:18.119000,Track Clear,4,False,russell,20.5,90.0,925.7,False,24.7,198,1.2,Lap,2024_21,84.50800000000001,2.0,2024_21
82.957,54,3,21.275,43.6,18.082,,235.0,305.0,265.0,INTERMEDIATE,25,False,Ferrari,0 days 02:57:25.668000,Track Clear,5,False,leclerc,20.5,90.0,925.7,False,24.7,198,1.2,Lap,2024_21,85.191,8.0,2024_21
82.817,54,3,21.138,43.724,17.955,304.0,221.0,304.0,260.0,INTERMEDIATE,26,False,McLaren,0 days 02:57:27.089000,Track Clear,6,False,norris,20.5,90.0,925.7,False,24.7,198,1.2,Lap,2024_21,84.54050000000001,4.0,2024_21
82.908,54,3,21.297,43.69,17.921,306.0,225.0,308.0,,INTERMEDIATE,24,False,McLaren,0 days 02:57:29.574000,Track Clear,7,False,piastri,20.5,90.0,925.7,False,24.7,198,1.2,Lap,2024_21,84.54050000000001,4.0,2024_21
83.512,54,3,21.241,44.228,18.043,300.0,220.0,305.0,259.0,INTERMEDIATE,25,False,Racing Bulls,0 days 02:57:32.018000,Track Clear,8,False,tsunoda,20.5,90.0,925.7,False,24.7,198,1.2,Lap,2024_21,84.80000000000001,6.0,2024_21
83.942,54,3,21.652,44.143,18.147,305.0,223.0,304.0,253.0,INTERMEDIATE,25,False,Racing Bulls,0 days 02:57:33.723000,Track Clear,9,False,lawson,20.5,90.0,925.7,False,24.7,198,1.2,Lap,2024_21,84.80000000000001,6.0,2024_21
83.744,54,3,21.452,44.342,17.95,308.0,224.0,314.0,285.0,INTERMEDIATE,22,True,Red Bull Racing,0 days 02:57:34.142000,Track Clear,10,False,perez,20.5,90.0,925.7,False,24.7,198,1.2,Lap,2024_21,84.52600000000001,3.0,2024_21
83.528,54,3,21.094,44.465,17.969,309.0,220.0,312.0,268.0,INTERMEDIATE,22,True,Mercedes,0 days 02:57:35.076000,Track Clear,11,False,hamilton,20.5,90.0,925.7,False,24.7,198,1.2,Lap,2024_21,84.50800000000001,2.0,2024_21
83.601,54,3,21.398,43.964,18.239,304.0,224.0,306.0,268.0,INTERMEDIATE,22,True,Haas F1 Team,0 days 02:57:37.966000,Track Clear,12,False,bearman,20.5,90.0,925.7,False,24.7,198,1.2,Lap,2024_21,84.973,7.0,2024_21
84.444,54,2,21.562,44.417,18.465,297.0,225.0,297.0,280.0,INTERMEDIATE,22,True,Kick Sauber,0 days 02:57:40.600000,Track Clear,13,False,bottas,20.5,90.0,925.7,False,24.7,198,1.2,Lap,2024_21,85.637,9.0,2024_21
84.925,54,5,21.775,44.728,18.422,296.0,227.0,297.0,251.0,INTERMEDIATE,23,False,Kick Sauber,0 days 02:57:45.683000,Track Clear,14,False,zhou,20.5,90.0,925.7,False,24.7,198,1.2,Lap,2024_21,85.637,9.0,2024_21
82.791,54,3,21.047,43.691,18.053,,226.0,305.0,257.0,INTERMEDIATE,22,True,Aston Martin,0 days 02:57:49.259000,Track Clear,15,False,alonso,20.5,90.0,925.7,False,24.7,198,1.2,Lap,2024_21,84.697,5.0,2024_21
82.291,55,2,20.875,43.342,18.074,,225.0,302.0,273.0,INTERMEDIATE,23,True,Red Bull Racing,0 days 02:58:28.594000,Track Clear,1,False,max_verstappen,20.5,90.0,925.7,False,24.6,190,0.8,Lap,2024_21,84.52600000000001,3.0,2024_21
82.67,55,2,21.028,43.441,18.201,299.0,226.0,303.0,266.0,INTERMEDIATE,25,False,Alpine,0 days 02:58:36.151000,Track Clear,2,False,ocon,20.5,90.0,925.7,False,24.6,190,0.8,Lap,2024_21,84.458,1.0,2024_21
82.75,55,2,20.878,43.861,18.011,,228.0,303.0,272.0,INTERMEDIATE,23,True,Alpine,0 days 02:58:39.793000,Track Clear,3,False,gasly,20.5,90.0,925.7,False,24.6,190,0.8,Lap,2024_21,84.458,1.0,2024_21
82.527,55,3,21.017,43.558,17.952,305.0,226.0,308.0,255.0,INTERMEDIATE,26,False,Mercedes,0 days 02:58:40.896000,Track Clear,4,False,russell,20.5,90.0,925.7,False,24.6,190,0.8,Lap,2024_21,84.50800000000001,2.0,2024_21
82.707,55,3,21.051,43.611,18.045,,232.0,305.0,278.0,INTERMEDIATE,26,False,Ferrari,0 days 02:58:48.625000,Track Clear,5,False,leclerc,20.5,90.0,925.7,False,24.6,190,0.8,Lap,2024_21,85.191,8.0,2024_21
82.71,55,3,21.125,43.648,17.937,,225.0,308.0,269.0,INTERMEDIATE,27,False,McLaren,0 days 02:58:49.906000,Track Clear,6,False,norris,20.5,90.0,925.7,False,24.6,190,0.8,Lap,2024_21,84.54050000000001,4.0,2024_21
82.521,55,3,21.165,43.578,17.778,305.0,231.0,308.0,259.0,INTERMEDIATE,25,False,McLaren,0 days 02:58:52.482000,Track Clear,7,False,piastri,20.5,90.0,925.7,False,24.6,190,0.8,Lap,2024_21,84.54050000000001,4.0,2024_21
83.118,55,3,21.14,43.95,18.028,301.0,224.0,304.0,255.0,INTERMEDIATE,26,False,Racing Bulls,0 days 02:58:55.530000,Track Clear,8,False,tsunoda,20.5,90.0,925.7,False,24.6,190,0.8,Lap,2024_21,84.80000000000001,6.0,2024_21
83.697,55,3,21.856,43.879,17.962,303.0,225.0,306.0,255.0,INTERMEDIATE,26,False,Racing Bulls,0 days 02:58:57.665000,Track Clear,9,False,lawson,20.5,90.0,925.7,False,24.6,190,0.8,Lap,2024_21,84.80000000000001,6.0,2024_21
83.659,55,3,21.934,43.662,18.063,304.0,224.0,311.0,264.0,INTERMEDIATE,23,True,Mercedes,0 days 02:58:58.604000,Track Clear,10,False,hamilton,20.5,90.0,925.7,False,24.6,190,0.8,Lap,2024_21,84.50800000000001,2.0,2024_21
85.533,55,3,22.075,45.369,18.089,307.0,213.0,308.0,251.0,INTERMEDIATE,23,True,Red Bull Racing,0 days 02:58:57.886000,Track Clear,11,False,perez,20.5,90.0,925.7,False,24.6,190,0.8,Lap,2024_21,84.52600000000001,3.0,2024_21
83.815,55,3,21.514,44.108,18.193,301.0,226.0,305.0,265.0,INTERMEDIATE,23,True,Haas F1 Team,0 days 02:59:01.567000,Track Clear,12,False,bearman,20.5,90.0,925.7,False,24.6,0,0.4,Lap,2024_21,84.973,7.0,2024_21
83.957,55,2,21.378,44.159,18.42,296.0,220.0,294.0,269.0,INTERMEDIATE,23,True,Kick Sauber,0 days 02:59:05.044000,Track Clear,13,False,bottas,20.5,90.0,925.7,False,24.6,0,0.4,Lap,2024_21,85.637,9.0,2024_21
84.899,55,5,21.683,44.757,18.459,,226.0,295.0,254.0,INTERMEDIATE,24,False,Kick Sauber,0 days 02:59:10.608000,Track Clear,14,False,zhou,20.5,90.0,925.7,False,24.6,0,0.4,Lap,2024_21,85.637,9.0,2024_21
83.683,55,3,21.243,44.224,18.216,305.0,227.0,308.0,249.0,INTERMEDIATE,23,True,Aston Martin,0 days 02:59:12.050000,Track Clear,15,False,alonso,20.5,90.0,925.7,False,24.6,0,0.4,Lap,2024_21,84.697,5.0,2024_21
82.005,56,2,20.893,43.067,18.045,,228.0,303.0,278.0,INTERMEDIATE,24,True,Red Bull Racing,0 days 02:59:50.885000,Track Clear,1,False,max_verstappen,20.5,90.0,925.7,False,24.6,0,0.4,Lap,2024_21,84.52600000000001,3.0,2024_21
82.804,56,2,21.218,43.432,18.154,298.0,224.0,303.0,257.0,INTERMEDIATE,26,False,Alpine,0 days 02:59:58.821000,Track Clear,2,False,ocon,20.5,90.0,925.7,False,24.6,0,0.4,Lap,2024_21,84.458,1.0,2024_21
82.747,56,2,21.053,43.686,18.008,305.0,227.0,305.0,265.0,INTERMEDIATE,24,True,Alpine,0 days 03:00:02.543000,Track Clear,3,False,gasly,20.4,89.0,925.6,False,24.6,162,0.9,Lap,2024_21,84.458,1.0,2024_21
82.496,56,3,21.077,43.527,17.892,,228.0,309.0,,INTERMEDIATE,27,False,Mercedes,0 days 03:00:03.423000,Track Clear,4,False,russell,20.4,89.0,925.6,False,24.6,162,0.9,Lap,2024_21,84.50800000000001,2.0,2024_21
82.728,56,3,21.064,43.671,17.993,,235.0,304.0,274.0,INTERMEDIATE,27,False,Ferrari,0 days 03:00:11.332000,Track Clear,5,False,leclerc,20.4,89.0,925.6,False,24.6,162,0.9,Lap,2024_21,85.191,8.0,2024_21
82.985,56,3,21.176,43.746,18.063,,228.0,304.0,257.0,INTERMEDIATE,28,False,McLaren,0 days 03:00:12.616000,Track Clear,6,False,norris,20.4,89.0,925.6,False,24.6,162,0.9,Lap,2024_21,84.54050000000001,4.0,2024_21
82.644,56,3,21.166,43.604,17.874,307.0,229.0,308.0,258.0,INTERMEDIATE,26,False,McLaren,0 days 03:00:15.003000,Track Clear,7,False,piastri,20.4,89.0,925.6,False,24.6,162,0.9,Lap,2024_21,84.54050000000001,4.0,2024_21
83.061,56,3,21.102,43.927,18.032,302.0,225.0,304.0,259.0,INTERMEDIATE,27,False,Racing Bulls,0 days 03:00:18.648000,Track Clear,8,False,tsunoda,20.4,89.0,925.6,False,24.6,162,0.9,Lap,2024_21,84.80000000000001,6.0,2024_21
83.385,56,3,21.256,43.997,18.132,304.0,227.0,304.0,265.0,INTERMEDIATE,27,False,Racing Bulls,0 days 03:00:21.362000,Track Clear,9,False,lawson,20.4,89.0,925.6,False,24.6,162,0.9,Lap,2024_21,84.80000000000001,6.0,2024_21
82.945,56,3,20.813,44.223,17.909,311.0,228.0,309.0,269.0,INTERMEDIATE,24,True,Mercedes,0 days 03:00:22.263000,Track Clear,10,False,hamilton,20.4,89.0,925.6,False,24.6,162,0.9,Lap,2024_21,84.50800000000001,2.0,2024_21
82.757,56,3,20.915,43.745,18.097,306.0,213.0,306.0,261.0,INTERMEDIATE,24,True,Red Bull Racing,0 days 03:00:23.419000,Track Clear,11,False,perez,20.4,89.0,925.6,False,24.6,162,0.9,Lap,2024_21,84.52600000000001,3.0,2024_21
83.14,56,3,21.288,43.717,18.135,303.0,226.0,304.0,276.0,INTERMEDIATE,24,True,Haas F1 Team,0 days 03:00:25.382000,Track Clear,12,False,bearman,20.4,89.0,925.6,False,24.6,162,0.9,Lap,2024_21,84.973,7.0,2024_21
83.508,56,2,21.244,43.875,18.389,298.0,220.0,293.0,282.0,INTERMEDIATE,24,True,Kick Sauber,0 days 03:00:29.001000,Track Clear,13,False,bottas,20.4,89.0,925.6,False,24.6,162,0.9,Lap,2024_21,85.637,9.0,2024_21
84.658,56,5,21.715,44.512,18.431,,230.0,296.0,253.0,INTERMEDIATE,25,False,Kick Sauber,0 days 03:00:35.507000,Track Clear,14,False,zhou,20.4,89.0,925.6,False,24.6,162,0.9,Lap,2024_21,85.637,9.0,2024_21
84.72,56,3,21.706,44.722,18.292,300.0,226.0,308.0,250.0,INTERMEDIATE,24,True,Aston Martin,0 days 03:00:35.733000,Track Clear,15,False,alonso,20.4,89.0,925.6,False,24.6,162,0.9,Lap,2024_21,84.697,5.0,2024_21
81.862,57,2,20.884,42.999,17.979,305.0,231.0,303.0,270.0,INTERMEDIATE,25,True,Red Bull Racing,0 days 03:01:12.890000,Track Clear,1,False,max_verstappen,20.4,90.0,925.7,False,24.7,182,1.0,Lap,2024_21,84.52600000000001,3.0,2024_21
82.462,57,2,21.006,43.258,18.198,299.0,227.0,303.0,262.0,INTERMEDIATE,27,False,Alpine,0 days 03:01:21.625000,Track Clear,2,False,ocon,20.4,90.0,925.7,False,24.7,182,1.0,Lap,2024_21,84.458,1.0,2024_21
82.468,57,2,20.908,43.508,18.052,,227.0,303.0,270.0,INTERMEDIATE,25,True,Alpine,0 days 03:01:25.290000,Track Clear,3,False,gasly,20.4,90.0,925.7,False,24.7,182,1.0,Lap,2024_21,84.458,1.0,2024_21
82.815,57,3,21.116,43.73,17.969,307.0,225.0,308.0,260.0,INTERMEDIATE,28,False,Mercedes,0 days 03:01:25.919000,Track Clear,4,False,russell,20.4,90.0,925.7,False,24.7,182,1.0,Lap,2024_21,84.50800000000001,2.0,2024_21
82.512,57,3,21.071,43.454,17.987,304.0,233.0,304.0,272.0,INTERMEDIATE,28,False,Ferrari,0 days 03:01:34.060000,Track Clear,5,False,leclerc,20.4,90.0,925.7,False,24.7,182,1.0,Lap,2024_21,85.191,8.0,2024_21
82.411,57,3,20.998,43.47,17.943,306.0,218.0,307.0,262.0,INTERMEDIATE,29,False,McLaren,0 days 03:01:35.601000,Track Clear,6,False,norris,20.4,90.0,925.7,False,24.7,182,1.0,Lap,2024_21,84.54050000000001,4.0,2024_21
82.524,57,3,21.117,43.542,17.865,,228.0,308.0,265.0,INTERMEDIATE,27,False,McLaren,0 days 03:01:37.647000,Track Clear,7,False,piastri,20.4,90.0,925.7,False,24.7,182,1.0,Lap,2024_21,84.54050000000001,4.0,2024_21
82.766,57,3,21.051,43.709,18.006,,225.0,304.0,256.0,INTERMEDIATE,28,False,Racing Bulls,0 days 03:01:41.709000,Track Clear,8,False,tsunoda,20.4,90.0,925.7,False,24.7,182,1.0,Lap,2024_21,84.80000000000001,6.0,2024_21
82.953,57,3,21.111,43.864,17.978,306.0,229.0,305.0,251.0,INTERMEDIATE,28,False,Racing Bulls,0 days 03:01:44.747000,Track Clear,9,False,lawson,20.4,90.0,925.7,False,24.7,182,1.0,Lap,2024_21,84.80000000000001,6.0,2024_21
82.901,57,3,21.063,43.915,17.923,312.0,223.0,311.0,261.0,INTERMEDIATE,25,True,Mercedes,0 days 03:01:45.208000,Track Clear,10,False,hamilton,20.4,90.0,925.7,False,24.7,182,1.0,Lap,2024_21,84.50800000000001,2.0,2024_21
82.777,57,3,21.065,43.727,17.985,308.0,217.0,310.0,247.0,INTERMEDIATE,25,True,Red Bull Racing,0 days 03:01:46.176000,Track Clear,11,False,perez,20.4,90.0,925.7,False,24.7,182,1.0,Lap,2024_21,84.52600000000001,3.0,2024_21
83.395,57,3,21.214,43.761,18.42,304.0,227.0,304.0,,INTERMEDIATE,25,True,Haas F1 Team,0 days 03:01:48.522000,Track Clear,12,False,bearman,20.4,90.0,925.7,False,24.7,182,1.0,Lap,2024_21,84.973,7.0,2024_21
83.451,57,2,21.165,44.046,18.24,,224.0,296.0,285.0,INTERMEDIATE,25,True,Kick Sauber,0 days 03:01:52.509000,Track Clear,13,False,bottas,20.4,90.0,925.7,False,24.7,182,1.0,Lap,2024_21,85.637,9.0,2024_21
84.302,57,5,21.487,44.497,18.318,297.0,224.0,296.0,252.0,INTERMEDIATE,26,False,Kick Sauber,0 days 03:02:00.165000,Track Clear,14,False,zhou,20.4,90.0,925.6,False,24.5,237,0.8,Lap,2024_21,85.637,9.0,2024_21
84.175,57,3,21.386,44.66,18.129,302.0,226.0,309.0,235.0,INTERMEDIATE,25,True,Aston Martin,0 days 03:02:00.453000,Track Clear,15,False,alonso,20.4,90.0,925.6,False,24.5,237,0.8,Lap,2024_21,84.697,5.0,2024_21
81.782,58,2,20.851,43.016,17.915,304.0,225.0,303.0,273.0,INTERMEDIATE,26,True,Red Bull Racing,0 days 03:02:34.752000,Track Clear,1,False,max_verstappen,20.4,90.0,925.6,False,24.5,237,0.8,Lap,2024_21,84.52600000000001,3.0,2024_21
82.393,58,2,20.992,43.243,18.158,298.0,225.0,303.0,266.0,INTERMEDIATE,28,False,Alpine,0 days 03:02:44.087000,Track Clear,2,False,ocon,20.4,90.0,925.6,False,24.5,237,0.8,Lap,2024_21,84.458,1.0,2024_21
82.385,58,2,20.983,43.4,18.002,304.0,224.0,304.0,267.0,INTERMEDIATE,26,True,Alpine,0 days 03:02:47.758000,Track Clear,3,False,gasly,20.4,90.0,925.6,False,24.5,237,0.8,Lap,2024_21,84.458,1.0,2024_21
82.43,58,3,21.019,43.489,17.922,306.0,230.0,308.0,259.0,INTERMEDIATE,29,False,Mercedes,0 days 03:02:48.734000,Track Clear,4,False,russell,20.4,90.0,925.6,False,24.5,237,0.8,Lap,2024_21,84.50800000000001,2.0,2024_21
82.017,58,3,21.069,43.097,17.851,303.0,240.0,306.0,275.0,INTERMEDIATE,29,False,Ferrari,0 days 03:02:56.572000,Track Clear,5,False,leclerc,20.4,90.0,925.6,False,24.5,237,0.8,Lap,2024_21,85.191,8.0,2024_21
82.42,58,3,21.055,43.437,17.928,300.0,226.0,308.0,265.0,INTERMEDIATE,30,False,McLaren,0 days 03:02:58.012000,Track Clear,6,False,norris,20.4,90.0,925.6,False,24.5,237,0.8,Lap,2024_21,84.54050000000001,4.0,2024_21
82.32,58,3,21.095,43.467,17.758,303.0,226.0,310.0,,INTERMEDIATE,28,False,McLaren,0 days 03:03:00.171000,Track Clear,7,False,piastri,20.4,90.0,925.6,False,24.5,237,0.8,Lap,2024_21,84.54050000000001,4.0,2024_21
83.0,58,3,21.09,43.838,18.072,301.0,221.0,305.0,259.0,INTERMEDIATE,29,False,Racing Bulls,0 days 03:03:04.475000,Track Clear,8,False,tsunoda,20.5,89.0,925.5,False,24.4,158,1.6,Lap,2024_21,84.80000000000001,6.0,2024_21
83.769,58,3,21.399,44.0,18.37,304.0,228.0,304.0,254.0,INTERMEDIATE,29,False,Racing Bulls,0 days 03:03:07.700000,Track Clear,9,False,lawson,20.5,89.0,925.5,False,24.4,158,1.6,Lap,2024_21,84.80000000000001,6.0,2024_21
83.888,58,3,21.149,44.819,17.92,311.0,227.0,309.0,265.0,INTERMEDIATE,26,True,Mercedes,0 days 03:03:08.109000,Track Clear,10,False,hamilton,20.5,89.0,925.5,False,24.4,158,1.6,Lap,2024_21,84.50800000000001,2.0,2024_21
83.714,58,3,21.108,44.492,18.114,307.0,217.0,309.0,251.0,INTERMEDIATE,26,True,Red Bull Racing,0 days 03:03:08.953000,Track Clear,11,False,perez,20.5,89.0,925.5,False,24.4,158,1.6,Lap,2024_21,84.52600000000001,3.0,2024_21
82.992,58,3,21.231,43.757,18.004,,229.0,304.0,,INTERMEDIATE,26,True,Haas F1 Team,0 days 03:03:11.917000,Track Clear,12,False,bearman,20.5,89.0,925.5,False,24.4,158,1.6,Lap,2024_21,84.973,7.0,2024_21
83.185,58,2,21.189,43.705,18.291,296.0,220.0,297.0,275.0,INTERMEDIATE,26,True,Kick Sauber,0 days 03:03:15.960000,Track Clear,13,False,bottas,20.5,89.0,925.5,False,24.4,158,1.6,Lap,2024_21,85.637,9.0,2024_21
82.968,58,3,21.378,43.592,17.998,301.0,228.0,303.0,258.0,INTERMEDIATE,26,True,Aston Martin,0 days 03:03:24.628000,Track Clear,14,False,alonso,20.5,89.0,925.5,False,24.4,158,1.6,Lap,2024_21,84.697,5.0,2024_21
86.018,58,5,22.72,45.035,18.263,290.0,228.0,298.0,251.0,INTERMEDIATE,27,False,Kick Sauber,0 days 03:03:24.467000,Track Clear,15,False,zhou,20.5,89.0,925.5,False,24.4,158,1.6,Lap,2024_21,85.637,9.0,2024_21
81.551,59,2,20.84,42.908,17.803,,232.0,304.0,267.0,INTERMEDIATE,27,True,Red Bull Racing,0 days 03:03:56.534000,Track Clear,1,False,max_verstappen,20.5,89.0,925.5,False,24.4,158,1.6,Lap,2024_21,84.52600000000001,3.0,2024_21
82.16,59,2,20.895,43.206,18.059,,226.0,304.0,268.0,INTERMEDIATE,29,False,Alpine,0 days 03:04:06.480000,Track Clear,2,False,ocon,20.5,89.0,925.7,False,24.4,180,0.9,Lap,2024_21,84.458,1.0,2024_21
82.408,59,2,21.008,43.388,18.012,,228.0,304.0,271.0,INTERMEDIATE,27,True,Alpine,0 days 03:04:10.143000,Track Clear,3,False,gasly,20.5,89.0,925.7,False,24.4,180,0.9,Lap,2024_21,84.458,1.0,2024_21
82.163,59,3,20.995,43.35,17.818,307.0,231.0,308.0,263.0,INTERMEDIATE,30,False,Mercedes,0 days 03:04:11.164000,Track Clear,4,False,russell,20.5,89.0,925.7,False,24.4,180,0.9,Lap,2024_21,84.50800000000001,2.0,2024_21
81.893,59,3,20.87,43.158,17.865,,235.0,305.0,277.0,INTERMEDIATE,30,False,Ferrari,0 days 03:04:18.589000,Track Clear,5,False,leclerc,20.5,89.0,925.7,False,24.4,180,0.9,Lap,2024_21,85.191,8.0,2024_21
82.137,59,3,21.025,43.241,17.871,299.0,227.0,305.0,270.0,INTERMEDIATE,31,False,McLaren,0 days 03:04:20.432000,Track Clear,6,False,norris,20.5,89.0,925.7,False,24.4,180,0.9,Lap,2024_21,84.54050000000001,4.0,2024_21
82.18,59,3,20.956,43.351,17.873,,227.0,308.0,272.0,INTERMEDIATE,29,False,McLaren,0 days 03:04:22.491000,Track Clear,7,False,piastri,20.5,89.0,925.7,False,24.4,180,0.9,Lap,2024_21,84.54050000000001,4.0,2024_21
82.872,59,3,21.059,43.886,17.927,,223.0,305.0,254.0,INTERMEDIATE,30,False,Racing Bulls,0 days 03:04:27.475000,Track Clear,8,False,tsunoda,20.5,89.0,925.7,False,24.4,180,0.9,Lap,2024_21,84.80000000000001,6.0,2024_21
83.152,59,3,21.259,43.863,18.03,300.0,228.0,304.0,263.0,INTERMEDIATE,30,False,Racing Bulls,0 days 03:04:31.469000,Track Clear,9,False,lawson,20.5,89.0,925.7,False,24.4,180,0.9,Lap,2024_21,84.80000000000001,6.0,2024_21
83.028,59,3,21.033,44.058,17.937,307.0,223.0,308.0,260.0,INTERMEDIATE,27,True,Mercedes,0 days 03:04:31.997000,Track Clear,10,False,hamilton,20.5,89.0,925.7,False,24.4,180,0.9,Lap,2024_21,84.50800000000001,2.0,2024_21
83.086,59,3,21.089,43.96,18.037,300.0,219.0,308.0,244.0,INTERMEDIATE,27,True,Red Bull Racing,0 days 03:04:32.667000,Track Clear,11,False,perez,20.5,89.0,925.7,False,24.4,180,0.9,Lap,2024_21,84.52600000000001,3.0,2024_21
82.897,59,3,21.166,43.623,18.108,,229.0,306.0,274.0,INTERMEDIATE,27,True,Haas F1 Team,0 days 03:04:34.909000,Track Clear,12,False,bearman,20.5,89.0,925.7,False,24.4,180,0.9,Lap,2024_21,84.973,7.0,2024_21
83.418,59,2,21.322,43.801,18.295,,226.0,296.0,272.0,INTERMEDIATE,27,True,Kick Sauber,0 days 03:04:39.145000,Track Clear,13,False,bottas,20.5,89.0,925.7,False,24.4,180,0.9,Lap,2024_21,85.637,9.0,2024_21
82.293,59,3,21.09,43.241,17.962,,232.0,303.0,263.0,INTERMEDIATE,27,True,Aston Martin,0 days 03:04:47.596000,Track Clear,14,False,alonso,20.5,89.0,925.7,False,24.4,180,0.9,Lap,2024_21,84.697,5.0,2024_21
83.806,59,5,21.388,44.276,18.142,298.0,233.0,298.0,255.0,INTERMEDIATE,28,False,Kick Sauber,0 days 03:04:50.485000,Track Clear,15,False,zhou,20.5,89.0,925.7,False,24.4,180,0.9,Lap,2024_21,85.637,9.0,2024_21
81.331,60,2,20.665,42.796,17.87,305.0,229.0,304.0,268.0,INTERMEDIATE,28,True,Red Bull Racing,0 days 03:05:18.085000,Track Clear,1,False,max_verstappen,20.5,89.0,925.7,False,24.4,222,1.2,Lap,2024_21,84.52600000000001,3.0,2024_21
82.111,60,2,21.056,43.054,18.001,,226.0,303.0,267.0,INTERMEDIATE,30,False,Alpine,0 days 03:05:28.640000,Track Clear,2,False,ocon,20.5,89.0,925.7,False,24.4,222,1.2,Lap,2024_21,84.458,1.0,2024_21
82.093,60,2,20.918,43.215,17.96,305.0,225.0,305.0,269.0,INTERMEDIATE,28,True,Alpine,0 days 03:05:32.551000,Track Clear,3,False,gasly,20.5,89.0,925.7,False,24.4,222,1.2,Lap,2024_21,84.458,1.0,2024_21
82.057,60,3,20.972,43.253,17.832,308.0,228.0,309.0,268.0,INTERMEDIATE,31,False,Mercedes,0 days 03:05:33.327000,Track Clear,4,False,russell,20.5,89.0,925.7,False,24.4,222,1.2,Lap,2024_21,84.50800000000001,2.0,2024_21
81.631,60,3,20.831,43.002,17.798,304.0,236.0,306.0,294.0,INTERMEDIATE,31,False,Ferrari,0 days 03:05:40.482000,Track Clear,5,False,leclerc,20.5,89.0,925.7,False,24.4,222,1.2,Lap,2024_21,85.191,8.0,2024_21
81.759,60,3,20.857,43.106,17.796,302.0,229.0,307.0,278.0,INTERMEDIATE,32,False,McLaren,0 days 03:05:42.569000,Track Clear,6,False,norris,20.5,89.0,925.7,False,24.4,222,1.2,Lap,2024_21,84.54050000000001,4.0,2024_21
82.106,60,3,21.077,43.254,17.775,306.0,230.0,308.0,263.0,INTERMEDIATE,30,False,McLaren,0 days 03:05:44.671000,Track Clear,7,False,piastri,20.5,89.0,925.7,False,24.4,222,1.2,Lap,2024_21,84.54050000000001,4.0,2024_21
82.664,60,3,21.031,43.619,18.014,302.0,226.0,304.0,262.0,INTERMEDIATE,31,False,Racing Bulls,0 days 03:05:50.347000,Track Clear,8,False,tsunoda,20.5,89.0,925.7,False,24.4,222,1.2,Lap,2024_21,84.80000000000001,6.0,2024_21
83.1,60,3,21.381,43.691,18.028,301.0,228.0,304.0,257.0,INTERMEDIATE,31,False,Racing Bulls,0 days 03:05:54.621000,Track Clear,9,False,lawson,20.5,89.0,925.7,False,24.4,222,1.2,Lap,2024_21,84.80000000000001,6.0,2024_21
83.122,60,3,21.202,44.041,17.879,304.0,226.0,309.0,257.0,INTERMEDIATE,28,True,Mercedes,0 days 03:05:55.025000,Track Clear,10,False,hamilton,20.5,89.0,925.7,False,24.4,222,1.2,Lap,2024_21,84.50800000000001,2.0,2024_21
83.112,60,3,21.156,43.985,17.971,302.0,217.0,309.0,245.0,INTERMEDIATE,28,True,Red Bull Racing,0 days 03:05:55.753000,Track Clear,11,False,perez,20.5,89.0,925.7,False,24.4,222,1.2,Lap,2024_21,84.52600000000001,3.0,2024_21
82.944,60,3,21.187,43.772,17.985,306.0,229.0,305.0,285.0,INTERMEDIATE,28,True,Haas F1 Team,0 days 03:05:57.806000,Track Clear,12,False,bearman,20.5,89.0,925.7,False,24.4,222,1.2,Lap,2024_21,84.973,7.0,2024_21
82.911,60,2,21.13,43.407,18.374,298.0,224.0,298.0,268.0,INTERMEDIATE,28,True,Kick Sauber,0 days 03:06:02.563000,Track Clear,13,False,bottas,20.4,90.0,925.6,False,24.5,178,0.7,Lap,2024_21,85.637,9.0,2024_21
84.826,60,3,22.479,44.298,18.049,286.0,219.0,304.0,288.0,INTERMEDIATE,28,True,Aston Martin,0 days 03:06:09.889000,Track Clear,14,True,alonso,20.4,90.0,925.6,False,24.5,178,0.7,Lap,2024_21,84.697,5.0,2024_21
83.471,60,5,21.299,43.926,18.246,299.0,232.0,298.0,252.0,INTERMEDIATE,29,False,Kick Sauber,0 days 03:06:14.291000,Track Clear,15,False,zhou,20.4,90.0,925.6,False,24.5,178,0.7,Lap,2024_21,85.637,9.0,2024_21
81.336,61,2,20.735,42.716,17.885,304.0,232.0,304.0,273.0,INTERMEDIATE,29,True,Red Bull Racing,0 days 03:06:39.416000,Track Clear,1,False,max_verstappen,20.4,90.0,925.6,False,24.5,178,0.7,Lap,2024_21,84.52600000000001,3.0,2024_21
82.285,61,2,20.858,43.346,18.081,,222.0,304.0,270.0,INTERMEDIATE,31,False,Alpine,0 days 03:06:50.751000,Track Clear,2,False,ocon,20.4,90.0,925.6,False,24.5,178,0.7,Lap,2024_21,84.458,1.0,2024_21
82.22,61,2,20.941,43.382,17.897,303.0,228.0,304.0,270.0,INTERMEDIATE,29,True,Alpine,0 days 03:06:54.644000,Track Clear,3,False,gasly,20.4,90.0,925.6,False,24.5,178,0.7,Lap,2024_21,84.458,1.0,2024_21
82.161,61,3,20.996,43.318,17.847,307.0,227.0,309.0,263.0,INTERMEDIATE,32,False,Mercedes,0 days 03:06:55.384000,Track Clear,4,False,russell,20.4,90.0,925.6,False,24.5,178,0.7,Lap,2024_21,84.50800000000001,2.0,2024_21
81.91,61,3,20.861,43.217,17.832,,235.0,306.0,285.0,INTERMEDIATE,32,False,Ferrari,0 days 03:07:02.113000,Track Clear,5,False,leclerc,20.4,90.0,925.6,False,24.5,312,0.0,Lap,2024_21,85.191,8.0,2024_21
81.756,61,3,20.929,43.053,17.774,305.0,223.0,307.0,272.0,INTERMEDIATE,33,False,McLaren,0 days 03:07:04.328000,Track Clear,6,False,norris,20.4,90.0,925.6,False,24.5,312,0.0,Lap,2024_21,84.54050000000001,4.0,2024_21
82.125,61,3,20.944,43.316,17.865,307.0,232.0,308.0,273.0,INTERMEDIATE,31,False,McLaren,0 days 03:07:06.777000,Track Clear,7,False,piastri,20.4,90.0,925.6,False,24.5,312,0.0,Lap,2024_21,84.54050000000001,4.0,2024_21
82.405,61,3,20.885,43.597,17.923,303.0,225.0,304.0,257.0,INTERMEDIATE,32,False,Racing Bulls,0 days 03:07:13.011000,Track Clear,8,False,tsunoda,20.4,90.0,925.6,False,24.5,312,0.0,Lap,2024_21,84.80000000000001,6.0,2024_21
82.653,61,3,21.24,43.378,18.035,304.0,230.0,303.0,255.0,INTERMEDIATE,32,False,Racing Bulls,0 days 03:07:17.721000,Track Clear,9,False,lawson,20.4,90.0,925.6,False,24.5,312,0.0,Lap,2024_21,84.80000000000001,6.0,2024_21
82.747,61,3,21.174,43.661,17.912,311.0,233.0,309.0,269.0,INTERMEDIATE,29,True,Mercedes,0 days 03:07:18.147000,Track Clear,10,False,hamilton,20.4,90.0,925.6,False,24.5,312,0.0,Lap,2024_21,84.50800000000001,2.0,2024_21
82.715,61,3,21.018,43.766,17.931,,218.0,307.0,255.0,INTERMEDIATE,29,True,Red Bull Racing,0 days 03:07:18.865000,Track Clear,11,False,perez,20.4,90.0,925.6,False,24.5,312,0.0,Lap,2024_21,84.52600000000001,3.0,2024_21
84.192,61,3,21.144,44.837,18.211,304.0,232.0,303.0,276.0,INTERMEDIATE,29,True,Haas F1 Team,0 days 03:07:20.750000,Track Clear,12,False,bearman,20.4,90.0,925.6,False,24.5,312,0.0,Lap,2024_21,84.973,7.0,2024_21
83.177,61,2,21.277,43.653,18.247,297.0,229.0,296.0,280.0,INTERMEDIATE,29,True,Kick Sauber,0 days 03:07:25.474000,Track Clear,13,False,bottas,20.4,90.0,925.6,False,24.5,312,0.0,Lap,2024_21,85.637,9.0,2024_21
82.71,61,3,21.1,43.6,18.01,298.0,217.0,302.0,253.0,INTERMEDIATE,29,True,Aston Martin,0 days 03:07:34.715000,Track Clear,14,False,alonso,20.4,90.0,925.6,False,24.5,312,0.0,Lap,2024_21,84.697,5.0,2024_21
83.473,61,5,21.349,43.909,18.215,298.0,229.0,297.0,263.0,INTERMEDIATE,30,False,Kick Sauber,0 days 03:07:37.762000,Track Clear,15,False,zhou,20.4,90.0,925.6,False,24.5,312,0.0,Lap,2024_21,85.637,9.0,2024_21
81.069,62,2,20.611,42.604,17.854,305.0,233.0,304.0,280.0,INTERMEDIATE,30,True,Red Bull Racing,0 days 03:08:00.752000,Track Clear,1,False,max_verstappen,20.4,90.0,925.6,False,24.5,312,0.0,Lap,2024_21,84.52600000000001,3.0,2024_21
82.036,62,2,20.778,43.206,18.052,299.0,228.0,303.0,274.0,INTERMEDIATE,32,False,Alpine,0 days 03:08:13.036000,Track Clear,2,False,ocon,20.4,90.0,925.5,False,24.7,181,0.7,Lap,2024_21,84.458,1.0,2024_21
82.097,62,2,20.924,43.234,17.939,,230.0,304.0,272.0,INTERMEDIATE,30,True,Alpine,0 days 03:08:16.864000,Track Clear,3,False,gasly,20.4,90.0,925.5,False,24.7,181,0.7,Lap,2024_21,84.458,1.0,2024_21
82.139,62,3,20.864,43.528,17.747,,229.0,309.0,269.0,INTERMEDIATE,33,False,Mercedes,0 days 03:08:17.545000,Track Clear,4,False,russell,20.4,90.0,925.5,False,24.7,181,0.7,Lap,2024_21,84.50800000000001,2.0,2024_21
81.789,62,3,20.779,43.098,17.912,305.0,237.0,306.0,269.0,INTERMEDIATE,33,False,Ferrari,0 days 03:08:24.023000,Track Clear,5,False,leclerc,20.4,90.0,925.5,False,24.7,181,0.7,Lap,2024_21,85.191,8.0,2024_21
82.541,62,3,20.97,43.719,17.852,300.0,224.0,307.0,270.0,INTERMEDIATE,34,False,McLaren,0 days 03:08:26.084000,Track Clear,6,False,norris,20.4,90.0,925.5,False,24.7,181,0.7,Lap,2024_21,84.54050000000001,4.0,2024_21
82.222,62,3,20.87,43.44,17.912,305.0,228.0,309.0,267.0,INTERMEDIATE,32,False,McLaren,0 days 03:08:28.902000,Track Clear,7,False,piastri,20.4,90.0,925.5,False,24.7,181,0.7,Lap,2024_21,84.54050000000001,4.0,2024_21
82.236,62,3,20.957,43.332,17.947,302.0,226.0,304.0,261.0,INTERMEDIATE,33,False,Racing Bulls,0 days 03:08:35.416000,Track Clear,8,False,tsunoda,20.4,90.0,925.5,False,24.7,181,0.7,Lap,2024_21,84.80000000000001,6.0,2024_21
82.729,62,3,21.24,43.518,17.971,303.0,229.0,305.0,258.0,INTERMEDIATE,33,False,Racing Bulls,0 days 03:08:40.374000,Track Clear,9,False,lawson,20.4,90.0,925.5,False,24.7,181,0.7,Lap,2024_21,84.80000000000001,6.0,2024_21
82.583,62,3,21.223,43.504,17.856,306.0,227.0,312.0,261.0,INTERMEDIATE,30,True,Mercedes,0 days 03:08:40.894000,Track Clear,10,False,hamilton,20.4,90.0,925.5,False,24.7,181,0.7,Lap,2024_21,84.50800000000001,2.0,2024_21
82.892,62,3,21.161,43.729,18.002,299.0,214.0,309.0,249.0,INTERMEDIATE,30,True,Red Bull Racing,0 days 03:08:41.580000,Track Clear,11,False,perez,20.4,90.0,925.5,False,24.7,181,0.7,Lap,2024_21,84.52600000000001,3.0,2024_21
82.816,62,3,21.141,43.645,18.03,303.0,229.0,304.0,277.0,INTERMEDIATE,30,True,Haas F1 Team,0 days 03:08:44.942000,Track Clear,12,False,bearman,20.4,90.0,925.5,False,24.7,181,0.7,Lap,2024_21,84.973,7.0,2024_21
83.241,62,2,21.136,43.8,18.305,296.0,225.0,296.0,284.0,INTERMEDIATE,30,True,Kick Sauber,0 days 03:08:48.651000,Track Clear,13,False,bottas,20.4,90.0,925.5,False,24.7,181,0.7,Lap,2024_21,85.637,9.0,2024_21
83.387,62,3,21.343,44.057,17.987,299.0,218.0,303.0,254.0,INTERMEDIATE,30,True,Aston Martin,0 days 03:08:57.425000,Track Clear,14,False,alonso,20.4,90.0,925.5,False,24.7,181,0.7,Lap,2024_21,84.697,5.0,2024_21
83.712,62,5,21.314,44.184,18.214,,234.0,297.0,267.0,INTERMEDIATE,31,False,Kick Sauber,0 days 03:09:01.235000,Track Clear,15,False,zhou,20.4,90.0,925.5,False,24.7,202,1.0,Lap,2024_21,85.637,9.0,2024_21
81.232,63,2,20.693,42.654,17.885,304.0,231.0,304.0,278.0,INTERMEDIATE,31,True,Red Bull Racing,0 days 03:09:21.821000,Track Clear,1,False,max_verstappen,20.4,90.0,925.5,False,24.7,202,1.0,Lap,2024_21,84.52600000000001,3.0,2024_21
82.02,63,2,20.943,42.998,18.079,298.0,225.0,303.0,,INTERMEDIATE,33,False,Alpine,0 days 03:09:35.072000,Track Clear,2,False,ocon,20.4,90.0,925.5,False,24.7,202,1.0,Lap,2024_21,84.458,1.0,2024_21
81.828,63,2,20.847,43.05,17.931,305.0,233.0,304.0,275.0,INTERMEDIATE,31,True,Alpine,0 days 03:09:38.961000,Track Clear,3,False,gasly,20.4,90.0,925.5,False,24.7,202,1.0,Lap,2024_21,84.458,1.0,2024_21
81.908,63,3,20.867,43.273,17.768,309.0,231.0,308.0,262.0,INTERMEDIATE,34,False,Mercedes,0 days 03:09:39.684000,Track Clear,4,False,russell,20.4,90.0,925.5,False,24.7,202,1.0,Lap,2024_21,84.50800000000001,2.0,2024_21
81.675,63,3,20.728,43.052,17.895,306.0,239.0,305.0,280.0,INTERMEDIATE,34,False,Ferrari,0 days 03:09:45.812000,Track Clear,5,False,leclerc,20.4,90.0,925.5,False,24.7,202,1.0,Lap,2024_21,85.191,8.0,2024_21
81.791,63,3,20.9,43.131,17.76,302.0,229.0,305.0,266.0,INTERMEDIATE,35,False,McLaren,0 days 03:09:48.625000,Track Clear,6,False,norris,20.4,90.0,925.5,False,24.7,202,1.0,Lap,2024_21,84.54050000000001,4.0,2024_21
82.216,63,3,20.96,43.434,17.822,,226.0,307.0,272.0,INTERMEDIATE,33,False,McLaren,0 days 03:09:51.124000,Track Clear,7,False,piastri,20.4,90.0,925.5,False,24.7,202,1.0,Lap,2024_21,84.54050000000001,4.0,2024_21
82.047,63,3,20.912,43.185,17.95,,226.0,303.0,264.0,INTERMEDIATE,34,False,Racing Bulls,0 days 03:09:57.652000,Track Clear,8,False,tsunoda,20.4,90.0,925.5,False,24.7,202,1.0,Lap,2024_21,84.80000000000001,6.0,2024_21
82.292,63,3,21.066,43.291,17.935,304.0,234.0,303.0,263.0,INTERMEDIATE,34,False,Racing Bulls,0 days 03:10:03.103000,Track Clear,9,False,lawson,20.5,90.0,925.5,False,24.6,200,0.9,Lap,2024_21,84.80000000000001,6.0,2024_21
82.611,63,3,21.031,43.689,17.891,312.0,223.0,308.0,266.0,INTERMEDIATE,31,True,Mercedes,0 days 03:10:03.477000,Track Clear,10,False,hamilton,20.5,90.0,925.5,False,24.6,200,0.9,Lap,2024_21,84.50800000000001,2.0,2024_21
82.373,63,3,21.233,43.223,17.917,307.0,217.0,308.0,269.0,INTERMEDIATE,31,True,Red Bull Racing,0 days 03:10:04.472000,Track Clear,11,False,perez,20.5,90.0,925.5,False,24.6,200,0.9,Lap,2024_21,84.52600000000001,3.0,2024_21
82.837,63,3,21.209,43.528,18.1,,232.0,302.0,288.0,INTERMEDIATE,31,True,Haas F1 Team,0 days 03:10:07.758000,Track Clear,12,False,bearman,20.5,90.0,925.5,False,24.6,200,0.9,Lap,2024_21,84.973,7.0,2024_21
83.015,63,2,21.185,43.569,18.261,298.0,224.0,296.0,282.0,INTERMEDIATE,31,True,Kick Sauber,0 days 03:10:11.892000,Track Clear,13,False,bottas,20.5,90.0,925.5,False,24.6,200,0.9,Lap,2024_21,85.637,9.0,2024_21
83.931,63,3,22.137,43.683,18.111,292.0,213.0,302.0,257.0,INTERMEDIATE,31,True,Aston Martin,0 days 03:10:20.812000,Track Clear,14,False,alonso,20.5,90.0,925.5,False,24.6,200,0.9,Lap,2024_21,84.697,5.0,2024_21
83.453,63,5,21.352,43.935,18.166,,238.0,298.0,251.0,INTERMEDIATE,32,False,Kick Sauber,0 days 03:10:24.947000,Track Clear,15,False,zhou,20.5,90.0,925.5,False,24.6,200,0.9,Lap,2024_21,85.637,9.0,2024_21
81.029,64,2,20.632,42.559,17.838,305.0,232.0,305.0,280.0,INTERMEDIATE,32,True,Red Bull Racing,0 days 03:10:43.053000,Track Clear,1,False,max_verstappen,20.5,90.0,925.5,False,24.6,200,0.9,Lap,2024_21,84.52600000000001,3.0,2024_21
81.771,64,2,20.684,43.029,18.058,,227.0,303.0,273.0,INTERMEDIATE,34,False,Alpine,0 days 03:10:57.092000,Track Clear,2,False,ocon,20.5,90.0,925.5,False,24.6,200,0.9,Lap,2024_21,84.458,1.0,2024_21
81.707,64,2,20.724,43.062,17.921,,232.0,304.0,,INTERMEDIATE,32,True,Alpine,0 days 03:11:00.789000,Track Clear,3,False,gasly,20.5,90.0,925.5,False,24.6,200,0.9,Lap,2024_21,84.458,1.0,2024_21
81.78,64,3,20.809,43.215,17.756,308.0,231.0,309.0,,INTERMEDIATE,35,False,Mercedes,0 days 03:11:01.592000,Track Clear,4,False,russell,20.5,90.0,925.5,False,24.6,200,0.9,Lap,2024_21,84.50800000000001,2.0,2024_21
81.682,64,3,20.818,43.041,17.823,305.0,235.0,307.0,275.0,INTERMEDIATE,35,False,Ferrari,0 days 03:11:07.487000,Track Clear,5,False,leclerc,20.5,89.0,925.5,False,24.5,337,0.6,Lap,2024_21,85.191,8.0,2024_21
81.538,64,3,20.725,43.031,17.782,,228.0,306.0,271.0,INTERMEDIATE,36,False,McLaren,0 days 03:11:10.416000,Track Clear,6,False,norris,20.5,89.0,925.5,False,24.5,337,0.6,Lap,2024_21,84.54050000000001,4.0,2024_21
81.838,64,3,20.901,43.134,17.803,304.0,228.0,307.0,,INTERMEDIATE,34,False,McLaren,0 days 03:11:13.340000,Track Clear,7,False,piastri,20.5,89.0,925.5,False,24.5,337,0.6,Lap,2024_21,84.54050000000001,4.0,2024_21
82.035,64,3,20.872,43.241,17.922,303.0,229.0,304.0,266.0,INTERMEDIATE,35,False,Racing Bulls,0 days 03:11:19.699000,Track Clear,8,False,tsunoda,20.5,89.0,925.5,False,24.5,337,0.6,Lap,2024_21,84.80000000000001,6.0,2024_21
82.427,64,3,21.124,43.356,17.947,302.0,231.0,304.0,267.0,INTERMEDIATE,35,False,Racing Bulls,0 days 03:11:25.395000,Track Clear,9,False,lawson,20.5,89.0,925.5,False,24.5,337,0.6,Lap,2024_21,84.80000000000001,6.0,2024_21
82.197,64,3,20.975,43.367,17.855,306.0,228.0,309.0,273.0,INTERMEDIATE,32,True,Mercedes,0 days 03:11:26.088000,Track Clear,10,False,hamilton,20.5,89.0,925.5,False,24.5,337,0.6,Lap,2024_21,84.50800000000001,2.0,2024_21
82.322,64,3,20.93,43.379,18.013,305.0,222.0,306.0,264.0,INTERMEDIATE,32,True,Red Bull Racing,0 days 03:11:26.845000,Track Clear,11,False,perez,20.5,89.0,925.5,False,24.5,337,0.6,Lap,2024_21,84.52600000000001,3.0,2024_21
82.494,64,3,21.143,43.439,17.912,305.0,233.0,304.0,273.0,INTERMEDIATE,32,True,Haas F1 Team,0 days 03:11:30.595000,Track Clear,12,False,bearman,20.5,89.0,925.5,False,24.5,337,0.6,Lap,2024_21,84.973,7.0,2024_21
82.996,64,2,21.058,43.595,18.343,,226.0,294.0,285.0,INTERMEDIATE,32,True,Kick Sauber,0 days 03:11:34.907000,Track Clear,13,False,bottas,20.5,89.0,925.5,False,24.5,337,0.6,Lap,2024_21,85.637,9.0,2024_21
83.313,64,3,21.328,44.036,17.949,296.0,223.0,304.0,250.0,INTERMEDIATE,32,True,Aston Martin,0 days 03:11:44.743000,Track Clear,14,False,alonso,20.5,89.0,925.5,False,24.5,337,0.6,Lap,2024_21,84.697,5.0,2024_21
83.515,64,5,21.273,43.808,18.434,297.0,233.0,296.0,259.0,INTERMEDIATE,33,False,Kick Sauber,0 days 03:11:48.400000,Track Clear,15,False,zhou,20.5,89.0,925.5,False,24.5,337,0.6,Lap,2024_21,85.637,9.0,2024_21
80.99,65,2,20.581,42.614,17.795,306.0,235.0,306.0,282.0,INTERMEDIATE,33,True,Red Bull Racing,0 days 03:12:04.082000,Track Clear,1,False,max_verstappen,20.5,90.0,925.5,False,24.5,140,0.5,Lap,2024_21,84.52600000000001,3.0,2024_21
81.825,65,2,20.646,43.137,18.042,299.0,227.0,305.0,281.0,INTERMEDIATE,35,False,Alpine,0 days 03:12:18.863000,Track Clear,2,False,ocon,20.5,90.0,925.5,False,24.5,140,0.5,Lap,2024_21,84.458,1.0,2024_21
81.824,65,2,20.831,43.127,17.866,304.0,232.0,307.0,,INTERMEDIATE,33,True,Alpine,0 days 03:12:22.496000,Track Clear,3,False,gasly,20.5,90.0,925.5,False,24.5,140,0.5,Lap,2024_21,84.458,1.0,2024_21
81.851,65,3,20.969,43.162,17.72,305.0,233.0,311.0,268.0,INTERMEDIATE,36,False,Mercedes,0 days 03:12:23.372000,Track Clear,4,False,russell,20.5,90.0,925.5,False,24.5,140,0.5,Lap,2024_21,84.50800000000001,2.0,2024_21
81.752,65,3,20.867,43.025,17.86,,235.0,307.0,284.0,INTERMEDIATE,36,False,Ferrari,0 days 03:12:29.169000,Track Clear,5,False,leclerc,20.5,90.0,925.5,False,24.5,140,0.5,Lap,2024_21,85.191,8.0,2024_21
81.64,65,3,20.904,42.936,17.8,304.0,229.0,307.0,270.0,INTERMEDIATE,37,False,McLaren,0 days 03:12:31.954000,Track Clear,6,False,norris,20.5,90.0,925.5,False,24.5,140,0.5,Lap,2024_21,84.54050000000001,4.0,2024_21
81.84,65,3,20.784,43.137,17.919,303.0,228.0,308.0,277.0,INTERMEDIATE,35,False,McLaren,0 days 03:12:35.178000,Track Clear,7,False,piastri,20.5,90.0,925.5,False,24.5,140,0.5,Lap,2024_21,84.54050000000001,4.0,2024_21
81.955,65,3,20.92,43.126,17.909,302.0,229.0,305.0,268.0,INTERMEDIATE,36,False,Racing Bulls,0 days 03:12:41.734000,Track Clear,8,False,tsunoda,20.5,90.0,925.5,False,24.5,140,0.5,Lap,2024_21,84.80000000000001,6.0,2024_21
82.515,65,3,21.11,43.412,17.993,304.0,230.0,305.0,266.0,INTERMEDIATE,36,False,Racing Bulls,0 days 03:12:47.822000,Track Clear,9,False,lawson,20.5,90.0,925.5,False,24.5,140,0.5,Lap,2024_21,84.80000000000001,6.0,2024_21
82.422,65,3,21.213,43.438,17.771,,227.0,313.0,265.0,INTERMEDIATE,33,True,Mercedes,0 days 03:12:48.285000,Track Clear,10,False,hamilton,20.5,90.0,925.5,False,24.5,140,0.5,Lap,2024_21,84.50800000000001,2.0,2024_21
82.22,65,3,20.913,43.359,17.948,309.0,225.0,310.0,265.0,INTERMEDIATE,33,True,Red Bull Racing,0 days 03:12:49.167000,Track Clear,11,False,perez,20.5,90.0,925.5,False,24.5,140,0.5,Lap,2024_21,84.52600000000001,3.0,2024_21
82.981,65,3,21.092,43.807,18.082,303.0,231.0,305.0,282.0,INTERMEDIATE,33,True,Haas F1 Team,0 days 03:12:53.089000,Track Clear,12,False,bearman,20.5,90.0,925.5,False,24.5,140,0.5,Lap,2024_21,84.973,7.0,2024_21
82.903,65,2,21.331,43.345,18.227,297.0,220.0,299.0,273.0,INTERMEDIATE,33,True,Kick Sauber,0 days 03:12:57.903000,Track Clear,13,False,bottas,20.5,90.0,925.5,False,24.5,140,0.5,Lap,2024_21,85.637,9.0,2024_21
83.676,65,3,22.178,43.469,18.029,297.0,225.0,303.0,254.0,INTERMEDIATE,33,True,Aston Martin,0 days 03:13:08.056000,Track Clear,14,False,alonso,20.5,89.0,925.6,False,24.5,0,0.6,Lap,2024_21,84.697,5.0,2024_21
83.058,65,5,21.259,43.642,18.157,296.0,235.0,299.0,268.0,INTERMEDIATE,34,False,Kick Sauber,0 days 03:13:11.915000,Track Clear,15,False,zhou,20.5,89.0,925.6,False,24.5,0,0.6,Lap,2024_21,85.637,9.0,2024_21
81.111,66,2,20.787,42.539,17.785,302.0,232.0,306.0,280.0,INTERMEDIATE,34,True,Red Bull Racing,0 days 03:13:25.072000,Track Clear,1,False,max_verstappen,20.5,89.0,925.6,False,24.5,0,0.6,Lap,2024_21,84.52600000000001,3.0,2024_21
81.914,66,2,20.836,43.002,18.076,298.0,227.0,305.0,279.0,INTERMEDIATE,36,False,Alpine,0 days 03:13:40.688000,Track Clear,2,False,ocon,20.5,89.0,925.6,False,24.5,0,0.6,Lap,2024_21,84.458,1.0,2024_21
81.645,66,2,20.801,42.95,17.894,306.0,228.0,306.0,274.0,INTERMEDIATE,34,True,Alpine,0 days 03:13:44.320000,Track Clear,3,False,gasly,20.5,89.0,925.6,False,24.5,0,0.6,Lap,2024_21,84.458,1.0,2024_21
81.645,66,3,20.853,42.987,17.805,309.0,233.0,310.0,271.0,INTERMEDIATE,37,False,Mercedes,0 days 03:13:45.223000,Track Clear,4,False,russell,20.5,89.0,925.6,False,24.5,0,0.6,Lap,2024_21,84.50800000000001,2.0,2024_21
82.131,66,3,20.743,43.442,17.946,307.0,233.0,307.0,280.0,INTERMEDIATE,37,False,Ferrari,0 days 03:13:50.921000,Track Clear,5,False,leclerc,20.5,89.0,925.6,False,24.5,0,0.6,Lap,2024_21,85.191,8.0,2024_21
82.018,66,3,20.936,43.301,17.781,302.0,228.0,307.0,266.0,INTERMEDIATE,38,False,McLaren,0 days 03:13:53.594000,Track Clear,6,False,norris,20.5,89.0,925.6,False,24.5,0,0.6,Lap,2024_21,84.54050000000001,4.0,2024_21
81.884,66,3,20.864,43.215,17.805,306.0,229.0,308.0,275.0,INTERMEDIATE,36,False,McLaren,0 days 03:13:57.018000,Track Clear,7,False,piastri,20.5,89.0,925.6,False,24.5,0,0.6,Lap,2024_21,84.54050000000001,4.0,2024_21
82.159,66,3,20.894,43.399,17.866,303.0,227.0,305.0,,INTERMEDIATE,37,False,Racing Bulls,0 days 03:14:03.689000,Track Clear,8,False,tsunoda,20.5,89.0,925.5,False,24.5,0,0.7,Lap,2024_21,84.80000000000001,6.0,2024_21
82.652,66,3,21.289,43.465,17.898,303.0,231.0,305.0,,INTERMEDIATE,37,False,Racing Bulls,0 days 03:14:10.337000,Track Clear,9,False,lawson,20.5,89.0,925.5,False,24.5,0,0.7,Lap,2024_21,84.80000000000001,6.0,2024_21
82.731,66,3,21.557,43.32,17.854,302.0,232.0,312.0,274.0,INTERMEDIATE,34,True,Mercedes,0 days 03:14:10.707000,Track Clear,10,False,hamilton,20.5,89.0,925.5,False,24.5,0,0.7,Lap,2024_21,84.50800000000001,2.0,2024_21
82.978,66,3,21.055,43.973,17.95,264.0,219.0,309.0,266.0,INTERMEDIATE,34,True,Red Bull Racing,0 days 03:14:11.387000,Track Clear,11,False,perez,20.5,89.0,925.5,False,24.5,0,0.7,Lap,2024_21,84.52600000000001,3.0,2024_21
82.51,66,3,21.163,43.382,17.965,305.0,233.0,305.0,287.0,INTERMEDIATE,34,True,Haas F1 Team,0 days 03:14:16.070000,Track Clear,12,False,bearman,20.5,89.0,925.5,False,24.5,0,0.7,Lap,2024_21,84.973,7.0,2024_21
83.335,66,2,21.342,43.746,18.247,296.0,224.0,297.0,269.0,INTERMEDIATE,34,True,Kick Sauber,0 days 03:14:20.806000,Track Clear,13,False,bottas,20.5,89.0,925.5,False,24.5,0,0.7,Lap,2024_21,85.637,9.0,2024_21
83.619,66,3,21.566,43.981,18.072,296.0,215.0,305.0,244.0,INTERMEDIATE,34,True,Aston Martin,0 days 03:14:31.732000,Track Clear,14,False,alonso,20.5,89.0,925.5,False,24.5,0,0.7,Lap,2024_21,84.697,5.0,2024_21
83.126,66,5,21.177,43.81,18.139,299.0,232.0,299.0,261.0,INTERMEDIATE,35,False,Kick Sauber,0 days 03:14:34.973000,Track Clear,15,False,zhou,20.5,89.0,925.5,False,24.5,0,0.7,Lap,2024_21,85.637,9.0,2024_21
80.472,67,2,20.546,42.236,17.69,305.0,240.0,307.0,274.0,INTERMEDIATE,35,True,Red Bull Racing,0 days 03:14:46.183000,Track Clear,1,False,max_verstappen,20.5,89.0,925.5,False,24.5,0,0.7,Lap,2024_21,84.52600000000001,3.0,2024_21
82.108,67,2,20.948,43.111,18.049,299.0,229.0,304.0,270.0,INTERMEDIATE,37,False,Alpine,0 days 03:15:02.602000,Track Clear,2,False,ocon,20.5,89.0,925.5,False,24.2,223,0.0,Lap,2024_21,84.458,1.0,2024_21
81.783,67,2,20.806,43.03,17.947,305.0,232.0,306.0,276.0,INTERMEDIATE,35,True,Alpine,0 days 03:15:05.965000,Track Clear,3,False,gasly,20.5,89.0,925.5,False,24.2,223,0.0,Lap,2024_21,84.458,1.0,2024_21
81.886,67,3,20.906,43.106,17.874,,229.0,309.0,270.0,INTERMEDIATE,38,False,Mercedes,0 days 03:15:06.868000,Track Clear,4,False,russell,20.5,89.0,925.5,False,24.2,223,0.0,Lap,2024_21,84.50800000000001,2.0,2024_21
81.973,67,3,20.906,43.129,17.938,305.0,234.0,307.0,286.0,INTERMEDIATE,38,False,Ferrari,0 days 03:15:13.052000,Track Clear,5,False,leclerc,20.5,89.0,925.5,False,24.2,223,0.0,Lap,2024_21,85.191,8.0,2024_21
81.517,67,3,20.906,42.809,17.802,303.0,234.0,308.0,267.0,INTERMEDIATE,39,False,McLaren,0 days 03:15:15.612000,Track Clear,6,False,norris,20.5,89.0,925.5,False,24.2,223,0.0,Lap,2024_21,84.54050000000001,4.0,2024_21
82.286,67,3,21.336,43.159,17.791,305.0,225.0,308.0,276.0,INTERMEDIATE,37,False,McLaren,0 days 03:15:18.902000,Track Clear,7,False,piastri,20.5,89.0,925.5,False,24.2,223,0.0,Lap,2024_21,84.54050000000001,4.0,2024_21
81.894,67,3,20.858,43.163,17.873,,228.0,304.0,269.0,INTERMEDIATE,38,False,Racing Bulls,0 days 03:15:25.848000,Track Clear,8,False,tsunoda,20.5,89.0,925.5,False,24.2,223,0.0,Lap,2024_21,84.80000000000001,6.0,2024_21
82.123,67,3,21.041,43.162,17.92,304.0,235.0,304.0,268.0,INTERMEDIATE,38,False,Racing Bulls,0 days 03:15:32.989000,Track Clear,9,False,lawson,20.5,89.0,925.5,False,24.2,223,0.0,Lap,2024_21,84.80000000000001,6.0,2024_21
82.614,67,3,20.953,43.359,18.302,311.0,228.0,308.0,286.0,INTERMEDIATE,35,True,Mercedes,0 days 03:15:33.438000,Track Clear,10,False,hamilton,20.5,89.0,925.5,False,24.2,223,0.0,Lap,2024_21,84.50800000000001,2.0,2024_21
82.143,67,3,20.975,43.115,18.053,307.0,229.0,313.0,268.0,INTERMEDIATE,35,True,Red Bull Racing,0 days 03:15:34.365000,Track Clear,11,False,perez,20.5,89.0,925.5,False,24.2,223,0.0,Lap,2024_21,84.52600000000001,3.0,2024_21
82.533,67,3,21.159,43.343,18.031,303.0,231.0,303.0,285.0,INTERMEDIATE,35,True,Haas F1 Team,0 days 03:15:38.580000,Track Clear,12,False,bearman,20.5,89.0,925.5,False,24.2,223,0.0,Lap,2024_21,84.973,7.0,2024_21
82.877,67,2,21.185,43.527,18.165,295.0,227.0,297.0,280.0,INTERMEDIATE,35,True,Kick Sauber,0 days 03:15:44.141000,Track Clear,13,False,bottas,20.5,89.0,925.5,False,24.2,223,0.0,Lap,2024_21,85.637,9.0,2024_21
84.475,67,3,21.744,44.283,18.448,291.0,214.0,303.0,252.0,INTERMEDIATE,35,True,Aston Martin,0 days 03:15:55.351000,Track Clear,14,False,alonso,20.5,89.0,925.5,False,24.2,223,0.0,Lap,2024_21,84.697,5.0,2024_21
83.991,67,5,21.638,44.145,18.208,298.0,233.0,299.0,266.0,INTERMEDIATE,36,False,Kick Sauber,0 days 03:15:58.099000,Track Clear,15,False,zhou,20.5,89.0,925.5,False,24.2,223,0.0,Lap,2024_21,85.637,9.0,2024_21
81.554,68,2,20.852,42.92,17.782,,235.0,306.0,265.0,INTERMEDIATE,36,True,Red Bull Racing,0 days 03:16:06.655000,Track Clear,1,False,max_verstappen,20.5,89.0,925.5,False,24.1,176,1.1,Lap,2024_21,84.52600000000001,3.0,2024_21
81.964,68,2,20.765,43.067,18.132,298.0,230.0,303.0,275.0,INTERMEDIATE,38,False,Alpine,0 days 03:16:24.710000,Track Clear,2,False,ocon,20.5,89.0,925.5,False,24.1,176,1.1,Lap,2024_21,84.458,1.0,2024_21
81.877,68,2,20.789,43.089,17.999,,226.0,306.0,277.0,INTERMEDIATE,36,True,Alpine,0 days 03:16:27.748000,Track Clear,3,False,gasly,20.5,89.0,925.5,False,24.1,176,1.1,Lap,2024_21,84.458,1.0,2024_21
81.803,68,3,20.812,43.144,17.847,,230.0,309.0,271.0,INTERMEDIATE,39,False,Mercedes,0 days 03:16:28.754000,Track Clear,4,False,russell,20.5,89.0,925.5,False,24.1,176,1.1,Lap,2024_21,84.50800000000001,2.0,2024_21
81.664,68,3,20.703,43.131,17.83,,236.0,307.0,290.0,INTERMEDIATE,39,False,Ferrari,0 days 03:16:35.025000,Track Clear,5,False,leclerc,20.5,89.0,925.5,False,24.1,176,1.1,Lap,2024_21,85.191,8.0,2024_21
81.886,68,3,20.991,43.049,17.846,304.0,235.0,307.0,276.0,INTERMEDIATE,40,False,McLaren,0 days 03:16:37.129000,Track Clear,6,False,norris,20.5,89.0,925.5,False,24.1,176,1.1,Lap,2024_21,84.54050000000001,4.0,2024_21
81.719,68,3,20.873,42.918,17.928,306.0,224.0,307.0,270.0,INTERMEDIATE,38,False,McLaren,0 days 03:16:41.188000,Track Clear,7,False,piastri,20.5,89.0,925.5,False,24.1,176,1.1,Lap,2024_21,84.54050000000001,4.0,2024_21
81.979,68,3,20.836,43.197,17.946,,225.0,304.0,273.0,INTERMEDIATE,39,False,Racing Bulls,0 days 03:16:47.742000,Track Clear,8,False,tsunoda,20.5,89.0,925.5,False,24.1,176,1.1,Lap,2024_21,84.80000000000001,6.0,2024_21
82.291,68,3,21.123,43.247,17.921,302.0,234.0,304.0,266.0,INTERMEDIATE,39,False,Racing Bulls,0 days 03:16:55.112000,Track Clear,9,False,lawson,20.5,89.0,925.5,False,24.1,176,1.1,Lap,2024_21,84.80000000000001,6.0,2024_21
82.104,68,3,21.202,42.957,17.945,306.0,229.0,308.0,277.0,INTERMEDIATE,36,True,Mercedes,0 days 03:16:56.052000,Track Clear,10,False,hamilton,20.5,89.0,925.5,False,24.1,176,1.1,Lap,2024_21,84.50800000000001,2.0,2024_21
82.263,68,3,21.119,43.22,17.924,304.0,235.0,311.0,285.0,INTERMEDIATE,36,True,Red Bull Racing,0 days 03:16:56.508000,Track Clear,11,False,perez,20.5,89.0,925.5,False,24.1,176,1.1,Lap,2024_21,84.52600000000001,3.0,2024_21
82.67,68,3,21.031,43.395,18.244,304.0,234.0,304.0,282.0,INTERMEDIATE,36,True,Haas F1 Team,0 days 03:17:01.113000,Track Clear,12,False,bearman,20.5,89.0,925.4,False,24.0,176,1.8,Lap,2024_21,84.973,7.0,2024_21
83.034,68,2,21.119,43.599,18.316,,226.0,296.0,273.0,INTERMEDIATE,36,True,Kick Sauber,0 days 03:17:07.018000,Track Clear,13,False,bottas,20.5,89.0,925.4,False,24.0,176,1.8,Lap,2024_21,85.637,9.0,2024_21
83.717,68,3,21.707,43.779,18.231,292.0,217.0,303.0,255.0,INTERMEDIATE,36,True,Aston Martin,0 days 03:17:19.826000,Track Clear,14,False,alonso,20.5,89.0,925.4,False,24.0,176,1.8,Lap,2024_21,84.697,5.0,2024_21
83.33,68,5,21.171,43.844,18.315,299.0,230.0,298.0,274.0,INTERMEDIATE,37,False,Kick Sauber,0 days 03:17:22.090000,Track Clear,15,False,zhou,20.5,89.0,925.4,False,24.0,176,1.8,Lap,2024_21,85.637,9.0,2024_21
81.322,69,2,20.643,42.806,17.873,306.0,234.0,304.0,280.0,INTERMEDIATE,37,True,Red Bull Racing,0 days 03:17:28.209000,Track Clear,1,False,max_verstappen,20.5,89.0,925.4,False,24.0,176,1.8,Lap,2024_21,84.52600000000001,3.0,2024_21
82.264,69,2,20.895,43.266,18.103,,219.0,304.0,269.0,INTERMEDIATE,39,False,Alpine,0 days 03:17:46.674000,Track Clear,2,False,ocon,20.5,89.0,925.4,False,24.0,176,1.8,Lap,2024_21,84.458,1.0,2024_21
82.436,69,2,21.048,43.408,17.98,306.0,221.0,306.0,278.0,INTERMEDIATE,37,True,Alpine,0 days 03:17:49.625000,Track Clear,3,False,gasly,20.5,89.0,925.4,False,24.0,176,1.8,Lap,2024_21,84.458,1.0,2024_21
82.189,69,3,20.895,43.364,17.93,306.0,230.0,311.0,264.0,INTERMEDIATE,40,False,Mercedes,0 days 03:17:50.557000,Track Clear,4,False,russell,20.5,89.0,925.4,False,24.0,176,1.8,Lap,2024_21,84.50800000000001,2.0,2024_21
82.994,69,3,21.186,43.692,18.116,303.0,228.0,305.0,293.0,INTERMEDIATE,40,False,Ferrari,0 days 03:17:56.689000,Track Clear,5,False,leclerc,20.5,89.0,925.4,False,24.0,176,1.8,Lap,2024_21,85.191,8.0,2024_21
81.819,69,3,20.755,43.262,17.802,305.0,231.0,306.0,287.0,INTERMEDIATE,41,False,McLaren,0 days 03:17:59.015000,Track Clear,6,False,norris,20.5,89.0,925.4,False,24.0,176,1.8,Lap,2024_21,84.54050000000001,4.0,2024_21
81.532,69,3,20.866,42.891,17.775,,228.0,309.0,265.0,INTERMEDIATE,39,False,McLaren,0 days 03:18:02.907000,Track Clear,7,False,piastri,20.5,89.0,925.4,False,24.0,0,0.7,Lap,2024_21,84.54050000000001,4.0,2024_21
81.828,69,3,20.756,43.12,17.952,302.0,227.0,304.0,266.0,INTERMEDIATE,40,False,Racing Bulls,0 days 03:18:09.721000,Track Clear,8,False,tsunoda,20.5,89.0,925.4,False,24.0,0,0.7,Lap,2024_21,84.80000000000001,6.0,2024_21
82.533,69,3,20.99,43.462,18.081,303.0,228.0,305.0,271.0,INTERMEDIATE,40,False,Racing Bulls,0 days 03:18:17.403000,Track Clear,9,False,lawson,20.5,89.0,925.4,False,24.0,0,0.7,Lap,2024_21,84.80000000000001,6.0,2024_21
82.041,69,3,20.792,43.366,17.883,308.0,224.0,313.0,,INTERMEDIATE,37,True,Mercedes,0 days 03:18:18.156000,Track Clear,10,False,hamilton,20.5,89.0,925.4,False,24.0,0,0.7,Lap,2024_21,84.50800000000001,2.0,2024_21
82.222,69,3,20.858,43.23,18.134,306.0,223.0,308.0,286.0,INTERMEDIATE,37,True,Red Bull Racing,0 days 03:18:18.771000,Track Clear,11,False,perez,20.5,89.0,925.4,False,24.0,0,0.7,Lap,2024_21,84.52600000000001,3.0,2024_21
82.839,69,3,20.964,43.732,18.143,305.0,231.0,306.0,283.0,INTERMEDIATE,37,True,Haas F1 Team,0 days 03:18:23.783000,Track Clear,12,False,bearman,20.5,89.0,925.4,False,24.0,0,0.7,Lap,2024_21,84.973,7.0,2024_21
83.003,69,2,21.103,43.653,18.247,298.0,224.0,298.0,277.0,INTERMEDIATE,37,True,Kick Sauber,0 days 03:18:30.052000,Track Clear,13,False,bottas,20.5,89.0,925.4,False,24.0,0,0.7,Lap,2024_21,85.637,9.0,2024_21
83.919,69,3,21.77,43.943,18.206,274.0,212.0,281.0,234.0,INTERMEDIATE,37,True,Aston Martin,0 days 03:18:43.543000,Track Clear,14,False,alonso,20.5,89.0,925.4,False,24.0,0,0.7,Lap,2024_21,84.697,5.0,2024_21
83.701,69,5,21.466,44.011,18.224,300.0,234.0,300.0,262.0,INTERMEDIATE,38,False,Kick Sauber,0 days 03:18:45.420000,Track Clear,15,False,zhou,20.5,89.0,925.4,False,24.0,0,0.7,Lap,2024_21,85.637,9.0,2024_21
96.278,8,4,34.845,20.542,40.891,252.0,289.0,277.0,276.0,INTERMEDIATE,8,False,McLaren,0 days 01:28:06.534000,Track Clear,1,False,norris,15.9,76.0,1010.0,False,19.1,288,1.9,Lap,2025_1,90.816,1.0,2025_1
96.83,8,4,35.249,20.145,41.436,257.0,297.0,278.0,245.0,INTERMEDIATE,8,False,Red Bull Racing,0 days 01:28:06.936000,Track Clear,2,False,max_verstappen,15.9,76.0,1010.0,False,19.1,288,1.9,Lap,2025_1,92.874,3.0,2025_1
97.251,8,4,35.144,20.025,42.082,256.0,301.0,279.0,257.0,INTERMEDIATE,8,False,McLaren,0 days 01:28:07.571000,Track Clear,3,False,piastri,15.9,76.0,1010.0,False,19.1,288,1.9,Lap,2025_1,90.816,1.0,2025_1
97.824,8,4,35.549,20.248,42.027,256.0,303.0,280.0,251.0,INTERMEDIATE,8,False,Mercedes,0 days 01:28:08.187000,Track Clear,4,False,russell,15.9,76.0,1010.0,False,19.1,288,1.9,Lap,2025_1,92.312,2.0,2025_1
98.19,8,4,35.371,20.374,42.445,252.0,297.0,278.0,243.0,INTERMEDIATE,8,False,Ferrari,0 days 01:28:08.924000,Track Clear,5,False,leclerc,15.9,76.0,1010.0,False,19.1,288,1.9,Lap,2025_1,92.8955,4.0,2025_1
98.464,8,4,35.395,20.314,42.755,256.0,306.0,277.0,227.0,INTERMEDIATE,8,False,Racing Bulls,0 days 01:28:09.854000,Track Clear,6,False,tsunoda,15.9,76.0,1010.0,False,19.1,288,1.9,Lap,2025_1,93.35849999999999,8.0,2025_1
98.281,8,4,35.515,20.233,42.533,250.0,308.0,285.0,,INTERMEDIATE,6,False,Williams,0 days 01:28:10.316000,Track Clear,7,False,albon,15.9,76.0,1010.0,False,19.1,288,1.9,Lap,2025_1,93.088,6.0,2025_1
98.311,8,4,35.572,20.255,42.484,249.0,301.0,279.0,230.0,INTERMEDIATE,8,False,Ferrari,0 days 01:28:10.984000,Track Clear,8,False,hamilton,15.9,76.0,1010.0,False,19.1,288,1.9,Lap,2025_1,92.8955,4.0,2025_1
98.441,8,4,35.761,20.439,42.241,252.0,303.0,277.0,232.0,INTERMEDIATE,8,False,Alpine,0 days 01:28:11.560000,Track Clear,9,False,gasly,15.9,76.0,1010.0,False,19.1,288,1.9,Lap,2025_1,93.124,7.0,2025_1
98.354,8,4,35.634,20.573,42.147,253.0,300.0,278.0,225.0,INTERMEDIATE,8,False,Aston Martin,0 days 01:28:12.497000,Track Clear,10,False,alonso,15.9,76.0,1010.0,False,19.1,288,1.9,Lap,2025_1,92.966,5.0,2025_1
98.664,8,4,36.07,20.699,41.895,253.0,298.0,277.0,233.0,INTERMEDIATE,4,True,Aston Martin,0 days 01:28:14.436000,Track Clear,11,False,stroll,15.9,76.0,1010.0,False,19.1,288,1.9,Lap,2025_1,92.966,5.0,2025_1
98.959,8,4,36.183,20.258,42.518,254.0,289.0,279.0,230.0,INTERMEDIATE,8,False,Kick Sauber,0 days 01:28:14.856000,Track Clear,12,False,hulkenberg,15.9,76.0,1010.0,False,19.1,288,1.9,Lap,2025_1,94.102,9.0,2025_1
98.729,8,4,35.912,20.482,42.335,254.0,309.0,280.0,240.0,INTERMEDIATE,8,False,Mercedes,0 days 01:28:15.783000,Track Clear,13,False,antonelli,15.9,76.0,1010.0,False,19.1,288,1.9,Lap,2025_1,92.312,2.0,2025_1
100.265,8,4,36.126,20.871,43.268,250.0,302.0,277.0,242.0,INTERMEDIATE,8,False,Kick Sauber,0 days 01:28:17.025000,Track Clear,14,False,bortoleto,15.9,76.0,1010.0,False,19.1,288,1.9,Lap,2025_1,94.102,9.0,2025_1
100.522,8,4,36.515,20.724,43.283,243.0,296.0,277.0,217.0,INTERMEDIATE,4,True,Haas F1 Team,0 days 01:28:18.075000,Track Clear,15,False,ocon,15.9,76.0,1010.0,False,19.1,288,1.9,Lap,2025_1,94.51599999999999,10.0,2025_1
100.582,8,4,36.302,20.823,43.457,249.0,298.0,276.0,230.0,INTERMEDIATE,7,False,Red Bull Racing,0 days 01:28:19.538000,Track Clear,16,False,lawson,15.9,76.0,1010.0,False,19.1,288,1.9,Lap,2025_1,92.874,3.0,2025_1
102.054,8,4,36.361,21.757,43.936,244.0,289.0,274.0,218.0,INTERMEDIATE,4,False,Haas F1 Team,0 days 01:28:20.605000,Track Clear,17,False,bearman,15.9,76.0,1010.0,False,19.1,288,1.9,Lap,2025_1,94.51599999999999,10.0,2025_1
94.638,9,4,34.182,19.932,40.524,255.0,290.0,279.0,281.0,INTERMEDIATE,9,False,McLaren,0 days 01:29:42.812000,Track Clear,1,False,norris,15.9,74.0,1010.1,False,19.1,282,4.1,Lap,2025_1,90.816,1.0,2025_1
94.315,9,4,33.85,19.608,40.857,,301.0,279.0,258.0,INTERMEDIATE,9,False,Red Bull Racing,0 days 01:29:43.766000,Track Clear,2,False,max_verstappen,15.9,74.0,1010.1,False,19.1,282,4.1,Lap,2025_1,92.874,3.0,2025_1
94.578,9,4,34.085,19.805,40.688,,293.0,281.0,273.0,INTERMEDIATE,9,False,McLaren,0 days 01:29:44.822000,Track Clear,3,False,piastri,15.9,74.0,1010.1,False,19.1,282,4.1,Lap,2025_1,90.816,1.0,2025_1
94.873,9,4,34.074,19.847,40.952,259.0,302.0,281.0,269.0,INTERMEDIATE,9,False,Mercedes,0 days 01:29:46.011000,Track Clear,4,False,russell,15.9,74.0,1010.1,False,19.1,282,4.1,Lap,2025_1,92.312,2.0,2025_1
94.933,9,4,33.915,19.833,41.185,257.0,301.0,279.0,263.0,INTERMEDIATE,9,False,Ferrari,0 days 01:29:47.114000,Track Clear,5,False,leclerc,15.9,74.0,1010.1,False,19.1,282,4.1,Lap,2025_1,92.8955,4.0,2025_1
95.409,9,4,34.269,19.974,41.166,258.0,304.0,279.0,254.0,INTERMEDIATE,9,False,Racing Bulls,0 days 01:29:48.318000,Track Clear,6,False,tsunoda,15.9,74.0,1010.1,False,19.1,282,4.1,Lap,2025_1,93.35849999999999,8.0,2025_1
96.3,9,4,34.639,19.865,41.796,254.0,308.0,283.0,234.0,INTERMEDIATE,7,False,Williams,0 days 01:29:48.597000,Track Clear,7,False,albon,15.9,74.0,1010.1,False,19.1,282,4.1,Lap,2025_1,93.088,6.0,2025_1
96.242,9,4,34.554,19.882,41.806,257.0,305.0,281.0,240.0,INTERMEDIATE,9,False,Ferrari,0 days 01:29:49.295000,Track Clear,8,False,hamilton,15.9,74.0,1010.1,False,19.1,282,4.1,Lap,2025_1,92.8955,4.0,2025_1
96.062,9,4,34.775,19.939,41.348,,300.0,280.0,241.0,INTERMEDIATE,9,False,Alpine,0 days 01:29:50.001000,Track Clear,9,False,gasly,15.9,74.0,1010.1,False,19.1,282,4.1,Lap,2025_1,93.124,7.0,2025_1
96.267,9,4,34.756,20.098,41.413,252.0,302.0,279.0,232.0,INTERMEDIATE,9,False,Aston Martin,0 days 01:29:50.851000,Track Clear,10,False,alonso,15.9,74.0,1010.1,False,19.1,282,4.1,Lap,2025_1,92.966,5.0,2025_1
96.253,9,4,34.815,20.356,41.082,251.0,293.0,279.0,251.0,INTERMEDIATE,5,True,Aston Martin,0 days 01:29:53.100000,Track Clear,11,False,stroll,15.9,74.0,1010.1,False,19.1,282,4.1,Lap,2025_1,92.966,5.0,2025_1
96.51,9,4,34.846,20.162,41.502,251.0,300.0,280.0,242.0,INTERMEDIATE,9,False,Kick Sauber,0 days 01:29:53.815000,Track Clear,12,False,hulkenberg,15.9,74.0,1010.1,False,19.1,282,4.1,Lap,2025_1,94.102,9.0,2025_1
96.312,9,4,34.903,19.945,41.464,257.0,307.0,282.0,258.0,INTERMEDIATE,9,False,Mercedes,0 days 01:29:54.512000,Track Clear,13,False,antonelli,15.9,74.0,1010.1,False,19.1,282,4.1,Lap,2025_1,92.312,2.0,2025_1
96.663,9,4,34.582,20.079,42.002,258.0,300.0,278.0,264.0,INTERMEDIATE,9,False,Kick Sauber,0 days 01:29:57.290000,Track Clear,14,False,bortoleto,15.9,74.0,1010.1,False,19.1,282,4.1,Lap,2025_1,94.102,9.0,2025_1
98.049,9,4,35.372,20.303,42.374,245.0,287.0,278.0,229.0,INTERMEDIATE,5,True,Haas F1 Team,0 days 01:29:58.597000,Track Clear,15,False,ocon,15.9,74.0,1010.1,False,19.1,282,4.1,Lap,2025_1,94.51599999999999,10.0,2025_1
98.439,9,4,35.232,20.72,42.487,256.0,298.0,277.0,235.0,INTERMEDIATE,8,False,Red Bull Racing,0 days 01:30:00.120000,Track Clear,16,False,lawson,15.9,74.0,1010.1,False,19.1,282,4.1,Lap,2025_1,92.874,3.0,2025_1
98.564,9,4,35.336,20.785,42.443,248.0,295.0,276.0,223.0,INTERMEDIATE,5,False,Haas F1 Team,0 days 01:30:02.659000,Track Clear,17,False,bearman,15.9,74.0,1010.1,False,19.1,282,4.1,Lap,2025_1,94.51599999999999,10.0,2025_1
92.13,10,4,32.775,19.521,39.834,258.0,289.0,279.0,280.0,INTERMEDIATE,10,False,McLaren,0 days 01:31:17.450000,Track Clear,1,False,norris,15.9,76.0,1010.0,False,19.1,253,2.5,Lap,2025_1,90.816,1.0,2025_1
92.65,10,4,33.117,19.414,40.119,259.0,302.0,278.0,263.0,INTERMEDIATE,10,False,Red Bull Racing,0 days 01:31:18.081000,Track Clear,2,False,max_verstappen,15.9,76.0,1010.0,False,19.1,253,2.5,Lap,2025_1,92.874,3.0,2025_1
92.672,10,4,33.169,19.497,40.006,258.0,294.0,282.0,280.0,INTERMEDIATE,10,False,McLaren,0 days 01:31:19.400000,Track Clear,3,False,piastri,15.9,76.0,1010.0,False,19.1,253,2.5,Lap,2025_1,90.816,1.0,2025_1
93.587,10,4,33.442,19.662,40.483,261.0,300.0,281.0,276.0,INTERMEDIATE,10,False,Mercedes,0 days 01:31:20.884000,Track Clear,4,False,russell,15.9,76.0,1010.0,False,19.1,253,2.5,Lap,2025_1,92.312,2.0,2025_1
93.539,10,4,33.253,19.497,40.789,,302.0,280.0,260.0,INTERMEDIATE,10,False,Ferrari,0 days 01:31:22.047000,Track Clear,5,False,leclerc,15.9,76.0,1010.0,False,19.1,253,2.5,Lap,2025_1,92.8955,4.0,2025_1
94.433,10,4,33.907,19.654,40.872,,303.0,279.0,253.0,INTERMEDIATE,10,False,Racing Bulls,0 days 01:31:23.727000,Track Clear,6,False,tsunoda,15.9,76.0,1010.0,False,19.1,253,2.5,Lap,2025_1,93.35849999999999,8.0,2025_1
94.494,10,4,33.776,19.742,40.976,261.0,306.0,284.0,,INTERMEDIATE,8,False,Williams,0 days 01:31:24.897000,Track Clear,7,False,albon,15.9,76.0,1010.0,False,19.1,253,2.5,Lap,2025_1,93.088,6.0,2025_1
95.107,10,4,33.954,19.89,41.263,258.0,297.0,280.0,246.0,INTERMEDIATE,10,False,Ferrari,0 days 01:31:25.537000,Track Clear,8,False,hamilton,15.9,76.0,1010.0,False,19.1,253,2.5,Lap,2025_1,92.8955,4.0,2025_1
95.527,10,4,34.369,19.784,41.374,,298.0,277.0,255.0,INTERMEDIATE,10,False,Alpine,0 days 01:31:26.063000,Track Clear,9,False,gasly,15.9,76.0,1010.0,False,19.1,253,2.5,Lap,2025_1,93.124,7.0,2025_1
95.569,10,4,34.31,19.907,41.352,256.0,302.0,280.0,254.0,INTERMEDIATE,10,False,Aston Martin,0 days 01:31:27.118000,Track Clear,10,False,alonso,15.9,76.0,1010.0,False,19.1,253,2.5,Lap,2025_1,92.966,5.0,2025_1
95.14,10,4,34.318,20.098,40.724,256.0,300.0,279.0,264.0,INTERMEDIATE,6,True,Aston Martin,0 days 01:31:29.353000,Track Clear,11,False,stroll,15.9,76.0,1010.0,False,19.1,253,2.5,Lap,2025_1,92.966,5.0,2025_1
95.044,10,4,34.233,19.802,41.009,254.0,303.0,281.0,259.0,INTERMEDIATE,10,False,Kick Sauber,0 days 01:31:30.325000,Track Clear,12,False,hulkenberg,15.9,76.0,1010.0,False,19.1,253,2.5,Lap,2025_1,94.102,9.0,2025_1
95.27,10,4,34.187,19.577,41.506,260.0,312.0,282.0,271.0,INTERMEDIATE,10,False,Mercedes,0 days 01:31:30.824000,Track Clear,13,False,antonelli,15.9,76.0,1010.0,False,19.1,253,2.5,Lap,2025_1,92.312,2.0,2025_1
95.625,10,4,33.964,20.03,41.631,257.0,298.0,278.0,274.0,INTERMEDIATE,10,False,Kick Sauber,0 days 01:31:33.953000,Track Clear,14,False,bortoleto,15.9,74.0,1010.1,False,19.1,239,4.3,Lap,2025_1,94.102,9.0,2025_1
96.474,10,4,34.541,20.181,41.752,254.0,294.0,278.0,246.0,INTERMEDIATE,6,True,Haas F1 Team,0 days 01:31:36.646000,Track Clear,15,False,ocon,15.9,74.0,1010.1,False,19.1,239,4.3,Lap,2025_1,94.51599999999999,10.0,2025_1
96.614,10,4,34.497,20.047,42.07,258.0,298.0,277.0,276.0,INTERMEDIATE,9,False,Red Bull Racing,0 days 01:31:38.559000,Track Clear,16,False,lawson,15.9,74.0,1010.1,False,19.1,239,4.3,Lap,2025_1,92.874,3.0,2025_1
96.411,10,4,34.465,20.346,41.6,251.0,295.0,277.0,253.0,INTERMEDIATE,6,False,Haas F1 Team,0 days 01:31:41.223000,Track Clear,17,False,bearman,15.9,74.0,1010.1,False,19.1,239,4.3,Lap,2025_1,94.51599999999999,10.0,2025_1
92.189,11,4,32.971,19.542,39.676,,291.0,278.0,278.0,INTERMEDIATE,11,False,McLaren,0 days 01:32:49.580000,Track Clear,1,False,norris,16.0,74.0,1010.2,False,19.1,259,3.6,Lap,2025_1,90.816,1.0,2025_1
92.453,11,4,33.017,19.392,40.044,,301.0,276.0,272.0,INTERMEDIATE,11,False,Red Bull Racing,0 days 01:32:50.731000,Track Clear,2,False,max_verstappen,16.0,74.0,1010.2,False,19.1,259,3.6,Lap,2025_1,92.874,3.0,2025_1
91.959,11,4,32.814,19.223,39.922,264.0,297.0,281.0,271.0,INTERMEDIATE,11,False,McLaren,0 days 01:32:52.072000,Track Clear,3,False,piastri,16.0,74.0,1010.2,False,19.1,259,3.6,Lap,2025_1,90.816,1.0,2025_1
93.347,11,4,33.297,19.554,40.496,263.0,299.0,281.0,281.0,INTERMEDIATE,11,False,Mercedes,0 days 01:32:54.471000,Track Clear,4,False,russell,16.0,74.0,1010.2,False,19.1,259,3.6,Lap,2025_1,92.312,2.0,2025_1
94.251,11,4,33.495,19.791,40.965,259.0,297.0,278.0,263.0,INTERMEDIATE,11,False,Ferrari,0 days 01:32:55.586000,Track Clear,5,False,leclerc,16.0,74.0,1010.2,False,19.1,259,3.6,Lap,2025_1,92.8955,4.0,2025_1
94.136,11,4,33.605,19.643,40.888,262.0,303.0,278.0,257.0,INTERMEDIATE,11,False,Racing Bulls,0 days 01:32:58.160000,Track Clear,6,False,tsunoda,16.0,74.0,1010.2,False,19.1,259,3.6,Lap,2025_1,93.35849999999999,8.0,2025_1
94.206,11,4,33.54,19.704,40.962,262.0,306.0,283.0,252.0,INTERMEDIATE,9,False,Williams,0 days 01:32:59.391000,Track Clear,7,False,albon,16.0,74.0,1010.2,False,19.1,259,3.6,Lap,2025_1,93.088,6.0,2025_1
94.299,11,4,33.496,19.828,40.975,262.0,297.0,278.0,258.0,INTERMEDIATE,11,False,Ferrari,0 days 01:33:00.644000,Track Clear,8,False,hamilton,16.0,74.0,1010.2,False,19.1,259,3.6,Lap,2025_1,92.8955,4.0,2025_1
94.702,11,4,33.715,19.771,41.216,,293.0,279.0,261.0,INTERMEDIATE,11,False,Alpine,0 days 01:33:01.590000,Track Clear,9,False,gasly,16.0,74.0,1010.2,False,19.1,259,3.6,Lap,2025_1,93.124,7.0,2025_1
95.3,11,4,34.107,19.76,41.433,257.0,298.0,279.0,244.0,INTERMEDIATE,11,False,Aston Martin,0 days 01:33:02.687000,Track Clear,10,False,alonso,16.0,74.0,1010.2,False,19.1,259,3.6,Lap,2025_1,92.966,5.0,2025_1
94.972,11,4,34.256,19.813,40.903,257.0,299.0,281.0,266.0,INTERMEDIATE,7,True,Aston Martin,0 days 01:33:04.493000,Track Clear,11,False,stroll,16.0,74.0,1010.2,False,19.1,259,3.6,Lap,2025_1,92.966,5.0,2025_1
94.99,11,4,34.126,19.628,41.236,257.0,307.0,282.0,265.0,INTERMEDIATE,11,False,Kick Sauber,0 days 01:33:05.369000,Track Clear,12,False,hulkenberg,16.0,74.0,1010.2,False,19.1,259,3.6,Lap,2025_1,94.102,9.0,2025_1
94.678,11,4,33.964,19.627,41.087,259.0,310.0,281.0,264.0,INTERMEDIATE,11,False,Mercedes,0 days 01:33:06.094000,Track Clear,13,False,antonelli,16.0,74.0,1010.2,False,19.1,259,3.6,Lap,2025_1,92.312,2.0,2025_1
94.655,11,4,33.762,19.755,41.138,256.0,297.0,281.0,281.0,INTERMEDIATE,11,False,Kick Sauber,0 days 01:33:09.578000,Track Clear,14,False,bortoleto,16.0,74.0,1010.2,False,19.1,259,3.6,Lap,2025_1,94.102,9.0,2025_1
95.696,11,4,34.533,19.996,41.167,253.0,294.0,279.0,243.0,INTERMEDIATE,7,True,Haas F1 Team,0 days 01:33:13.120000,Track Clear,15,False,ocon,16.0,74.0,1010.2,False,19.1,259,3.6,Lap,2025_1,94.51599999999999,10.0,2025_1
95.174,11,4,33.498,20.106,41.57,262.0,301.0,280.0,269.0,INTERMEDIATE,10,False,Red Bull Racing,0 days 01:33:15.173000,Track Clear,16,False,lawson,16.0,74.0,1010.2,False,19.1,259,3.6,Lap,2025_1,92.874,3.0,2025_1
95.416,11,4,34.048,20.123,41.245,255.0,294.0,279.0,250.0,INTERMEDIATE,7,False,Haas F1 Team,0 days 01:33:17.634000,Track Clear,17,False,bearman,16.0,74.0,1010.2,False,19.1,259,3.6,Lap,2025_1,94.51599999999999,10.0,2025_1
91.778,12,4,33.041,19.428,39.309,,289.0,280.0,284.0,INTERMEDIATE,12,False,McLaren,0 days 01:34:21.769000,Track Clear,1,False,norris,16.0,75.0,1010.1,False,19.3,217,2.6,Lap,2025_1,90.816,1.0,2025_1
91.591,12,4,32.767,19.302,39.522,263.0,303.0,279.0,274.0,INTERMEDIATE,12,False,Red Bull Racing,0 days 01:34:23.184000,Track Clear,2,False,max_verstappen,16.0,75.0,1010.1,False,19.3,217,2.6,Lap,2025_1,92.874,3.0,2025_1
91.29,12,4,32.66,18.929,39.701,262.0,315.0,294.0,274.0,INTERMEDIATE,12,False,McLaren,0 days 01:34:24.031000,Track Clear,3,False,piastri,16.0,75.0,1010.1,False,19.3,217,2.6,Lap,2025_1,90.816,1.0,2025_1
92.803,12,4,33.269,19.534,40.0,,301.0,283.0,278.0,INTERMEDIATE,12,False,Mercedes,0 days 01:34:27.818000,Track Clear,4,False,russell,16.0,75.0,1010.1,False,19.3,217,2.6,Lap,2025_1,92.312,2.0,2025_1
93.536,12,4,33.168,19.953,40.415,257.0,295.0,279.0,268.0,INTERMEDIATE,12,False,Ferrari,0 days 01:34:29.837000,Track Clear,5,False,leclerc,16.0,75.0,1010.1,False,19.3,217,2.6,Lap,2025_1,92.8955,4.0,2025_1
93.273,12,4,33.212,19.544,40.517,263.0,305.0,281.0,263.0,INTERMEDIATE,12,False,Racing Bulls,0 days 01:34:32.296000,Track Clear,6,False,tsunoda,16.0,75.0,1010.1,False,19.3,217,2.6,Lap,2025_1,93.35849999999999,8.0,2025_1
93.713,12,4,33.608,19.618,40.487,260.0,304.0,286.0,255.0,INTERMEDIATE,10,False,Williams,0 days 01:34:33.597000,Track Clear,7,False,albon,16.0,75.0,1010.1,False,19.3,217,2.6,Lap,2025_1,93.088,6.0,2025_1
93.255,12,4,33.41,19.708,40.137,,304.0,291.0,266.0,INTERMEDIATE,12,False,Ferrari,0 days 01:34:34.943000,Track Clear,8,False,hamilton,16.0,75.0,1010.1,False,19.3,217,2.6,Lap,2025_1,92.8955,4.0,2025_1
94.227,12,4,33.48,19.64,41.107,254.0,296.0,280.0,262.0,INTERMEDIATE,12,False,Alpine,0 days 01:34:36.292000,Track Clear,9,False,gasly,15.9,74.0,1010.0,False,19.3,240,3.1,Lap,2025_1,93.124,7.0,2025_1
94.076,12,4,33.625,19.675,40.776,259.0,296.0,282.0,263.0,INTERMEDIATE,12,False,Aston Martin,0 days 01:34:37.987000,Track Clear,10,False,alonso,15.9,74.0,1010.0,False,19.3,240,3.1,Lap,2025_1,92.966,5.0,2025_1
94.426,12,4,34.054,19.952,40.42,258.0,298.0,282.0,278.0,INTERMEDIATE,8,True,Aston Martin,0 days 01:34:39.465000,Track Clear,11,False,stroll,15.9,74.0,1010.0,False,19.3,240,3.1,Lap,2025_1,92.966,5.0,2025_1
94.989,12,4,34.111,19.638,41.24,259.0,310.0,279.0,268.0,INTERMEDIATE,12,False,Kick Sauber,0 days 01:34:40.359000,Track Clear,12,False,hulkenberg,15.9,74.0,1010.0,False,19.3,240,3.1,Lap,2025_1,94.102,9.0,2025_1
95.385,12,4,34.18,19.476,41.729,,320.0,280.0,270.0,INTERMEDIATE,12,False,Mercedes,0 days 01:34:40.772000,Track Clear,13,False,antonelli,15.9,74.0,1010.0,False,19.3,240,3.1,Lap,2025_1,92.312,2.0,2025_1
94.382,12,4,33.593,19.666,41.123,260.0,302.0,279.0,270.0,INTERMEDIATE,12,False,Kick Sauber,0 days 01:34:44.233000,Track Clear,14,False,bortoleto,15.9,74.0,1010.0,False,19.3,240,3.1,Lap,2025_1,94.102,9.0,2025_1
94.577,12,4,34.184,19.885,40.508,254.0,296.0,279.0,237.0,INTERMEDIATE,8,True,Haas F1 Team,0 days 01:34:48.816000,Track Clear,15,False,ocon,15.9,74.0,1010.0,False,19.3,240,3.1,Lap,2025_1,94.51599999999999,10.0,2025_1
94.064,12,4,33.347,19.571,41.146,261.0,320.0,291.0,261.0,INTERMEDIATE,11,False,Red Bull Racing,0 days 01:34:50.347000,Track Clear,16,False,lawson,15.9,74.0,1010.0,False,19.3,240,3.1,Lap,2025_1,92.874,3.0,2025_1
95.002,12,4,33.75,20.201,41.051,254.0,295.0,277.0,263.0,INTERMEDIATE,8,False,Haas F1 Team,0 days 01:34:53.050000,Track Clear,17,False,bearman,15.9,74.0,1010.0,False,19.3,240,3.1,Lap,2025_1,94.51599999999999,10.0,2025_1
91.318,13,4,32.701,19.369,39.248,260.0,290.0,280.0,279.0,INTERMEDIATE,13,False,McLaren,0 days 01:35:53.547000,Track Clear,1,False,norris,16.0,75.0,1010.1,False,19.3,254,3.3,Lap,2025_1,90.816,1.0,2025_1
91.271,13,4,32.572,19.292,39.407,264.0,301.0,278.0,281.0,INTERMEDIATE,13,False,Red Bull Racing,0 days 01:35:54.775000,Track Clear,2,False,max_verstappen,16.0,75.0,1010.1,False,19.3,254,3.3,Lap,2025_1,92.874,3.0,2025_1
91.377,13,4,32.68,18.981,39.716,265.0,314.0,292.0,,INTERMEDIATE,13,False,McLaren,0 days 01:35:55.321000,Track Clear,3,False,piastri,16.0,75.0,1010.1,False,19.3,254,3.3,Lap,2025_1,90.816,1.0,2025_1
92.364,13,4,33.147,19.431,39.786,262.0,301.0,282.0,286.0,INTERMEDIATE,13,False,Mercedes,0 days 01:36:00.621000,Track Clear,4,False,russell,16.0,75.0,1010.1,False,19.3,254,3.3,Lap,2025_1,92.312,2.0,2025_1
92.198,13,4,32.808,19.51,39.88,260.0,300.0,281.0,274.0,INTERMEDIATE,13,False,Ferrari,0 days 01:36:03.373000,Track Clear,5,False,leclerc,16.0,75.0,1010.1,False,19.3,254,3.3,Lap,2025_1,92.8955,4.0,2025_1
92.762,13,4,33.017,19.482,40.263,,305.0,280.0,262.0,INTERMEDIATE,13,False,Racing Bulls,0 days 01:36:05.569000,Track Clear,6,False,tsunoda,16.0,75.0,1010.1,False,19.3,254,3.3,Lap,2025_1,93.35849999999999,8.0,2025_1
93.153,13,4,32.977,19.626,40.55,263.0,301.0,284.0,256.0,INTERMEDIATE,11,False,Williams,0 days 01:36:07.310000,Track Clear,7,False,albon,16.0,75.0,1010.1,False,19.3,254,3.3,Lap,2025_1,93.088,6.0,2025_1
93.017,13,4,33.163,19.171,40.683,260.0,319.0,288.0,258.0,INTERMEDIATE,13,False,Ferrari,0 days 01:36:08.198000,Track Clear,8,False,hamilton,16.0,75.0,1010.1,False,19.3,254,3.3,Lap,2025_1,92.8955,4.0,2025_1
93.275,13,4,33.245,19.662,40.368,255.0,297.0,279.0,273.0,INTERMEDIATE,13,False,Alpine,0 days 01:36:10.519000,Track Clear,9,False,gasly,16.0,75.0,1010.1,False,19.3,254,3.3,Lap,2025_1,93.124,7.0,2025_1
93.515,13,4,33.419,19.468,40.628,,300.0,280.0,261.0,INTERMEDIATE,13,False,Aston Martin,0 days 01:36:12.063000,Track Clear,10,False,alonso,16.0,75.0,1010.1,False,19.3,254,3.3,Lap,2025_1,92.966,5.0,2025_1
93.899,13,4,33.728,19.743,40.428,260.0,299.0,279.0,275.0,INTERMEDIATE,9,True,Aston Martin,0 days 01:36:13.891000,Track Clear,11,False,stroll,16.0,75.0,1010.1,False,19.3,254,3.3,Lap,2025_1,92.966,5.0,2025_1
94.064,13,4,33.86,19.63,40.574,,305.0,280.0,274.0,INTERMEDIATE,13,False,Kick Sauber,0 days 01:36:15.348000,Track Clear,12,False,hulkenberg,16.0,75.0,1010.1,False,19.3,254,3.3,Lap,2025_1,94.102,9.0,2025_1
93.697,13,4,33.611,19.396,40.69,260.0,308.0,293.0,261.0,INTERMEDIATE,13,False,Mercedes,0 days 01:36:16.157000,Track Clear,13,False,antonelli,16.0,75.0,1010.1,False,19.3,254,3.3,Lap,2025_1,92.312,2.0,2025_1
94.383,13,4,33.907,19.633,40.843,261.0,302.0,282.0,261.0,INTERMEDIATE,13,False,Kick Sauber,0 days 01:36:18.615000,Track Clear,14,False,bortoleto,16.0,75.0,1010.1,False,19.3,254,3.3,Lap,2025_1,94.102,9.0,2025_1
93.936,13,4,33.814,19.76,40.362,253.0,293.0,280.0,261.0,INTERMEDIATE,9,True,Haas F1 Team,0 days 01:36:23.393000,Track Clear,15,False,ocon,16.0,75.0,1010.1,False,19.3,254,3.3,Lap,2025_1,94.51599999999999,10.0,2025_1
94.316,13,4,33.359,19.473,41.484,263.0,322.0,280.0,276.0,INTERMEDIATE,12,False,Red Bull Racing,0 days 01:36:24.411000,Track Clear,16,False,lawson,16.0,75.0,1010.1,False,19.3,254,3.3,Lap,2025_1,92.874,3.0,2025_1
94.25,13,4,33.681,20.049,40.52,255.0,293.0,278.0,271.0,INTERMEDIATE,9,False,Haas F1 Team,0 days 01:36:28.052000,Track Clear,17,False,bearman,16.0,75.0,1010.1,False,19.3,254,3.3,Lap,2025_1,94.51599999999999,10.0,2025_1
90.795,14,4,32.293,19.273,39.229,261.0,288.0,281.0,282.0,INTERMEDIATE,14,False,McLaren,0 days 01:37:24.865000,Track Clear,1,False,norris,16.0,74.0,1010.1,True,19.3,175,3.4,Lap,2025_1,90.816,1.0,2025_1
90.639,14,4,32.137,19.124,39.378,266.0,300.0,291.0,282.0,INTERMEDIATE,14,False,Red Bull Racing,0 days 01:37:26.046000,Track Clear,2,False,max_verstappen,16.0,74.0,1010.1,True,19.3,175,3.4,Lap,2025_1,92.874,3.0,2025_1
90.555,14,4,32.338,18.899,39.318,263.0,312.0,297.0,273.0,INTERMEDIATE,14,False,McLaren,0 days 01:37:26.698000,Track Clear,3,False,piastri,16.0,74.0,1010.1,True,19.3,175,3.4,Lap,2025_1,90.816,1.0,2025_1
91.856,14,4,32.788,19.377,39.691,263.0,301.0,282.0,284.0,INTERMEDIATE,14,False,Mercedes,0 days 01:37:32.985000,Track Clear,4,False,russell,16.0,74.0,1010.1,True,19.3,175,3.4,Lap,2025_1,92.312,2.0,2025_1
92.448,14,4,32.779,19.371,40.298,258.0,296.0,278.0,279.0,INTERMEDIATE,14,False,Ferrari,0 days 01:37:35.571000,Track Clear,5,False,leclerc,16.0,74.0,1010.1,True,19.3,175,3.4,Lap,2025_1,92.8955,4.0,2025_1
92.434,14,4,32.69,19.503,40.241,266.0,303.0,279.0,278.0,INTERMEDIATE,14,False,Racing Bulls,0 days 01:37:38.331000,Track Clear,6,False,tsunoda,16.0,75.0,1010.2,True,19.3,268,2.8,Lap,2025_1,93.35849999999999,8.0,2025_1
92.717,14,4,32.616,19.518,40.583,265.0,302.0,284.0,257.0,INTERMEDIATE,12,False,Williams,0 days 01:37:40.463000,Track Clear,7,False,albon,16.0,75.0,1010.2,True,19.3,268,2.8,Lap,2025_1,93.088,6.0,2025_1
92.992,14,4,33.133,19.416,40.443,262.0,298.0,289.0,268.0,INTERMEDIATE,14,False,Ferrari,0 days 01:37:41.215000,Track Clear,8,False,hamilton,16.0,75.0,1010.2,True,19.3,268,2.8,Lap,2025_1,92.8955,4.0,2025_1
92.859,14,4,32.923,19.508,40.428,257.0,297.0,278.0,274.0,INTERMEDIATE,14,False,Alpine,0 days 01:37:43.794000,Track Clear,9,False,gasly,16.0,75.0,1010.2,True,19.3,268,2.8,Lap,2025_1,93.124,7.0,2025_1
92.664,14,4,32.924,19.455,40.285,262.0,296.0,281.0,272.0,INTERMEDIATE,14,False,Aston Martin,0 days 01:37:45.578000,Track Clear,10,False,alonso,16.0,75.0,1010.2,True,19.3,268,2.8,Lap,2025_1,92.966,5.0,2025_1
93.097,14,4,33.48,19.638,39.979,262.0,302.0,281.0,273.0,INTERMEDIATE,10,True,Aston Martin,0 days 01:37:47.790000,Track Clear,11,False,stroll,16.0,75.0,1010.2,True,19.3,268,2.8,Lap,2025_1,92.966,5.0,2025_1
93.802,14,4,33.699,19.47,40.633,,313.0,280.0,268.0,INTERMEDIATE,14,False,Mercedes,0 days 01:37:49.854000,Track Clear,12,False,antonelli,16.0,75.0,1010.2,True,19.3,268,2.8,Lap,2025_1,92.312,2.0,2025_1
95.018,14,4,33.672,19.689,41.657,258.0,304.0,290.0,279.0,INTERMEDIATE,14,False,Kick Sauber,0 days 01:37:49.412000,Track Clear,13,False,hulkenberg,16.0,75.0,1010.2,True,19.3,268,2.8,Lap,2025_1,94.102,9.0,2025_1
94.102,14,4,33.309,19.414,41.379,260.0,299.0,281.0,281.0,INTERMEDIATE,14,False,Kick Sauber,0 days 01:37:52.998000,Track Clear,14,False,bortoleto,16.0,75.0,1010.2,True,19.3,268,2.8,Lap,2025_1,94.102,9.0,2025_1
93.526,14,4,33.676,19.492,40.358,258.0,297.0,279.0,262.0,INTERMEDIATE,10,True,Haas F1 Team,0 days 01:37:57.329000,Track Clear,15,False,ocon,16.0,75.0,1010.2,True,19.3,268,2.8,Lap,2025_1,94.51599999999999,10.0,2025_1
93.617,14,4,33.356,19.69,40.571,,300.0,281.0,258.0,INTERMEDIATE,13,False,Red Bull Racing,0 days 01:37:58.727000,Track Clear,16,False,lawson,16.0,75.0,1010.2,True,19.3,268,2.8,Lap,2025_1,92.874,3.0,2025_1
93.732,14,4,33.539,19.874,40.319,257.0,295.0,280.0,270.0,INTERMEDIATE,10,False,Haas F1 Team,0 days 01:38:02.302000,Track Clear,17,False,bearman,16.0,75.0,1010.2,True,19.3,268,2.8,Lap,2025_1,94.51599999999999,10.0,2025_1
90.226,15,4,32.127,19.243,38.856,264.0,290.0,281.0,281.0,INTERMEDIATE,15,False,McLaren,0 days 01:38:55.660000,Track Clear,1,False,norris,16.0,75.0,1009.9,False,19.3,250,2.3,Lap,2025_1,90.816,1.0,2025_1
90.328,15,4,31.945,18.879,39.504,267.0,320.0,290.0,287.0,INTERMEDIATE,15,False,Red Bull Racing,0 days 01:38:56.685000,Track Clear,2,False,max_verstappen,16.0,75.0,1009.9,False,19.3,250,2.3,Lap,2025_1,92.874,3.0,2025_1
90.343,15,4,32.263,18.681,39.399,266.0,320.0,297.0,278.0,INTERMEDIATE,15,False,McLaren,0 days 01:38:57.253000,Track Clear,3,False,piastri,16.0,75.0,1009.9,False,19.3,250,2.3,Lap,2025_1,90.816,1.0,2025_1
91.885,15,4,32.609,19.336,39.94,265.0,299.0,283.0,281.0,INTERMEDIATE,15,False,Mercedes,0 days 01:39:04.841000,Track Clear,4,False,russell,16.0,75.0,1009.9,False,19.3,250,2.3,Lap,2025_1,92.312,2.0,2025_1
91.846,15,4,32.501,19.473,39.872,263.0,297.0,281.0,285.0,INTERMEDIATE,15,False,Ferrari,0 days 01:39:08.019000,Track Clear,5,False,leclerc,16.0,75.0,1009.9,False,19.3,250,2.3,Lap,2025_1,92.8955,4.0,2025_1
92.545,15,4,32.593,19.583,40.369,264.0,300.0,282.0,260.0,INTERMEDIATE,15,False,Racing Bulls,0 days 01:39:10.765000,Track Clear,6,False,tsunoda,16.0,75.0,1009.9,False,19.3,250,2.3,Lap,2025_1,93.35849999999999,8.0,2025_1
92.733,15,4,32.697,19.708,40.328,263.0,299.0,283.0,259.0,INTERMEDIATE,13,False,Williams,0 days 01:39:13.180000,Track Clear,7,False,albon,16.0,75.0,1009.9,False,19.3,250,2.3,Lap,2025_1,93.088,6.0,2025_1
92.763,15,4,32.838,19.117,40.808,,315.0,288.0,270.0,INTERMEDIATE,15,False,Ferrari,0 days 01:39:14.207000,Track Clear,8,False,hamilton,16.0,75.0,1009.9,False,19.3,250,2.3,Lap,2025_1,92.8955,4.0,2025_1
92.744,15,4,33.106,19.515,40.123,258.0,297.0,279.0,271.0,INTERMEDIATE,15,False,Alpine,0 days 01:39:16.653000,Track Clear,9,False,gasly,16.0,75.0,1009.9,False,19.3,250,2.3,Lap,2025_1,93.124,7.0,2025_1
92.324,15,4,32.913,19.374,40.037,263.0,299.0,282.0,275.0,INTERMEDIATE,15,False,Aston Martin,0 days 01:39:18.242000,Track Clear,10,False,alonso,16.0,75.0,1009.9,False,19.3,250,2.3,Lap,2025_1,92.966,5.0,2025_1
92.382,15,4,33.172,19.573,39.637,260.0,300.0,282.0,272.0,INTERMEDIATE,11,True,Aston Martin,0 days 01:39:20.887000,Track Clear,11,False,stroll,16.0,75.0,1009.9,False,19.3,250,2.3,Lap,2025_1,92.966,5.0,2025_1
92.212,15,4,33.126,19.42,39.666,262.0,302.0,282.0,290.0,INTERMEDIATE,15,False,Mercedes,0 days 01:39:23.656000,Track Clear,12,False,antonelli,16.0,75.0,1009.9,False,19.3,250,2.3,Lap,2025_1,92.312,2.0,2025_1
93.611,15,4,33.546,19.562,40.503,256.0,299.0,280.0,266.0,INTERMEDIATE,15,False,Kick Sauber,0 days 01:39:24.430000,Track Clear,13,False,hulkenberg,16.0,75.0,1009.9,False,19.3,250,2.3,Lap,2025_1,94.102,9.0,2025_1
93.692,15,4,33.416,19.392,40.884,258.0,299.0,281.0,283.0,INTERMEDIATE,15,False,Kick Sauber,0 days 01:39:27.100000,Track Clear,14,False,bortoleto,16.0,75.0,1009.9,False,19.3,250,2.3,Lap,2025_1,94.102,9.0,2025_1
93.703,15,4,33.827,19.464,40.412,256.0,295.0,279.0,260.0,INTERMEDIATE,11,True,Haas F1 Team,0 days 01:39:30.855000,Track Clear,15,False,ocon,16.0,75.0,1009.9,False,19.3,250,2.3,Lap,2025_1,94.51599999999999,10.0,2025_1
93.502,15,4,33.265,19.495,40.742,264.0,302.0,280.0,,INTERMEDIATE,14,False,Red Bull Racing,0 days 01:39:32.344000,Track Clear,16,False,lawson,16.0,75.0,1009.9,False,19.3,250,2.3,Lap,2025_1,92.874,3.0,2025_1
93.885,15,4,33.606,19.939,40.34,256.0,295.0,279.0,281.0,INTERMEDIATE,11,False,Haas F1 Team,0 days 01:39:36.034000,Track Clear,17,False,bearman,16.0,73.0,1010.0,True,19.3,245,2.6,Lap,2025_1,94.51599999999999,10.0,2025_1
89.952,16,4,31.957,19.167,38.828,262.0,292.0,282.0,,INTERMEDIATE,16,False,McLaren,0 days 01:40:25.886000,Track Clear,1,False,norris,16.0,73.0,1010.0,True,19.3,245,2.6,Lap,2025_1,90.816,1.0,2025_1
90.592,16,4,31.921,19.071,39.6,266.0,305.0,280.0,297.0,INTERMEDIATE,16,False,Red Bull Racing,0 days 01:40:27.013000,Track Clear,2,False,max_verstappen,16.0,73.0,1010.0,True,19.3,245,2.6,Lap,2025_1,92.874,3.0,2025_1
90.722,16,4,32.097,18.694,39.931,267.0,316.0,294.0,279.0,INTERMEDIATE,16,False,McLaren,0 days 01:40:27.596000,Track Clear,3,False,piastri,16.0,73.0,1010.0,True,19.3,245,2.6,Lap,2025_1,90.816,1.0,2025_1
91.739,16,4,32.718,19.364,39.657,264.0,300.0,283.0,288.0,INTERMEDIATE,16,False,Mercedes,0 days 01:40:36.726000,Track Clear,4,False,russell,16.0,74.0,1010.0,True,19.3,268,2.2,Lap,2025_1,92.312,2.0,2025_1
91.832,16,4,32.449,19.424,39.959,261.0,298.0,281.0,288.0,INTERMEDIATE,16,False,Ferrari,0 days 01:40:39.865000,Track Clear,5,False,leclerc,16.0,74.0,1010.0,True,19.3,268,2.2,Lap,2025_1,92.8955,4.0,2025_1
92.133,16,4,32.705,19.327,40.101,260.0,301.0,282.0,271.0,INTERMEDIATE,16,False,Racing Bulls,0 days 01:40:43.310000,Track Clear,6,False,tsunoda,16.0,74.0,1010.0,True,19.3,268,2.2,Lap,2025_1,93.35849999999999,8.0,2025_1
92.464,16,4,32.739,19.55,40.175,267.0,300.0,285.0,267.0,INTERMEDIATE,14,False,Williams,0 days 01:40:45.913000,Track Clear,7,False,albon,16.0,74.0,1010.0,True,19.3,268,2.2,Lap,2025_1,93.088,6.0,2025_1
92.749,16,4,32.938,19.4,40.411,,297.0,278.0,269.0,INTERMEDIATE,16,False,Ferrari,0 days 01:40:46.970000,Track Clear,8,False,hamilton,16.0,74.0,1010.0,True,19.3,268,2.2,Lap,2025_1,92.8955,4.0,2025_1
92.445,16,4,32.952,19.527,39.966,259.0,303.0,279.0,270.0,INTERMEDIATE,16,False,Alpine,0 days 01:40:49.397000,Track Clear,9,False,gasly,16.0,74.0,1010.0,True,19.3,268,2.2,Lap,2025_1,93.124,7.0,2025_1
92.521,16,4,32.518,18.922,41.081,262.0,312.0,292.0,258.0,INTERMEDIATE,16,False,Aston Martin,0 days 01:40:50.566000,Track Clear,10,False,alonso,16.0,74.0,1010.0,True,19.3,268,2.2,Lap,2025_1,92.966,5.0,2025_1
92.554,16,4,33.147,19.518,39.889,263.0,302.0,282.0,275.0,INTERMEDIATE,12,True,Aston Martin,0 days 01:40:53.269000,Track Clear,11,False,stroll,16.0,74.0,1010.0,True,19.3,268,2.2,Lap,2025_1,92.966,5.0,2025_1
93.856,16,4,33.705,19.438,40.713,257.0,296.0,278.0,272.0,INTERMEDIATE,16,False,Kick Sauber,0 days 01:40:58.041000,Track Clear,12,False,hulkenberg,16.0,74.0,1010.0,True,19.3,268,2.2,Lap,2025_1,94.102,9.0,2025_1
97.326,16,4,37.533,19.464,40.329,258.0,303.0,282.0,294.0,INTERMEDIATE,16,False,Mercedes,0 days 01:40:55.868000,Track Clear,13,True,antonelli,16.0,74.0,1010.0,True,19.3,268,2.2,Lap,2025_1,92.312,2.0,2025_1
94.111,16,4,33.534,19.498,41.079,259.0,303.0,281.0,,INTERMEDIATE,16,False,Kick Sauber,0 days 01:41:00.792000,Track Clear,14,False,bortoleto,16.0,74.0,1010.0,True,19.3,268,2.2,Lap,2025_1,94.102,9.0,2025_1
93.951,16,4,33.729,19.438,40.784,258.0,297.0,278.0,254.0,INTERMEDIATE,12,True,Haas F1 Team,0 days 01:41:04.558000,Track Clear,15,False,ocon,16.0,74.0,1010.0,True,19.3,268,2.2,Lap,2025_1,94.51599999999999,10.0,2025_1
93.915,16,4,33.178,19.237,41.5,,319.0,279.0,262.0,INTERMEDIATE,15,False,Red Bull Racing,0 days 01:41:05.846000,Track Clear,16,False,lawson,16.0,74.0,1010.0,True,19.3,268,2.2,Lap,2025_1,92.874,3.0,2025_1
93.395,16,4,33.143,19.852,40.4,258.0,297.0,277.0,276.0,INTERMEDIATE,12,False,Haas F1 Team,0 days 01:41:09.919000,Track Clear,17,False,bearman,16.0,74.0,1010.0,True,19.3,268,2.2,Lap,2025_1,94.51599999999999,10.0,2025_1
90.264,17,4,31.99,19.045,39.229,264.0,293.0,281.0,284.0,INTERMEDIATE,17,False,McLaren,0 days 01:41:55.838000,Track Clear,1,False,norris,16.1,74.0,1009.9,True,19.4,249,2.6,Lap,2025_1,90.816,1.0,2025_1
90.696,17,4,32.231,18.692,39.773,269.0,320.0,282.0,283.0,INTERMEDIATE,17,False,McLaren,0 days 01:41:58.318000,Track Clear,2,False,piastri,16.1,74.0,1009.9,True,19.4,249,2.6,Lap,2025_1,90.816,1.0,2025_1
93.392,17,4,32.432,19.003,41.957,267.0,303.0,278.0,285.0,INTERMEDIATE,17,False,Red Bull Racing,0 days 01:41:57.605000,Track Clear,3,False,max_verstappen,16.1,74.0,1009.9,True,19.4,249,2.6,Lap,2025_1,92.874,3.0,2025_1
91.597,17,4,32.426,19.226,39.945,267.0,302.0,283.0,284.0,INTERMEDIATE,17,False,Mercedes,0 days 01:42:08.465000,Track Clear,4,False,russell,16.1,74.0,1009.9,True,19.4,249,2.6,Lap,2025_1,92.312,2.0,2025_1
92.502,17,4,32.353,19.305,40.844,264.0,299.0,281.0,286.0,INTERMEDIATE,17,False,Ferrari,0 days 01:42:11.697000,Track Clear,5,False,leclerc,16.1,74.0,1009.9,True,19.4,249,2.6,Lap,2025_1,92.8955,4.0,2025_1
92.645,17,4,32.462,19.35,40.833,263.0,303.0,281.0,279.0,INTERMEDIATE,17,False,Racing Bulls,0 days 01:42:15.443000,Track Clear,6,False,tsunoda,16.1,74.0,1009.9,True,19.4,249,2.6,Lap,2025_1,93.35849999999999,8.0,2025_1
93.088,17,4,32.561,19.584,40.943,265.0,300.0,285.0,259.0,INTERMEDIATE,15,False,Williams,0 days 01:42:18.377000,Track Clear,7,False,albon,16.1,74.0,1009.9,True,19.4,249,2.6,Lap,2025_1,93.088,6.0,2025_1
92.83,17,4,32.88,19.229,40.721,264.0,302.0,290.0,272.0,INTERMEDIATE,17,False,Ferrari,0 days 01:42:19.719000,Track Clear,8,False,hamilton,16.1,74.0,1009.9,True,19.4,249,2.6,Lap,2025_1,92.8955,4.0,2025_1
92.795,17,4,32.773,19.338,40.684,258.0,297.0,280.0,,INTERMEDIATE,17,False,Alpine,0 days 01:42:21.842000,Track Clear,9,False,gasly,16.1,74.0,1009.9,True,19.4,249,2.6,Lap,2025_1,93.124,7.0,2025_1
92.966,17,4,32.745,19.316,40.905,259.0,298.0,282.0,259.0,INTERMEDIATE,17,False,Aston Martin,0 days 01:42:23.087000,Track Clear,10,False,alonso,16.1,74.0,1009.9,True,19.4,249,2.6,Lap,2025_1,92.966,5.0,2025_1
93.388,17,4,33.382,19.49,40.516,262.0,302.0,280.0,,INTERMEDIATE,13,True,Aston Martin,0 days 01:42:25.823000,Track Clear,11,False,stroll,16.1,74.0,1009.9,True,19.4,249,2.6,Lap,2025_1,92.966,5.0,2025_1
92.312,17,4,33.045,19.059,40.208,265.0,305.0,281.0,277.0,INTERMEDIATE,17,False,Mercedes,0 days 01:42:33.194000,Track Clear,12,False,antonelli,16.1,74.0,1009.9,True,19.4,249,2.6,Lap,2025_1,92.312,2.0,2025_1
94.817,17,4,33.248,19.522,42.047,261.0,299.0,289.0,277.0,INTERMEDIATE,17,False,Kick Sauber,0 days 01:42:31.897000,Track Clear,13,False,hulkenberg,16.1,74.0,1009.9,True,19.4,249,2.6,Lap,2025_1,94.102,9.0,2025_1
94.756,17,4,33.665,19.336,41.755,263.0,304.0,281.0,284.0,INTERMEDIATE,17,False,Kick Sauber,0 days 01:42:34.903000,Track Clear,14,False,bortoleto,16.0,73.0,1010.2,True,19.4,282,3.8,Lap,2025_1,94.102,9.0,2025_1
94.737,17,4,33.862,19.472,41.403,255.0,294.0,277.0,268.0,INTERMEDIATE,13,True,Haas F1 Team,0 days 01:42:38.509000,Track Clear,15,False,ocon,16.0,73.0,1010.2,True,19.4,282,3.8,Lap,2025_1,94.51599999999999,10.0,2025_1
94.575,17,4,33.857,19.442,41.276,263.0,302.0,279.0,266.0,INTERMEDIATE,16,False,Red Bull Racing,0 days 01:42:39.761000,Track Clear,16,False,lawson,16.0,73.0,1010.2,True,19.4,282,3.8,Lap,2025_1,92.874,3.0,2025_1
94.527,17,4,33.939,19.628,40.96,257.0,295.0,278.0,263.0,INTERMEDIATE,13,False,Haas F1 Team,0 days 01:42:43.314000,Track Clear,17,False,bearman,16.0,73.0,1010.2,True,19.4,282,3.8,Lap,2025_1,94.51599999999999,10.0,2025_1
90.146,18,4,31.867,18.988,39.291,265.0,292.0,281.0,283.0,INTERMEDIATE,18,False,McLaren,0 days 01:43:26.102000,Track Clear,1,False,norris,16.0,73.0,1010.2,True,19.4,282,3.8,Lap,2025_1,90.816,1.0,2025_1
90.143,18,4,31.77,18.987,39.386,267.0,293.0,282.0,281.0,INTERMEDIATE,18,False,McLaren,0 days 01:43:29.014000,Track Clear,2,False,piastri,16.0,73.0,1010.2,True,19.4,282,3.8,Lap,2025_1,90.816,1.0,2025_1
92.169,18,4,32.55,18.956,40.663,266.0,301.0,280.0,271.0,INTERMEDIATE,18,False,Red Bull Racing,0 days 01:43:30.997000,Track Clear,3,False,max_verstappen,16.0,73.0,1010.2,True,19.4,282,3.8,Lap,2025_1,92.874,3.0,2025_1
91.74,18,4,32.524,19.143,40.073,268.0,301.0,283.0,279.0,INTERMEDIATE,18,False,Mercedes,0 days 01:43:40.062000,Track Clear,4,False,russell,16.0,74.0,1010.1,True,19.4,229,3.9,Lap,2025_1,92.312,2.0,2025_1
92.614,18,4,32.366,19.295,40.953,261.0,297.0,280.0,282.0,INTERMEDIATE,18,False,Ferrari,0 days 01:43:44.199000,Track Clear,5,False,leclerc,16.0,74.0,1010.1,True,19.4,229,3.9,Lap,2025_1,92.8955,4.0,2025_1
93.444,18,4,33.166,19.472,40.806,262.0,301.0,279.0,259.0,INTERMEDIATE,18,False,Racing Bulls,0 days 01:43:48.088000,Track Clear,6,False,tsunoda,16.0,74.0,1010.1,True,19.4,229,3.9,Lap,2025_1,93.35849999999999,8.0,2025_1
92.981,18,4,32.835,19.417,40.729,267.0,303.0,283.0,252.0,INTERMEDIATE,16,False,Williams,0 days 01:43:51.465000,Track Clear,7,False,albon,16.0,74.0,1010.1,True,19.4,229,3.9,Lap,2025_1,93.088,6.0,2025_1
92.877,18,4,32.739,18.926,41.212,,321.0,289.0,267.0,INTERMEDIATE,18,False,Ferrari,0 days 01:43:52.549000,Track Clear,8,False,hamilton,16.0,74.0,1010.1,True,19.4,229,3.9,Lap,2025_1,92.8955,4.0,2025_1
93.124,18,4,32.863,19.329,40.932,,297.0,275.0,269.0,INTERMEDIATE,18,False,Alpine,0 days 01:43:54.637000,Track Clear,9,False,gasly,16.0,74.0,1010.1,True,19.4,229,3.9,Lap,2025_1,93.124,7.0,2025_1
92.698,18,4,32.791,19.169,40.738,263.0,300.0,290.0,,INTERMEDIATE,18,False,Aston Martin,0 days 01:43:56.053000,Track Clear,10,False,alonso,16.0,74.0,1010.1,True,19.4,229,3.9,Lap,2025_1,92.966,5.0,2025_1
93.631,18,4,33.579,19.552,40.5,263.0,299.0,279.0,260.0,INTERMEDIATE,14,True,Aston Martin,0 days 01:43:59.211000,Track Clear,11,False,stroll,16.0,74.0,1010.1,True,19.4,229,3.9,Lap,2025_1,92.966,5.0,2025_1
92.181,18,4,32.902,19.203,40.076,264.0,301.0,280.0,291.0,INTERMEDIATE,18,False,Mercedes,0 days 01:44:05.506000,Track Clear,12,False,antonelli,16.0,74.0,1010.1,True,19.4,229,3.9,Lap,2025_1,92.312,2.0,2025_1
93.796,18,4,33.341,19.377,41.078,259.0,298.0,279.0,272.0,INTERMEDIATE,18,False,Kick Sauber,0 days 01:44:06.714000,Track Clear,13,False,hulkenberg,16.0,74.0,1010.1,True,19.4,229,3.9,Lap,2025_1,94.102,9.0,2025_1
93.892,18,4,33.401,19.278,41.213,262.0,303.0,281.0,287.0,INTERMEDIATE,18,False,Kick Sauber,0 days 01:44:09.659000,Track Clear,14,False,bortoleto,16.0,74.0,1010.1,True,19.4,229,3.9,Lap,2025_1,94.102,9.0,2025_1
95.309,18,4,33.567,19.47,42.272,254.0,294.0,279.0,263.0,INTERMEDIATE,14,True,Haas F1 Team,0 days 01:44:13.246000,Track Clear,15,False,ocon,16.0,74.0,1010.1,True,19.4,229,3.9,Lap,2025_1,94.51599999999999,10.0,2025_1
95.002,18,4,33.297,19.167,42.538,,315.0,289.0,272.0,INTERMEDIATE,17,False,Red Bull Racing,0 days 01:44:14.336000,Track Clear,16,False,lawson,16.0,74.0,1010.1,True,19.4,229,3.9,Lap,2025_1,92.874,3.0,2025_1
94.527,18,4,33.613,19.513,41.401,,296.0,278.0,267.0,INTERMEDIATE,14,False,Haas F1 Team,0 days 01:44:17.841000,Track Clear,17,False,bearman,16.0,74.0,1010.1,True,19.4,229,3.9,Lap,2025_1,94.51599999999999,10.0,2025_1
90.551,19,4,31.922,19.008,39.621,266.0,293.0,281.0,,INTERMEDIATE,19,False,McLaren,0 days 01:44:56.248000,Track Clear,1,False,norris,16.1,75.0,1010.2,True,19.4,273,1.9,Lap,2025_1,90.816,1.0,2025_1
90.816,19,4,32.011,18.926,39.879,269.0,292.0,281.0,284.0,INTERMEDIATE,19,False,McLaren,0 days 01:44:59.157000,Track Clear,2,False,piastri,16.1,75.0,1010.2,True,19.4,273,1.9,Lap,2025_1,90.816,1.0,2025_1
91.939,19,4,32.547,19.002,40.39,,300.0,280.0,273.0,INTERMEDIATE,19,False,Red Bull Racing,0 days 01:45:03.166000,Track Clear,3,False,max_verstappen,16.1,75.0,1010.2,True,19.4,273,1.9,Lap,2025_1,92.874,3.0,2025_1
92.189,19,4,32.91,19.139,40.14,266.0,302.0,282.0,277.0,INTERMEDIATE,19,False,Mercedes,0 days 01:45:11.802000,Track Clear,4,False,russell,16.1,75.0,1010.2,True,19.4,273,1.9,Lap,2025_1,92.312,2.0,2025_1
91.861,19,4,32.446,19.13,40.285,265.0,299.0,282.0,285.0,INTERMEDIATE,19,False,Ferrari,0 days 01:45:16.813000,Track Clear,5,False,leclerc,16.1,75.0,1010.2,True,19.4,273,1.9,Lap,2025_1,92.8955,4.0,2025_1
93.496,19,4,33.282,19.371,40.843,264.0,302.0,280.0,243.0,INTERMEDIATE,19,False,Racing Bulls,0 days 01:45:21.532000,Track Clear,6,False,tsunoda,16.1,75.0,1010.2,True,19.4,273,1.9,Lap,2025_1,93.35849999999999,8.0,2025_1
93.051,19,4,33.147,19.406,40.498,,304.0,284.0,255.0,INTERMEDIATE,17,False,Williams,0 days 01:45:24.446000,Track Clear,7,False,albon,16.1,75.0,1010.2,True,19.4,273,1.9,Lap,2025_1,93.088,6.0,2025_1
92.914,19,4,33.121,18.861,40.932,261.0,317.0,282.0,273.0,INTERMEDIATE,19,False,Ferrari,0 days 01:45:25.426000,Track Clear,8,False,hamilton,16.1,75.0,1010.2,True,19.4,273,1.9,Lap,2025_1,92.8955,4.0,2025_1
92.462,19,4,32.918,19.141,40.403,,304.0,280.0,268.0,INTERMEDIATE,19,False,Alpine,0 days 01:45:27.761000,Track Clear,9,False,gasly,16.1,75.0,1010.2,True,19.4,273,1.9,Lap,2025_1,93.124,7.0,2025_1
92.28,19,4,32.507,18.762,41.011,,321.0,293.0,254.0,INTERMEDIATE,19,False,Aston Martin,0 days 01:45:28.751000,Track Clear,10,False,alonso,16.1,75.0,1010.2,True,19.4,273,1.9,Lap,2025_1,92.966,5.0,2025_1
92.684,19,4,33.07,19.43,40.184,262.0,299.0,280.0,275.0,INTERMEDIATE,15,True,Aston Martin,0 days 01:45:32.842000,Track Clear,11,False,stroll,16.1,75.0,1010.2,True,19.4,273,1.9,Lap,2025_1,92.966,5.0,2025_1
91.942,19,4,32.822,19.108,40.012,257.0,293.0,281.0,283.0,INTERMEDIATE,19,False,Mercedes,0 days 01:45:37.687000,Track Clear,12,False,antonelli,16.0,74.0,1010.1,True,19.4,252,3.0,Lap,2025_1,92.312,2.0,2025_1
93.52,19,4,33.281,19.41,40.829,262.0,301.0,280.0,284.0,INTERMEDIATE,19,False,Kick Sauber,0 days 01:45:40.510000,Track Clear,13,False,hulkenberg,16.0,74.0,1010.1,True,19.4,252,3.0,Lap,2025_1,94.102,9.0,2025_1
93.906,19,4,33.356,19.242,41.308,264.0,302.0,281.0,281.0,INTERMEDIATE,19,False,Kick Sauber,0 days 01:45:43.551000,Track Clear,14,False,bortoleto,16.0,74.0,1010.1,True,19.4,252,3.0,Lap,2025_1,94.102,9.0,2025_1
94.695,19,4,33.159,19.007,42.529,265.0,322.0,279.0,260.0,INTERMEDIATE,18,False,Red Bull Racing,0 days 01:45:49.338000,Track Clear,15,False,lawson,16.0,74.0,1010.1,True,19.4,252,3.0,Lap,2025_1,92.874,3.0,2025_1
96.266,19,4,33.414,19.397,43.455,255.0,291.0,289.0,273.0,INTERMEDIATE,15,True,Haas F1 Team,0 days 01:45:48.555000,Track Clear,16,False,ocon,16.0,74.0,1010.1,True,19.4,252,3.0,Lap,2025_1,94.51599999999999,10.0,2025_1
94.065,19,4,33.454,19.435,41.176,259.0,295.0,281.0,259.0,INTERMEDIATE,15,False,Haas F1 Team,0 days 01:45:52.368000,Track Clear,17,False,bearman,16.0,74.0,1010.1,True,19.4,252,3.0,Lap,2025_1,94.51599999999999,10.0,2025_1
90.71,20,4,32.482,19.053,39.175,263.0,292.0,281.0,289.0,INTERMEDIATE,20,False,McLaren,0 days 01:46:26.799000,Track Clear,1,False,norris,16.0,74.0,1010.1,True,19.4,252,3.0,Lap,2025_1,90.816,1.0,2025_1
90.159,20,4,31.769,18.968,39.422,270.0,293.0,283.0,286.0,INTERMEDIATE,20,False,McLaren,0 days 01:46:29.973000,Track Clear,2,False,piastri,16.0,74.0,1010.1,True,19.4,252,3.0,Lap,2025_1,90.816,1.0,2025_1
91.598,20,4,32.354,19.009,40.235,269.0,300.0,279.0,275.0,INTERMEDIATE,20,False,Red Bull Racing,0 days 01:46:35.105000,Track Clear,3,False,max_verstappen,16.0,74.0,1010.1,True,19.4,252,3.0,Lap,2025_1,92.874,3.0,2025_1
91.315,20,4,32.42,19.147,39.748,,302.0,284.0,281.0,INTERMEDIATE,20,False,Mercedes,0 days 01:46:43.991000,Track Clear,4,False,russell,16.0,74.0,1010.1,True,19.4,278,3.7,Lap,2025_1,92.312,2.0,2025_1
91.756,20,4,32.64,19.249,39.867,263.0,297.0,281.0,284.0,INTERMEDIATE,20,False,Ferrari,0 days 01:46:48.674000,Track Clear,5,False,leclerc,16.0,74.0,1010.1,True,19.4,278,3.7,Lap,2025_1,92.8955,4.0,2025_1
92.549,20,4,33.081,19.254,40.214,266.0,302.0,280.0,256.0,INTERMEDIATE,20,False,Racing Bulls,0 days 01:46:55.028000,Track Clear,6,False,tsunoda,16.0,74.0,1010.1,True,19.4,278,3.7,Lap,2025_1,93.35849999999999,8.0,2025_1
92.356,20,4,32.781,19.214,40.361,268.0,304.0,284.0,259.0,INTERMEDIATE,18,False,Williams,0 days 01:46:57.497000,Track Clear,7,False,albon,16.0,74.0,1010.1,True,19.4,278,3.7,Lap,2025_1,93.088,6.0,2025_1
92.341,20,4,33.025,18.909,40.407,262.0,311.0,291.0,272.0,INTERMEDIATE,20,False,Ferrari,0 days 01:46:58.340000,Track Clear,8,False,hamilton,16.0,74.0,1010.1,True,19.4,278,3.7,Lap,2025_1,92.8955,4.0,2025_1
92.327,20,4,32.703,19.09,40.534,,297.0,276.0,275.0,INTERMEDIATE,20,False,Alpine,0 days 01:47:00.223000,Track Clear,9,False,gasly,16.0,74.0,1010.1,True,19.4,278,3.7,Lap,2025_1,93.124,7.0,2025_1
92.61,20,4,32.675,18.901,41.034,259.0,312.0,292.0,269.0,INTERMEDIATE,20,False,Aston Martin,0 days 01:47:01.031000,Track Clear,10,False,alonso,16.0,74.0,1010.1,True,19.4,278,3.7,Lap,2025_1,92.966,5.0,2025_1
92.58,20,4,33.039,19.371,40.17,265.0,301.0,281.0,282.0,INTERMEDIATE,16,True,Aston Martin,0 days 01:47:05.526000,Track Clear,11,False,stroll,16.0,74.0,1010.1,True,19.4,278,3.7,Lap,2025_1,92.966,5.0,2025_1
91.319,20,4,32.598,19.093,39.628,261.0,298.0,280.0,289.0,INTERMEDIATE,20,False,Mercedes,0 days 01:47:09.629000,Track Clear,12,False,antonelli,16.0,74.0,1010.1,True,19.4,278,3.7,Lap,2025_1,92.312,2.0,2025_1
93.867,20,4,32.992,19.306,41.569,,298.0,278.0,278.0,INTERMEDIATE,20,False,Kick Sauber,0 days 01:47:14.030000,Track Clear,13,False,hulkenberg,16.0,74.0,1010.1,True,19.4,278,3.7,Lap,2025_1,94.102,9.0,2025_1
93.328,20,4,33.261,19.15,40.917,262.0,300.0,281.0,288.0,INTERMEDIATE,20,False,Kick Sauber,0 days 01:47:17.457000,Track Clear,14,False,bortoleto,16.0,74.0,1010.1,True,19.4,278,3.7,Lap,2025_1,94.102,9.0,2025_1
93.497,20,4,33.285,19.399,40.813,,297.0,277.0,283.0,INTERMEDIATE,19,False,Red Bull Racing,0 days 01:47:24.033000,Track Clear,15,False,lawson,16.0,74.0,1010.1,True,19.4,278,3.7,Lap,2025_1,92.874,3.0,2025_1
94.392,20,4,33.915,19.385,41.092,253.0,291.0,279.0,256.0,INTERMEDIATE,16,True,Haas F1 Team,0 days 01:47:24.821000,Track Clear,16,False,ocon,16.0,74.0,1010.1,True,19.4,278,3.7,Lap,2025_1,94.51599999999999,10.0,2025_1
94.094,20,4,33.365,19.419,41.31,,297.0,278.0,265.0,INTERMEDIATE,16,False,Haas F1 Team,0 days 01:47:26.433000,Track Clear,17,False,bearman,16.0,74.0,1010.1,True,19.4,278,3.7,Lap,2025_1,94.51599999999999,10.0,2025_1
90.234,21,4,31.839,18.967,39.428,265.0,292.0,281.0,287.0,INTERMEDIATE,21,False,McLaren,0 days 01:47:57.509000,Track Clear,1,False,norris,16.0,75.0,1010.2,True,19.4,232,2.5,Lap,2025_1,90.816,1.0,2025_1
89.727,21,4,31.622,18.849,39.256,271.0,294.0,282.0,,INTERMEDIATE,21,False,McLaren,0 days 01:48:00.132000,Track Clear,2,False,piastri,16.0,75.0,1010.2,True,19.4,232,2.5,Lap,2025_1,90.816,1.0,2025_1
91.177,21,4,32.272,18.898,40.007,,298.0,279.0,272.0,INTERMEDIATE,21,False,Red Bull Racing,0 days 01:48:06.703000,Track Clear,3,False,max_verstappen,16.0,75.0,1010.2,True,19.4,232,2.5,Lap,2025_1,92.874,3.0,2025_1
91.127,21,4,32.447,19.026,39.654,269.0,301.0,283.0,276.0,INTERMEDIATE,21,False,Mercedes,0 days 01:48:15.306000,Track Clear,4,False,russell,16.0,75.0,1010.2,True,19.4,232,2.5,Lap,2025_1,92.312,2.0,2025_1
91.159,21,4,32.503,19.048,39.608,265.0,297.0,281.0,,INTERMEDIATE,21,False,Ferrari,0 days 01:48:20.430000,Track Clear,5,False,leclerc,16.0,75.0,1010.2,True,19.4,232,2.5,Lap,2025_1,92.8955,4.0,2025_1
92.012,21,4,32.671,19.306,40.035,265.0,301.0,280.0,266.0,INTERMEDIATE,21,False,Racing Bulls,0 days 01:48:27.577000,Track Clear,6,False,tsunoda,16.0,75.0,1010.2,True,19.4,232,2.5,Lap,2025_1,93.35849999999999,8.0,2025_1
92.036,21,4,32.606,19.344,40.086,266.0,302.0,285.0,272.0,INTERMEDIATE,19,False,Williams,0 days 01:48:29.853000,Track Clear,7,False,albon,16.0,75.0,1010.2,True,19.4,232,2.5,Lap,2025_1,93.088,6.0,2025_1
92.079,21,4,32.861,18.776,40.442,269.0,322.0,289.0,281.0,INTERMEDIATE,21,False,Ferrari,0 days 01:48:30.681000,Track Clear,8,False,hamilton,16.0,75.0,1010.2,True,19.4,232,2.5,Lap,2025_1,92.8955,4.0,2025_1
92.323,21,4,32.86,19.181,40.282,,304.0,280.0,269.0,INTERMEDIATE,21,False,Alpine,0 days 01:48:32.550000,Track Clear,9,False,gasly,16.0,75.0,1010.2,True,19.4,232,2.5,Lap,2025_1,93.124,7.0,2025_1
92.545,21,4,32.459,18.616,41.47,265.0,323.0,281.0,263.0,INTERMEDIATE,21,False,Aston Martin,0 days 01:48:33.641000,Track Clear,10,False,alonso,16.0,75.0,1010.2,True,19.4,232,2.5,Lap,2025_1,92.966,5.0,2025_1
92.429,21,4,33.022,19.304,40.103,264.0,300.0,280.0,,INTERMEDIATE,17,True,Aston Martin,0 days 01:48:38.106000,Track Clear,11,False,stroll,16.0,76.0,1010.3,True,19.2,242,3.8,Lap,2025_1,92.966,5.0,2025_1
91.042,21,4,32.385,18.992,39.665,262.0,297.0,283.0,284.0,INTERMEDIATE,21,False,Mercedes,0 days 01:48:40.948000,Track Clear,12,False,antonelli,16.0,76.0,1010.3,True,19.2,242,3.8,Lap,2025_1,92.312,2.0,2025_1
93.22,21,4,33.16,19.336,40.724,261.0,298.0,280.0,285.0,INTERMEDIATE,21,False,Kick Sauber,0 days 01:48:47.897000,Track Clear,13,False,hulkenberg,16.0,76.0,1010.3,True,19.2,242,3.8,Lap,2025_1,94.102,9.0,2025_1
93.35,21,4,33.17,19.132,41.048,260.0,297.0,282.0,,INTERMEDIATE,21,False,Kick Sauber,0 days 01:48:50.785000,Track Clear,14,False,bortoleto,16.0,76.0,1010.3,True,19.2,242,3.8,Lap,2025_1,94.102,9.0,2025_1
92.883,21,4,32.994,19.257,40.632,,298.0,279.0,267.0,INTERMEDIATE,20,False,Red Bull Racing,0 days 01:48:57.530000,Track Clear,15,False,lawson,16.0,76.0,1010.3,True,19.2,242,3.8,Lap,2025_1,92.874,3.0,2025_1
93.391,21,4,33.421,19.169,40.801,259.0,295.0,279.0,267.0,INTERMEDIATE,17,True,Haas F1 Team,0 days 01:48:59.213000,Track Clear,16,False,ocon,16.0,76.0,1010.3,True,19.2,242,3.8,Lap,2025_1,94.51599999999999,10.0,2025_1
93.818,21,4,33.39,19.467,40.961,261.0,298.0,279.0,263.0,INTERMEDIATE,17,False,Haas F1 Team,0 days 01:49:00.527000,Track Clear,17,False,bearman,16.0,76.0,1010.3,True,19.2,242,3.8,Lap,2025_1,94.51599999999999,10.0,2025_1
90.3,22,4,31.922,18.944,39.434,264.0,292.0,283.0,283.0,INTERMEDIATE,22,False,McLaren,0 days 01:49:27.743000,Track Clear,1,False,norris,16.0,76.0,1010.3,True,19.2,242,3.8,Lap,2025_1,90.816,1.0,2025_1
90.214,22,4,32.012,18.884,39.318,268.0,293.0,284.0,280.0,INTERMEDIATE,22,False,McLaren,0 days 01:49:29.859000,Track Clear,2,False,piastri,16.0,76.0,1010.3,True,19.2,242,3.8,Lap,2025_1,90.816,1.0,2025_1
91.04,22,4,32.48,18.943,39.617,263.0,301.0,281.0,279.0,INTERMEDIATE,22,False,Red Bull Racing,0 days 01:49:37.880000,Track Clear,3,False,max_verstappen,15.9,75.0,1010.3,True,19.2,231,3.4,Lap,2025_1,92.874,3.0,2025_1
91.029,22,4,32.528,19.123,39.378,267.0,302.0,285.0,277.0,INTERMEDIATE,22,False,Mercedes,0 days 01:49:46.433000,Track Clear,4,False,russell,15.9,75.0,1010.3,True,19.2,231,3.4,Lap,2025_1,92.312,2.0,2025_1
90.695,22,4,32.11,19.024,39.561,266.0,298.0,283.0,285.0,INTERMEDIATE,22,False,Ferrari,0 days 01:49:51.589000,Track Clear,5,False,leclerc,15.9,75.0,1010.3,True,19.2,231,3.4,Lap,2025_1,92.8955,4.0,2025_1
91.567,22,4,32.422,19.246,39.899,267.0,301.0,281.0,267.0,INTERMEDIATE,22,False,Racing Bulls,0 days 01:49:59.589000,Track Clear,6,False,tsunoda,15.9,75.0,1010.3,True,19.2,231,3.4,Lap,2025_1,93.35849999999999,8.0,2025_1
92.053,22,4,32.52,19.255,40.278,268.0,301.0,285.0,278.0,INTERMEDIATE,20,False,Williams,0 days 01:50:01.889000,Track Clear,7,False,albon,15.9,75.0,1010.3,True,19.2,231,3.4,Lap,2025_1,93.088,6.0,2025_1
92.041,22,4,32.551,18.8,40.69,262.0,322.0,292.0,,INTERMEDIATE,22,False,Ferrari,0 days 01:50:02.760000,Track Clear,8,False,hamilton,15.9,75.0,1010.3,True,19.2,231,3.4,Lap,2025_1,92.8955,4.0,2025_1
92.355,22,4,32.63,19.183,40.542,259.0,293.0,281.0,280.0,INTERMEDIATE,22,False,Alpine,0 days 01:50:04.873000,Track Clear,9,False,gasly,15.9,75.0,1010.3,True,19.2,231,3.4,Lap,2025_1,93.124,7.0,2025_1
93.282,22,4,32.923,19.602,40.757,260.0,300.0,283.0,280.0,INTERMEDIATE,22,False,Aston Martin,0 days 01:50:06.186000,Track Clear,10,False,alonso,15.9,75.0,1010.3,True,19.2,231,3.4,Lap,2025_1,92.966,5.0,2025_1
91.887,22,4,32.452,18.953,40.482,265.0,312.0,281.0,290.0,INTERMEDIATE,22,False,Mercedes,0 days 01:50:11.990000,Track Clear,11,False,antonelli,15.9,75.0,1010.3,True,19.2,231,3.4,Lap,2025_1,92.312,2.0,2025_1
94.269,22,4,32.986,19.452,41.831,265.0,300.0,291.0,284.0,INTERMEDIATE,18,True,Aston Martin,0 days 01:50:10.535000,Track Clear,12,False,stroll,15.9,75.0,1010.3,True,19.2,231,3.4,Lap,2025_1,92.966,5.0,2025_1
93.185,22,4,33.304,19.367,40.514,257.0,299.0,281.0,282.0,INTERMEDIATE,22,False,Kick Sauber,0 days 01:50:21.117000,Track Clear,13,False,hulkenberg,15.9,75.0,1010.3,True,19.2,231,3.4,Lap,2025_1,94.102,9.0,2025_1
92.734,22,4,32.833,19.204,40.697,258.0,297.0,282.0,289.0,INTERMEDIATE,22,False,Kick Sauber,0 days 01:50:24.135000,Track Clear,14,False,bortoleto,15.9,75.0,1010.3,True,19.2,231,3.4,Lap,2025_1,94.102,9.0,2025_1
92.08,22,4,32.584,19.345,40.151,,298.0,277.0,274.0,INTERMEDIATE,21,False,Red Bull Racing,0 days 01:50:30.413000,Track Clear,15,False,lawson,15.9,75.0,1010.3,True,19.2,231,3.4,Lap,2025_1,92.874,3.0,2025_1
93.533,22,4,33.389,19.224,40.92,,297.0,279.0,270.0,INTERMEDIATE,18,True,Haas F1 Team,0 days 01:50:32.604000,Track Clear,16,False,ocon,15.9,75.0,1010.3,True,19.2,231,3.4,Lap,2025_1,94.51599999999999,10.0,2025_1
93.59,22,4,33.526,19.348,40.716,260.0,297.0,280.0,271.0,INTERMEDIATE,18,False,Haas F1 Team,0 days 01:50:34.345000,Track Clear,17,False,bearman,15.9,75.0,1010.3,True,19.2,231,3.4,Lap,2025_1,94.51599999999999,10.0,2025_1
89.922,23,4,31.865,18.917,39.14,266.0,294.0,283.0,288.0,INTERMEDIATE,23,False,McLaren,0 days 01:50:58.043000,Track Clear,1,False,norris,15.9,76.0,1010.2,True,19.2,283,2.4,Lap,2025_1,90.816,1.0,2025_1
89.739,23,4,31.686,18.88,39.173,269.0,295.0,284.0,282.0,INTERMEDIATE,23,False,McLaren,0 days 01:51:00.073000,Track Clear,2,False,piastri,15.9,76.0,1010.2,True,19.2,283,2.4,Lap,2025_1,90.816,1.0,2025_1
90.686,23,4,32.099,18.912,39.675,265.0,302.0,280.0,276.0,INTERMEDIATE,23,False,Red Bull Racing,0 days 01:51:08.920000,Track Clear,3,False,max_verstappen,15.9,76.0,1010.2,True,19.2,283,2.4,Lap,2025_1,92.874,3.0,2025_1
90.975,23,4,32.37,19.106,39.499,268.0,303.0,284.0,288.0,INTERMEDIATE,23,False,Mercedes,0 days 01:51:17.462000,Track Clear,4,False,russell,15.9,76.0,1010.2,True,19.2,283,2.4,Lap,2025_1,92.312,2.0,2025_1
91.551,23,4,32.45,19.025,40.076,267.0,298.0,281.0,290.0,INTERMEDIATE,23,False,Ferrari,0 days 01:51:22.284000,Track Clear,5,False,leclerc,15.9,76.0,1010.2,True,19.2,283,2.4,Lap,2025_1,92.8955,4.0,2025_1
91.793,23,4,32.506,19.206,40.081,,302.0,280.0,273.0,INTERMEDIATE,23,False,Racing Bulls,0 days 01:51:31.156000,Track Clear,6,False,tsunoda,15.9,76.0,1010.2,True,19.2,283,2.4,Lap,2025_1,93.35849999999999,8.0,2025_1
91.75,23,4,32.667,19.169,39.914,271.0,304.0,285.0,279.0,INTERMEDIATE,21,False,Williams,0 days 01:51:33.942000,Track Clear,7,False,albon,15.9,76.0,1010.2,True,19.2,283,2.4,Lap,2025_1,93.088,6.0,2025_1
91.771,23,4,32.677,18.806,40.288,266.0,320.0,292.0,289.0,INTERMEDIATE,23,False,Ferrari,0 days 01:51:34.801000,Track Clear,8,False,hamilton,15.9,76.0,1010.2,True,19.2,283,2.4,Lap,2025_1,92.8955,4.0,2025_1
92.438,23,4,32.769,19.18,40.489,257.0,294.0,280.0,272.0,INTERMEDIATE,23,False,Alpine,0 days 01:51:37.228000,Track Clear,9,False,gasly,15.9,76.0,1010.2,True,19.2,275,2.0,Lap,2025_1,93.124,7.0,2025_1
92.51,23,4,32.738,19.251,40.521,264.0,297.0,282.0,,INTERMEDIATE,23,False,Aston Martin,0 days 01:51:39.468000,Track Clear,10,False,alonso,15.9,76.0,1010.2,True,19.2,275,2.0,Lap,2025_1,92.966,5.0,2025_1
91.324,23,4,32.454,19.041,39.829,267.0,301.0,283.0,287.0,INTERMEDIATE,23,False,Mercedes,0 days 01:51:43.877000,Track Clear,11,False,antonelli,15.9,76.0,1010.2,True,19.2,275,2.0,Lap,2025_1,92.312,2.0,2025_1
92.643,23,4,33.11,19.277,40.256,,302.0,281.0,275.0,INTERMEDIATE,19,True,Aston Martin,0 days 01:51:44.804000,Track Clear,12,False,stroll,15.9,76.0,1010.2,True,19.2,275,2.0,Lap,2025_1,92.966,5.0,2025_1
92.765,23,4,32.799,19.247,40.719,260.0,297.0,279.0,289.0,INTERMEDIATE,23,False,Kick Sauber,0 days 01:51:54.302000,Track Clear,13,False,hulkenberg,15.9,76.0,1010.2,True,19.2,275,2.0,Lap,2025_1,94.102,9.0,2025_1
92.966,23,4,32.882,19.178,40.906,260.0,296.0,281.0,291.0,INTERMEDIATE,23,False,Kick Sauber,0 days 01:51:56.869000,Track Clear,14,False,bortoleto,15.9,76.0,1010.2,True,19.2,275,2.0,Lap,2025_1,94.102,9.0,2025_1
92.622,23,4,32.984,19.307,40.331,264.0,298.0,279.0,267.0,INTERMEDIATE,22,False,Red Bull Racing,0 days 01:52:02.493000,Track Clear,15,False,lawson,15.9,76.0,1010.2,True,19.2,275,2.0,Lap,2025_1,92.874,3.0,2025_1
93.338,23,4,33.216,19.337,40.785,260.0,296.0,278.0,276.0,INTERMEDIATE,19,True,Haas F1 Team,0 days 01:52:06.137000,Track Clear,16,False,ocon,15.9,76.0,1010.2,True,19.2,275,2.0,Lap,2025_1,94.51599999999999,10.0,2025_1
93.342,23,4,33.184,19.371,40.787,259.0,295.0,279.0,273.0,INTERMEDIATE,19,False,Haas F1 Team,0 days 01:52:07.935000,Track Clear,17,False,bearman,15.9,76.0,1010.2,True,19.2,275,2.0,Lap,2025_1,94.51599999999999,10.0,2025_1
89.687,24,4,31.717,18.812,39.158,267.0,295.0,284.0,287.0,INTERMEDIATE,24,False,McLaren,0 days 01:52:27.965000,Track Clear,1,False,norris,15.9,76.0,1010.2,True,19.2,275,2.0,Lap,2025_1,90.816,1.0,2025_1
89.626,24,4,31.595,18.958,39.073,270.0,297.0,285.0,286.0,INTERMEDIATE,24,False,McLaren,0 days 01:52:29.812000,Track Clear,2,False,piastri,15.9,76.0,1010.2,True,19.2,275,2.0,Lap,2025_1,90.816,1.0,2025_1
90.978,24,4,32.243,18.994,39.741,267.0,301.0,281.0,275.0,INTERMEDIATE,24,False,Red Bull Racing,0 days 01:52:39.606000,Track Clear,3,False,max_verstappen,15.8,77.0,1010.1,False,19.2,257,2.6,Lap,2025_1,92.874,3.0,2025_1
90.673,24,4,32.023,19.104,39.546,270.0,302.0,285.0,279.0,INTERMEDIATE,24,False,Mercedes,0 days 01:52:48.437000,Track Clear,4,False,russell,15.8,77.0,1010.1,False,19.2,257,2.6,Lap,2025_1,92.312,2.0,2025_1
90.732,24,4,32.099,19.026,39.607,268.0,301.0,283.0,287.0,INTERMEDIATE,24,False,Ferrari,0 days 01:52:53.835000,Track Clear,5,False,leclerc,15.8,77.0,1010.1,False,19.2,257,2.6,Lap,2025_1,92.8955,4.0,2025_1
91.38,24,4,32.366,19.163,39.851,268.0,302.0,282.0,272.0,INTERMEDIATE,24,False,Racing Bulls,0 days 01:53:02.949000,Track Clear,6,False,tsunoda,15.8,77.0,1010.1,False,19.2,257,2.6,Lap,2025_1,93.35849999999999,8.0,2025_1
91.868,24,4,32.559,19.139,40.17,267.0,302.0,286.0,281.0,INTERMEDIATE,22,False,Williams,0 days 01:53:05.692000,Track Clear,7,False,albon,15.8,77.0,1010.1,False,19.2,257,2.6,Lap,2025_1,93.088,6.0,2025_1
91.852,24,4,32.592,18.648,40.612,267.0,321.0,293.0,283.0,INTERMEDIATE,24,False,Ferrari,0 days 01:53:06.572000,Track Clear,8,False,hamilton,15.8,77.0,1010.1,False,19.2,257,2.6,Lap,2025_1,92.8955,4.0,2025_1
92.035,24,4,32.624,19.219,40.192,259.0,294.0,281.0,,INTERMEDIATE,24,False,Alpine,0 days 01:53:09.666000,Track Clear,9,False,gasly,15.8,77.0,1010.1,False,19.2,257,2.6,Lap,2025_1,93.124,7.0,2025_1
91.665,24,4,32.237,19.253,40.175,265.0,300.0,283.0,278.0,INTERMEDIATE,24,False,Aston Martin,0 days 01:53:11.978000,Track Clear,10,False,alonso,15.8,77.0,1010.1,False,19.2,257,2.6,Lap,2025_1,92.966,5.0,2025_1
90.822,24,4,32.33,18.978,39.514,268.0,302.0,284.0,293.0,INTERMEDIATE,24,False,Mercedes,0 days 01:53:15.201000,Track Clear,11,False,antonelli,15.8,77.0,1010.1,False,19.2,257,2.6,Lap,2025_1,92.312,2.0,2025_1
92.102,24,4,32.976,19.283,39.843,,302.0,282.0,281.0,INTERMEDIATE,20,True,Aston Martin,0 days 01:53:17.447000,Track Clear,12,False,stroll,15.8,77.0,1010.1,False,19.2,257,2.6,Lap,2025_1,92.966,5.0,2025_1
92.469,24,4,32.825,19.345,40.299,261.0,297.0,281.0,288.0,INTERMEDIATE,24,False,Kick Sauber,0 days 01:53:27.067000,Track Clear,13,False,hulkenberg,15.8,77.0,1010.1,False,19.2,257,2.6,Lap,2025_1,94.102,9.0,2025_1
92.369,24,4,32.738,19.157,40.474,257.0,297.0,282.0,290.0,INTERMEDIATE,24,False,Kick Sauber,0 days 01:53:29.835000,Track Clear,14,False,bortoleto,15.8,77.0,1010.1,False,19.2,257,2.6,Lap,2025_1,94.102,9.0,2025_1
92.155,24,4,32.524,19.394,40.237,266.0,299.0,279.0,279.0,INTERMEDIATE,23,False,Red Bull Racing,0 days 01:53:35.115000,Track Clear,15,False,lawson,15.8,77.0,1010.1,False,19.2,257,2.6,Lap,2025_1,92.874,3.0,2025_1
93.048,24,4,33.089,19.269,40.69,259.0,296.0,279.0,272.0,INTERMEDIATE,20,True,Haas F1 Team,0 days 01:53:39.475000,Track Clear,16,False,ocon,15.7,75.0,1010.1,False,19.2,257,3.6,Lap,2025_1,94.51599999999999,10.0,2025_1
93.042,24,4,33.076,19.422,40.544,261.0,296.0,280.0,272.0,INTERMEDIATE,20,False,Haas F1 Team,0 days 01:53:41.277000,Track Clear,17,False,bearman,15.7,75.0,1010.1,False,19.2,257,3.6,Lap,2025_1,94.51599999999999,10.0,2025_1
89.601,25,4,31.927,18.809,38.865,268.0,295.0,285.0,283.0,INTERMEDIATE,25,False,McLaren,0 days 01:53:57.652000,Track Clear,1,False,norris,15.7,75.0,1010.1,False,19.2,257,3.6,Lap,2025_1,90.816,1.0,2025_1
89.295,25,4,31.593,18.778,38.924,271.0,296.0,286.0,290.0,INTERMEDIATE,25,False,McLaren,0 days 01:53:59.438000,Track Clear,2,False,piastri,15.7,75.0,1010.1,False,19.2,257,3.6,Lap,2025_1,90.816,1.0,2025_1
90.845,25,4,32.279,18.911,39.655,,301.0,281.0,278.0,INTERMEDIATE,25,False,Red Bull Racing,0 days 01:54:10.584000,Track Clear,3,False,max_verstappen,15.7,75.0,1010.1,False,19.2,257,3.6,Lap,2025_1,92.874,3.0,2025_1
90.488,25,4,32.021,19.014,39.453,269.0,303.0,285.0,291.0,INTERMEDIATE,25,False,Mercedes,0 days 01:54:19.110000,Track Clear,4,False,russell,15.7,75.0,1010.1,False,19.2,257,3.6,Lap,2025_1,92.312,2.0,2025_1
90.251,25,4,31.754,18.94,39.557,267.0,298.0,284.0,,INTERMEDIATE,25,False,Ferrari,0 days 01:54:24.567000,Track Clear,5,False,leclerc,15.7,75.0,1010.1,False,19.2,257,3.6,Lap,2025_1,92.8955,4.0,2025_1
91.38,25,4,32.277,19.314,39.789,,302.0,282.0,278.0,INTERMEDIATE,25,False,Racing Bulls,0 days 01:54:34.329000,Track Clear,6,False,tsunoda,15.7,75.0,1010.1,False,19.2,257,3.6,Lap,2025_1,93.35849999999999,8.0,2025_1
91.014,25,4,32.264,19.137,39.613,270.0,304.0,286.0,272.0,INTERMEDIATE,23,False,Williams,0 days 01:54:37.560000,Track Clear,7,False,albon,15.7,76.0,1010.1,False,19.2,257,3.7,Lap,2025_1,93.088,6.0,2025_1
90.86,25,4,32.254,18.764,39.842,265.0,320.0,293.0,284.0,INTERMEDIATE,25,False,Ferrari,0 days 01:54:38.424000,Track Clear,8,False,hamilton,15.7,76.0,1010.1,False,19.2,257,3.7,Lap,2025_1,92.8955,4.0,2025_1
91.622,25,4,32.743,19.12,39.759,260.0,295.0,281.0,275.0,INTERMEDIATE,25,False,Alpine,0 days 01:54:41.701000,Track Clear,9,False,gasly,15.7,76.0,1010.1,False,19.2,257,3.7,Lap,2025_1,93.124,7.0,2025_1
91.761,25,4,32.2,19.134,40.427,264.0,300.0,282.0,282.0,INTERMEDIATE,25,False,Aston Martin,0 days 01:54:43.643000,Track Clear,10,False,alonso,15.7,76.0,1010.1,False,19.2,257,3.7,Lap,2025_1,92.966,5.0,2025_1
90.706,25,4,32.088,19.045,39.573,,302.0,284.0,299.0,INTERMEDIATE,25,False,Mercedes,0 days 01:54:46.023000,Track Clear,11,False,antonelli,15.7,76.0,1010.1,False,19.2,257,3.7,Lap,2025_1,92.312,2.0,2025_1
92.092,25,4,32.667,19.19,40.235,266.0,301.0,281.0,285.0,INTERMEDIATE,21,True,Aston Martin,0 days 01:54:49.549000,Track Clear,12,False,stroll,15.7,76.0,1010.1,False,19.2,257,3.7,Lap,2025_1,92.966,5.0,2025_1
91.975,25,4,32.628,19.271,40.076,,294.0,280.0,289.0,INTERMEDIATE,25,False,Kick Sauber,0 days 01:54:59.536000,Track Clear,13,False,hulkenberg,15.7,76.0,1010.1,False,19.2,257,3.7,Lap,2025_1,94.102,9.0,2025_1
92.235,25,4,32.743,19.145,40.347,260.0,294.0,282.0,289.0,INTERMEDIATE,25,False,Kick Sauber,0 days 01:55:02.204000,Track Clear,14,False,bortoleto,15.7,76.0,1010.1,False,19.2,257,3.7,Lap,2025_1,94.102,9.0,2025_1
91.959,25,4,32.698,19.163,40.098,267.0,298.0,280.0,285.0,INTERMEDIATE,24,False,Red Bull Racing,0 days 01:55:07.270000,Track Clear,15,False,lawson,15.7,76.0,1010.1,False,19.2,257,3.7,Lap,2025_1,92.874,3.0,2025_1
92.538,25,4,32.968,19.225,40.345,,294.0,279.0,279.0,INTERMEDIATE,21,True,Haas F1 Team,0 days 01:55:12.523000,Track Clear,16,False,ocon,15.7,76.0,1010.1,False,19.2,257,3.7,Lap,2025_1,94.51599999999999,10.0,2025_1
92.613,25,4,32.813,19.274,40.526,262.0,296.0,276.0,,INTERMEDIATE,21,False,Haas F1 Team,0 days 01:55:14.319000,Track Clear,17,False,bearman,15.7,76.0,1010.1,False,19.2,257,3.7,Lap,2025_1,94.51599999999999,10.0,2025_1
89.16,26,4,31.638,18.793,38.729,267.0,294.0,285.0,289.0,INTERMEDIATE,26,False,McLaren,0 days 01:55:27.253000,Track Clear,1,False,norris,15.7,76.0,1010.1,False,19.2,257,3.7,Lap,2025_1,90.816,1.0,2025_1
89.133,26,4,31.668,18.835,38.63,,294.0,286.0,293.0,INTERMEDIATE,26,False,McLaren,0 days 01:55:28.733000,Track Clear,2,False,piastri,15.7,76.0,1010.1,False,19.2,257,3.7,Lap,2025_1,90.816,1.0,2025_1
90.293,26,4,32.159,18.938,39.196,266.0,301.0,281.0,286.0,INTERMEDIATE,26,False,Red Bull Racing,0 days 01:55:41.429000,Track Clear,3,False,max_verstappen,15.7,78.0,1010.2,True,19.2,208,2.4,Lap,2025_1,92.874,3.0,2025_1
90.111,26,4,31.996,18.996,39.119,270.0,303.0,286.0,286.0,INTERMEDIATE,26,False,Mercedes,0 days 01:55:49.598000,Track Clear,4,False,russell,15.7,78.0,1010.2,True,19.2,208,2.4,Lap,2025_1,92.312,2.0,2025_1
90.34,26,4,31.933,19.002,39.405,268.0,300.0,284.0,288.0,INTERMEDIATE,26,False,Ferrari,0 days 01:55:54.818000,Track Clear,5,False,leclerc,15.7,78.0,1010.2,True,19.2,208,2.4,Lap,2025_1,92.8955,4.0,2025_1
91.205,26,4,32.232,19.055,39.918,266.0,303.0,281.0,274.0,INTERMEDIATE,26,False,Racing Bulls,0 days 01:56:05.709000,Track Clear,6,False,tsunoda,15.7,78.0,1010.2,True,19.2,208,2.4,Lap,2025_1,93.35849999999999,8.0,2025_1
91.309,26,4,32.562,19.127,39.62,,304.0,286.0,,INTERMEDIATE,24,False,Williams,0 days 01:56:08.574000,Track Clear,7,False,albon,15.7,78.0,1010.2,True,19.2,208,2.4,Lap,2025_1,93.088,6.0,2025_1
91.302,26,4,32.531,18.781,39.99,266.0,324.0,293.0,286.0,INTERMEDIATE,26,False,Ferrari,0 days 01:56:09.284000,Track Clear,8,False,hamilton,15.7,78.0,1010.2,True,19.2,208,2.4,Lap,2025_1,92.8955,4.0,2025_1
90.928,26,4,32.305,19.052,39.571,263.0,297.0,281.0,282.0,INTERMEDIATE,26,False,Alpine,0 days 01:56:13.323000,Track Clear,9,False,gasly,15.7,78.0,1010.2,True,19.2,208,2.4,Lap,2025_1,93.124,7.0,2025_1
91.343,26,4,32.324,19.17,39.849,,298.0,282.0,288.0,INTERMEDIATE,26,False,Aston Martin,0 days 01:56:15.404000,Track Clear,10,False,alonso,15.7,78.0,1010.2,True,19.2,208,2.4,Lap,2025_1,92.966,5.0,2025_1
91.299,26,4,32.94,18.942,39.417,267.0,304.0,285.0,292.0,INTERMEDIATE,26,False,Mercedes,0 days 01:56:16.729000,Track Clear,11,False,antonelli,15.7,78.0,1010.2,True,19.2,208,2.4,Lap,2025_1,92.312,2.0,2025_1
91.547,26,4,32.676,19.358,39.513,265.0,303.0,281.0,284.0,INTERMEDIATE,22,True,Aston Martin,0 days 01:56:21.641000,Track Clear,12,False,stroll,15.7,78.0,1010.2,True,19.2,208,2.4,Lap,2025_1,92.966,5.0,2025_1
91.81,26,4,32.653,19.338,39.819,262.0,301.0,280.0,291.0,INTERMEDIATE,26,False,Kick Sauber,0 days 01:56:31.511000,Track Clear,13,False,hulkenberg,15.7,78.0,1010.2,True,19.2,208,2.4,Lap,2025_1,94.102,9.0,2025_1
91.425,26,4,32.394,19.048,39.983,261.0,299.0,283.0,291.0,INTERMEDIATE,26,False,Kick Sauber,0 days 01:56:34.439000,Track Clear,14,False,bortoleto,15.7,78.0,1010.2,True,19.2,208,2.4,Lap,2025_1,94.102,9.0,2025_1
91.129,26,4,32.146,19.066,39.917,269.0,301.0,280.0,279.0,INTERMEDIATE,25,False,Red Bull Racing,0 days 01:56:39.229000,Track Clear,15,False,lawson,15.8,77.0,1010.2,False,19.2,270,3.1,Lap,2025_1,92.874,3.0,2025_1
92.54,26,4,32.87,19.322,40.348,258.0,290.0,279.0,278.0,INTERMEDIATE,22,True,Haas F1 Team,0 days 01:56:45.061000,Track Clear,16,False,ocon,15.8,77.0,1010.2,False,19.2,270,3.1,Lap,2025_1,94.51599999999999,10.0,2025_1
92.577,26,4,32.854,19.376,40.347,260.0,295.0,279.0,283.0,INTERMEDIATE,22,False,Haas F1 Team,0 days 01:56:46.932000,Track Clear,17,False,bearman,15.8,77.0,1010.2,False,19.2,270,3.1,Lap,2025_1,94.51599999999999,10.0,2025_1
89.25,27,4,31.708,18.743,38.799,269.0,297.0,285.0,291.0,INTERMEDIATE,27,False,McLaren,0 days 01:56:56.413000,Track Clear,1,False,norris,15.8,77.0,1010.2,False,19.2,270,3.1,Lap,2025_1,90.816,1.0,2025_1
89.037,27,4,31.514,18.857,38.666,272.0,299.0,287.0,287.0,INTERMEDIATE,27,False,McLaren,0 days 01:56:57.866000,Track Clear,2,False,piastri,15.8,77.0,1010.2,False,19.2,270,3.1,Lap,2025_1,90.816,1.0,2025_1
89.731,27,4,31.904,18.868,38.959,270.0,303.0,282.0,283.0,INTERMEDIATE,27,False,Red Bull Racing,0 days 01:57:11.722000,Track Clear,3,False,max_verstappen,15.8,77.0,1010.2,False,19.2,270,3.1,Lap,2025_1,92.874,3.0,2025_1
89.863,27,4,31.797,18.898,39.168,265.0,299.0,285.0,283.0,INTERMEDIATE,27,False,Mercedes,0 days 01:57:19.709000,Track Clear,4,False,russell,15.8,77.0,1010.2,False,19.2,270,3.1,Lap,2025_1,92.312,2.0,2025_1
90.563,27,4,32.068,19.011,39.484,,300.0,284.0,291.0,INTERMEDIATE,27,False,Ferrari,0 days 01:57:25.158000,Track Clear,5,False,leclerc,15.8,77.0,1010.2,False,19.2,270,3.1,Lap,2025_1,92.8955,4.0,2025_1
91.066,27,4,32.239,19.137,39.69,268.0,302.0,282.0,280.0,INTERMEDIATE,27,False,Racing Bulls,0 days 01:57:36.914000,Track Clear,6,False,tsunoda,15.8,77.0,1010.2,False,19.2,270,3.1,Lap,2025_1,93.35849999999999,8.0,2025_1
90.452,27,4,32.063,19.107,39.282,272.0,306.0,287.0,275.0,INTERMEDIATE,25,False,Williams,0 days 01:57:39.883000,Track Clear,7,False,albon,15.7,77.0,1010.1,False,19.1,249,3.2,Lap,2025_1,93.088,6.0,2025_1
90.755,27,4,32.184,18.685,39.886,265.0,324.0,293.0,296.0,INTERMEDIATE,27,False,Ferrari,0 days 01:57:40.586000,Track Clear,8,False,hamilton,15.7,77.0,1010.1,False,19.1,249,3.2,Lap,2025_1,92.8955,4.0,2025_1
90.635,27,4,32.169,19.002,39.464,264.0,299.0,281.0,279.0,INTERMEDIATE,27,False,Alpine,0 days 01:57:44.251000,Track Clear,9,False,gasly,15.7,77.0,1010.1,False,19.1,249,3.2,Lap,2025_1,93.124,7.0,2025_1
90.895,27,4,32.032,19.001,39.862,265.0,300.0,282.0,277.0,INTERMEDIATE,27,False,Aston Martin,0 days 01:57:46.747000,Track Clear,10,False,alonso,15.7,77.0,1010.1,False,19.1,249,3.2,Lap,2025_1,92.966,5.0,2025_1
90.463,27,4,32.082,18.871,39.51,,305.0,296.0,293.0,INTERMEDIATE,27,False,Mercedes,0 days 01:57:48.028000,Track Clear,11,False,antonelli,15.7,77.0,1010.1,False,19.1,249,3.2,Lap,2025_1,92.312,2.0,2025_1
91.408,27,4,32.397,19.166,39.845,,302.0,283.0,289.0,INTERMEDIATE,23,True,Aston Martin,0 days 01:57:53.188000,Track Clear,12,False,stroll,15.7,77.0,1010.1,False,19.1,249,3.2,Lap,2025_1,92.966,5.0,2025_1
91.118,27,4,32.379,19.173,39.566,263.0,301.0,281.0,,INTERMEDIATE,27,False,Kick Sauber,0 days 01:58:03.321000,Track Clear,13,False,hulkenberg,15.7,77.0,1010.1,False,19.1,249,3.2,Lap,2025_1,94.102,9.0,2025_1
91.406,27,4,32.44,19.001,39.965,259.0,299.0,283.0,292.0,INTERMEDIATE,27,False,Kick Sauber,0 days 01:58:05.864000,Track Clear,14,False,bortoleto,15.7,77.0,1010.1,False,19.1,249,3.2,Lap,2025_1,94.102,9.0,2025_1
91.094,27,4,32.249,19.096,39.749,268.0,300.0,281.0,276.0,INTERMEDIATE,26,False,Red Bull Racing,0 days 01:58:10.358000,Track Clear,15,False,lawson,15.7,77.0,1010.1,False,19.1,249,3.2,Lap,2025_1,92.874,3.0,2025_1
92.302,27,4,32.778,19.238,40.286,259.0,291.0,280.0,280.0,INTERMEDIATE,23,True,Haas F1 Team,0 days 01:58:17.601000,Track Clear,16,False,ocon,15.7,77.0,1010.1,False,19.1,249,3.2,Lap,2025_1,94.51599999999999,10.0,2025_1
92.507,27,4,32.949,19.382,40.176,259.0,296.0,277.0,285.0,INTERMEDIATE,23,False,Haas F1 Team,0 days 01:58:19.509000,Track Clear,17,False,bearman,15.7,77.0,1010.1,False,19.1,249,3.2,Lap,2025_1,94.51599999999999,10.0,2025_1
89.097,28,4,31.595,18.795,38.707,270.0,301.0,287.0,290.0,INTERMEDIATE,28,False,McLaren,0 days 01:58:25.663000,Track Clear,1,False,norris,15.7,77.0,1010.1,False,19.1,249,3.2,Lap,2025_1,90.816,1.0,2025_1
88.629,28,4,31.511,18.64,38.478,273.0,304.0,298.0,289.0,INTERMEDIATE,28,False,McLaren,0 days 01:58:26.903000,Track Clear,2,False,piastri,15.7,77.0,1010.1,False,19.1,249,3.2,Lap,2025_1,90.816,1.0,2025_1
89.411,28,4,31.769,18.848,38.794,272.0,301.0,283.0,286.0,INTERMEDIATE,28,False,Red Bull Racing,0 days 01:58:41.453000,Track Clear,3,False,max_verstappen,15.7,77.0,1010.2,False,19.1,229,2.5,Lap,2025_1,92.874,3.0,2025_1
89.696,28,4,31.673,18.841,39.182,267.0,296.0,287.0,287.0,INTERMEDIATE,28,False,Mercedes,0 days 01:58:49.572000,Track Clear,4,False,russell,15.7,77.0,1010.2,False,19.1,229,2.5,Lap,2025_1,92.312,2.0,2025_1
89.723,28,4,31.671,18.863,39.189,271.0,301.0,284.0,288.0,INTERMEDIATE,28,False,Ferrari,0 days 01:58:55.721000,Track Clear,5,False,leclerc,15.7,77.0,1010.2,False,19.1,229,2.5,Lap,2025_1,92.8955,4.0,2025_1
90.709,28,4,32.024,19.006,39.679,269.0,301.0,282.0,277.0,INTERMEDIATE,28,False,Racing Bulls,0 days 01:59:07.980000,Track Clear,6,False,tsunoda,15.7,77.0,1010.2,False,19.1,229,2.5,Lap,2025_1,93.35849999999999,8.0,2025_1
90.332,28,4,32.112,19.035,39.185,,304.0,287.0,283.0,INTERMEDIATE,26,False,Williams,0 days 01:59:10.335000,Track Clear,7,False,albon,15.7,77.0,1010.2,False,19.1,229,2.5,Lap,2025_1,93.088,6.0,2025_1
90.143,28,4,31.957,18.498,39.688,268.0,322.0,294.0,293.0,INTERMEDIATE,28,False,Ferrari,0 days 01:59:11.341000,Track Clear,8,False,hamilton,15.7,77.0,1010.2,False,19.1,229,2.5,Lap,2025_1,92.8955,4.0,2025_1
90.382,28,4,32.019,18.955,39.408,265.0,297.0,282.0,277.0,INTERMEDIATE,28,False,Alpine,0 days 01:59:14.886000,Track Clear,9,False,gasly,15.7,77.0,1010.2,False,19.1,229,2.5,Lap,2025_1,93.124,7.0,2025_1
90.652,28,4,32.03,19.067,39.555,258.0,296.0,283.0,291.0,INTERMEDIATE,28,False,Aston Martin,0 days 01:59:17.642000,Track Clear,10,False,alonso,15.7,77.0,1010.2,False,19.1,229,2.5,Lap,2025_1,92.966,5.0,2025_1
90.716,28,4,32.111,18.504,40.101,266.0,316.0,296.0,296.0,INTERMEDIATE,28,False,Mercedes,0 days 01:59:18.491000,Track Clear,11,False,antonelli,15.7,77.0,1010.2,False,19.1,229,2.5,Lap,2025_1,92.312,2.0,2025_1
90.725,28,4,32.017,19.156,39.552,267.0,301.0,283.0,293.0,INTERMEDIATE,24,True,Aston Martin,0 days 01:59:24.596000,Track Clear,12,False,stroll,15.7,77.0,1010.2,False,19.1,229,2.5,Lap,2025_1,92.966,5.0,2025_1
90.801,28,4,32.247,19.196,39.358,260.0,297.0,281.0,289.0,INTERMEDIATE,28,False,Kick Sauber,0 days 01:59:34.439000,Track Clear,13,False,hulkenberg,15.7,77.0,1010.2,False,19.1,229,2.5,Lap,2025_1,94.102,9.0,2025_1
90.755,28,4,32.268,18.908,39.579,264.0,299.0,282.0,290.0,INTERMEDIATE,28,False,Kick Sauber,0 days 01:59:37.270000,Track Clear,14,False,bortoleto,15.7,77.0,1010.2,False,19.1,229,2.5,Lap,2025_1,94.102,9.0,2025_1
91.084,28,4,31.836,19.568,39.68,271.0,298.0,279.0,277.0,INTERMEDIATE,27,False,Red Bull Racing,0 days 01:59:41.452000,Track Clear,15,True,lawson,15.7,78.0,1010.1,False,19.1,261,2.3,Lap,2025_1,92.874,3.0,2025_1
92.21,28,4,32.499,19.286,40.425,262.0,294.0,280.0,283.0,INTERMEDIATE,24,True,Haas F1 Team,0 days 01:59:49.903000,Track Clear,16,False,ocon,15.7,78.0,1010.1,False,19.1,261,2.3,Lap,2025_1,94.51599999999999,10.0,2025_1
88.357,29,4,31.183,18.556,38.618,272.0,318.0,287.0,291.0,INTERMEDIATE,29,False,McLaren,0 days 01:59:54.760000,Track Clear,1,False,norris,15.7,78.0,1010.1,False,19.1,261,2.3,Lap,2025_1,90.816,1.0,2025_1
88.188,29,4,31.358,18.343,38.487,,325.0,298.0,292.0,INTERMEDIATE,29,False,McLaren,0 days 01:59:55.532000,Track Clear,2,False,piastri,15.7,78.0,1010.1,False,19.1,261,2.3,Lap,2025_1,90.816,1.0,2025_1
94.505,28,4,32.809,20.948,40.748,,253.0,280.0,282.0,INTERMEDIATE,24,False,Haas F1 Team,0 days 01:59:52.016000,Track Clear,17,False,bearman,15.7,78.0,1010.1,False,19.1,261,2.3,Lap,2025_1,94.51599999999999,10.0,2025_1
89.043,29,4,31.543,18.815,38.685,270.0,301.0,283.0,289.0,INTERMEDIATE,29,False,Red Bull Racing,0 days 02:00:10.864000,Track Clear,3,False,max_verstappen,15.7,78.0,1010.1,False,19.1,261,2.3,Lap,2025_1,92.874,3.0,2025_1
89.488,29,4,31.568,18.86,39.06,,298.0,284.0,292.0,INTERMEDIATE,29,False,Mercedes,0 days 02:00:19.268000,Track Clear,4,False,russell,15.7,78.0,1010.1,False,19.1,261,2.3,Lap,2025_1,92.312,2.0,2025_1
89.492,29,4,31.588,18.944,38.96,,300.0,284.0,291.0,INTERMEDIATE,29,False,Ferrari,0 days 02:00:25.444000,Track Clear,5,False,leclerc,15.7,78.0,1010.1,False,19.1,261,2.3,Lap,2025_1,92.8955,4.0,2025_1
90.031,29,4,31.92,18.945,39.166,268.0,302.0,282.0,284.0,INTERMEDIATE,29,False,Racing Bulls,0 days 02:00:38.689000,Track Clear,6,False,tsunoda,15.7,77.0,1010.1,False,19.1,250,2.7,Lap,2025_1,93.35849999999999,8.0,2025_1
90.023,29,4,31.76,19.016,39.247,,306.0,286.0,280.0,INTERMEDIATE,27,False,Williams,0 days 02:00:40.667000,Track Clear,7,False,albon,15.7,77.0,1010.1,False,19.1,250,2.7,Lap,2025_1,93.088,6.0,2025_1
90.127,29,4,31.912,18.584,39.631,,320.0,292.0,297.0,INTERMEDIATE,29,False,Ferrari,0 days 02:00:41.484000,Track Clear,8,False,hamilton,15.7,77.0,1010.1,False,19.1,250,2.7,Lap,2025_1,92.8955,4.0,2025_1
90.051,29,4,31.855,18.938,39.258,264.0,297.0,278.0,284.0,INTERMEDIATE,29,False,Alpine,0 days 02:00:45.268000,Track Clear,9,False,gasly,15.7,77.0,1010.1,False,19.1,250,2.7,Lap,2025_1,93.124,7.0,2025_1
89.718,29,4,31.491,18.976,39.251,264.0,296.0,282.0,296.0,INTERMEDIATE,29,False,Aston Martin,0 days 02:00:48.294000,Track Clear,10,False,alonso,15.7,77.0,1010.1,False,19.1,250,2.7,Lap,2025_1,92.966,5.0,2025_1
89.919,29,4,31.785,18.794,39.34,268.0,303.0,285.0,297.0,INTERMEDIATE,29,False,Mercedes,0 days 02:00:49.207000,Track Clear,11,False,antonelli,15.7,77.0,1010.1,False,19.1,250,2.7,Lap,2025_1,92.312,2.0,2025_1
90.935,29,4,32.319,19.146,39.47,270.0,300.0,283.0,288.0,INTERMEDIATE,25,True,Aston Martin,0 days 02:00:55.321000,Track Clear,12,False,stroll,15.7,77.0,1010.1,False,19.1,250,2.7,Lap,2025_1,92.966,5.0,2025_1
90.378,29,4,32.112,19.125,39.141,262.0,297.0,282.0,290.0,INTERMEDIATE,29,False,Kick Sauber,0 days 02:01:05.240000,Track Clear,13,False,hulkenberg,15.7,77.0,1010.1,False,19.1,250,2.7,Lap,2025_1,94.102,9.0,2025_1
91.329,29,4,32.451,19.079,39.799,258.0,296.0,283.0,291.0,INTERMEDIATE,29,False,Kick Sauber,0 days 02:01:08.025000,Track Clear,14,False,bortoleto,15.7,77.0,1010.1,False,19.1,250,2.7,Lap,2025_1,94.102,9.0,2025_1
90.803,29,4,32.139,19.191,39.473,267.0,297.0,280.0,,INTERMEDIATE,28,False,Red Bull Racing,0 days 02:01:12.536000,Track Clear,15,False,lawson,15.7,77.0,1010.1,False,19.1,250,2.7,Lap,2025_1,92.874,3.0,2025_1
88.032,30,4,31.395,18.641,37.996,269.0,296.0,286.0,292.0,INTERMEDIATE,30,False,McLaren,0 days 02:01:23.117000,Track Clear,1,False,norris,15.7,77.0,1010.1,False,19.1,250,2.7,Lap,2025_1,90.816,1.0,2025_1
88.331,30,4,31.431,18.388,38.512,,320.0,297.0,294.0,INTERMEDIATE,30,False,McLaren,0 days 02:01:23.720000,Track Clear,2,False,piastri,15.7,77.0,1010.1,False,19.1,250,2.7,Lap,2025_1,90.816,1.0,2025_1
93.743,29,4,34.667,19.133,39.943,258.0,297.0,278.0,277.0,INTERMEDIATE,25,True,Haas F1 Team,0 days 02:01:22.113000,Track Clear,16,False,ocon,15.7,77.0,1010.1,False,19.1,250,2.7,Lap,2025_1,94.51599999999999,10.0,2025_1
91.267,29,4,32.417,19.13,39.72,265.0,302.0,278.0,278.0,INTERMEDIATE,25,False,Haas F1 Team,0 days 02:01:26.521000,Track Clear,17,False,bearman,15.7,77.0,1010.1,False,19.1,250,2.7,Lap,2025_1,94.51599999999999,10.0,2025_1
88.237,30,4,31.103,18.635,38.499,271.0,300.0,282.0,292.0,INTERMEDIATE,30,False,Red Bull Racing,0 days 02:01:39.907000,Track Clear,3,False,max_verstappen,15.7,77.0,1010.1,False,19.1,250,2.7,Lap,2025_1,92.874,3.0,2025_1
89.789,30,4,31.712,18.86,39.217,,296.0,285.0,284.0,INTERMEDIATE,30,False,Mercedes,0 days 02:01:48.756000,Track Clear,4,False,russell,15.7,77.0,1010.1,False,19.1,218,3.1,Lap,2025_1,92.312,2.0,2025_1
89.367,30,4,31.248,18.963,39.156,,300.0,284.0,293.0,INTERMEDIATE,30,False,Ferrari,0 days 02:01:54.936000,Track Clear,5,False,leclerc,15.7,77.0,1010.1,False,19.1,218,3.1,Lap,2025_1,92.8955,4.0,2025_1
90.184,30,4,31.554,18.929,39.701,271.0,301.0,281.0,282.0,INTERMEDIATE,30,False,Racing Bulls,0 days 02:02:08.720000,Track Clear,6,False,tsunoda,15.7,77.0,1010.1,False,19.1,218,3.1,Lap,2025_1,93.35849999999999,8.0,2025_1
89.628,30,4,31.511,18.876,39.241,273.0,304.0,286.0,278.0,INTERMEDIATE,28,False,Williams,0 days 02:02:10.690000,Track Clear,7,False,albon,15.7,77.0,1010.1,False,19.1,218,3.1,Lap,2025_1,93.088,6.0,2025_1
89.737,30,4,31.564,18.46,39.713,271.0,324.0,284.0,291.0,INTERMEDIATE,30,False,Ferrari,0 days 02:02:11.611000,Track Clear,8,False,hamilton,15.7,77.0,1010.1,False,19.1,218,3.1,Lap,2025_1,92.8955,4.0,2025_1
90.124,30,4,31.654,18.998,39.472,265.0,297.0,279.0,282.0,INTERMEDIATE,30,False,Alpine,0 days 02:02:15.319000,Track Clear,9,False,gasly,15.7,77.0,1010.1,False,19.1,218,3.1,Lap,2025_1,93.124,7.0,2025_1
89.374,30,4,31.387,18.884,39.103,263.0,293.0,283.0,289.0,INTERMEDIATE,30,False,Aston Martin,0 days 02:02:18.012000,Track Clear,10,False,alonso,15.7,77.0,1010.1,False,19.1,218,3.1,Lap,2025_1,92.966,5.0,2025_1
89.794,30,4,31.823,18.759,39.212,269.0,304.0,283.0,288.0,INTERMEDIATE,30,False,Mercedes,0 days 02:02:19.126000,Track Clear,11,False,antonelli,15.7,77.0,1010.1,False,19.1,218,3.1,Lap,2025_1,92.312,2.0,2025_1
90.853,30,4,32.46,19.033,39.36,268.0,300.0,282.0,289.0,INTERMEDIATE,26,True,Aston Martin,0 days 02:02:26.256000,Track Clear,12,False,stroll,15.7,77.0,1010.1,False,19.1,218,3.1,Lap,2025_1,92.966,5.0,2025_1
90.691,30,4,32.048,19.285,39.358,,296.0,281.0,289.0,INTERMEDIATE,30,False,Kick Sauber,0 days 02:02:35.618000,Track Clear,13,False,hulkenberg,15.7,77.0,1010.1,False,19.1,218,3.1,Lap,2025_1,94.102,9.0,2025_1
91.146,30,4,32.456,19.054,39.636,261.0,297.0,282.0,,INTERMEDIATE,30,False,Kick Sauber,0 days 02:02:39.354000,Track Clear,14,False,bortoleto,15.8,77.0,1010.1,False,19.1,256,2.5,Lap,2025_1,94.102,9.0,2025_1
91.312,30,4,32.176,19.287,39.849,266.0,297.0,279.0,286.0,INTERMEDIATE,29,False,Red Bull Racing,0 days 02:02:43.339000,Track Clear,15,False,lawson,15.8,77.0,1010.1,False,19.1,256,2.5,Lap,2025_1,92.874,3.0,2025_1
87.695,31,4,31.136,18.747,37.812,272.0,297.0,286.0,295.0,INTERMEDIATE,31,False,McLaren,0 days 02:02:51.149000,Track Clear,1,False,norris,15.8,77.0,1010.1,False,19.1,256,2.5,Lap,2025_1,90.816,1.0,2025_1
87.916,31,4,31.235,18.319,38.362,272.0,318.0,296.0,296.0,INTERMEDIATE,31,False,McLaren,0 days 02:02:52.051000,Track Clear,2,False,piastri,15.8,77.0,1010.1,False,19.1,256,2.5,Lap,2025_1,90.816,1.0,2025_1
91.501,30,4,32.641,19.103,39.757,263.0,298.0,278.0,279.0,INTERMEDIATE,26,True,Haas F1 Team,0 days 02:02:55.856000,Track Clear,16,False,ocon,15.8,77.0,1010.1,False,19.1,256,2.5,Lap,2025_1,94.51599999999999,10.0,2025_1
91.377,30,4,32.569,19.124,39.684,258.0,293.0,278.0,277.0,INTERMEDIATE,26,False,Haas F1 Team,0 days 02:02:57.788000,Track Clear,17,False,bearman,15.8,77.0,1010.1,False,19.1,256,2.5,Lap,2025_1,94.51599999999999,10.0,2025_1
88.127,31,4,31.123,18.741,38.263,270.0,297.0,284.0,288.0,INTERMEDIATE,31,False,Red Bull Racing,0 days 02:03:08.144000,Track Clear,3,False,max_verstappen,15.8,77.0,1010.1,False,19.1,256,2.5,Lap,2025_1,92.874,3.0,2025_1
89.041,31,4,31.561,18.875,38.605,266.0,298.0,284.0,290.0,INTERMEDIATE,31,False,Mercedes,0 days 02:03:18.545000,Track Clear,4,False,russell,15.8,77.0,1010.1,False,19.1,256,2.5,Lap,2025_1,92.312,2.0,2025_1
89.546,31,4,31.524,18.867,39.155,269.0,297.0,283.0,292.0,INTERMEDIATE,31,False,Ferrari,0 days 02:03:24.303000,Track Clear,5,False,leclerc,15.8,77.0,1010.1,False,19.1,256,2.5,Lap,2025_1,92.8955,4.0,2025_1
90.082,31,4,31.678,19.021,39.383,,299.0,280.0,283.0,INTERMEDIATE,31,False,Racing Bulls,0 days 02:03:38.904000,Track Clear,6,False,tsunoda,15.8,77.0,1010.1,False,19.1,245,2.1,Lap,2025_1,93.35849999999999,8.0,2025_1
90.053,31,4,31.829,19.026,39.198,272.0,303.0,285.0,291.0,INTERMEDIATE,29,False,Williams,0 days 02:03:40.318000,Track Clear,7,False,albon,15.8,77.0,1010.1,False,19.1,245,2.1,Lap,2025_1,93.088,6.0,2025_1
90.422,31,4,32.276,18.942,39.204,253.0,300.0,281.0,295.0,INTERMEDIATE,31,False,Ferrari,0 days 02:03:41.348000,Track Clear,8,False,hamilton,15.8,77.0,1010.1,False,19.1,245,2.1,Lap,2025_1,92.8955,4.0,2025_1
89.299,31,4,31.513,18.869,38.917,266.0,296.0,280.0,283.0,INTERMEDIATE,31,False,Alpine,0 days 02:03:45.443000,Track Clear,9,False,gasly,15.8,77.0,1010.1,False,19.1,245,2.1,Lap,2025_1,93.124,7.0,2025_1
88.85,31,4,31.446,18.83,38.574,264.0,294.0,283.0,290.0,INTERMEDIATE,31,False,Aston Martin,0 days 02:03:47.386000,Track Clear,10,False,alonso,15.8,77.0,1010.1,False,19.1,245,2.1,Lap,2025_1,92.966,5.0,2025_1
89.245,31,4,31.583,18.748,38.914,271.0,301.0,284.0,289.0,INTERMEDIATE,31,False,Mercedes,0 days 02:03:48.920000,Track Clear,11,False,antonelli,15.8,77.0,1010.1,False,19.1,245,2.1,Lap,2025_1,92.312,2.0,2025_1
91.077,31,4,32.533,19.147,39.397,266.0,297.0,282.0,283.0,INTERMEDIATE,27,True,Aston Martin,0 days 02:03:57.109000,Track Clear,12,False,stroll,15.8,77.0,1010.1,False,19.1,245,2.1,Lap,2025_1,92.966,5.0,2025_1
90.071,31,4,31.864,19.06,39.147,264.0,297.0,281.0,290.0,INTERMEDIATE,31,False,Kick Sauber,0 days 02:04:06.309000,Track Clear,13,False,hulkenberg,15.8,77.0,1010.1,False,19.1,245,2.1,Lap,2025_1,94.102,9.0,2025_1
90.446,31,4,32.239,18.913,39.294,265.0,299.0,283.0,292.0,INTERMEDIATE,31,False,Kick Sauber,0 days 02:04:10.500000,Track Clear,14,False,bortoleto,15.8,77.0,1010.1,False,19.1,245,2.1,Lap,2025_1,94.102,9.0,2025_1
91.649,31,4,32.217,19.208,40.224,268.0,295.0,266.0,276.0,INTERMEDIATE,30,False,Red Bull Racing,0 days 02:04:14.651000,Track Clear,15,False,lawson,15.8,77.0,1010.1,False,19.1,245,2.1,Lap,2025_1,92.874,3.0,2025_1
87.8,32,4,31.021,18.717,38.062,270.0,300.0,288.0,,INTERMEDIATE,32,False,McLaren,0 days 02:04:18.844000,Track Clear,1,False,norris,15.8,77.0,1010.1,False,19.1,245,2.1,Lap,2025_1,90.816,1.0,2025_1
89.379,32,4,31.377,19.491,38.511,,295.0,286.0,293.0,INTERMEDIATE,32,False,McLaren,0 days 02:04:19.967000,Track Clear,2,True,piastri,15.8,77.0,1010.1,False,19.1,245,2.1,Lap,2025_1,90.816,1.0,2025_1
91.624,31,4,32.297,19.419,39.908,258.0,287.0,279.0,277.0,INTERMEDIATE,27,True,Haas F1 Team,0 days 02:04:27.357000,Track Clear,16,False,ocon,15.8,77.0,1010.1,False,19.1,245,2.1,Lap,2025_1,94.51599999999999,10.0,2025_1
91.257,31,4,32.206,19.268,39.783,259.0,290.0,278.0,282.0,INTERMEDIATE,27,False,Haas F1 Team,0 days 02:04:29.165000,Track Clear,17,False,bearman,15.8,77.0,1010.1,False,19.1,245,2.1,Lap,2025_1,94.51599999999999,10.0,2025_1
88.208,32,4,30.905,18.89,38.413,,298.0,283.0,287.0,INTERMEDIATE,32,False,Red Bull Racing,0 days 02:04:36.271000,Track Clear,3,False,max_verstappen,15.8,77.0,1010.1,False,19.1,245,2.1,Lap,2025_1,92.874,3.0,2025_1
89.361,32,4,31.492,18.922,38.947,271.0,298.0,285.0,292.0,INTERMEDIATE,32,False,Mercedes,0 days 02:04:47.586000,Track Clear,4,False,russell,15.8,71.0,1010.1,False,19.1,248,4.4,Lap,2025_1,92.312,2.0,2025_1
89.337,32,4,31.356,18.945,39.036,271.0,297.0,283.0,293.0,INTERMEDIATE,32,False,Ferrari,0 days 02:04:53.849000,Track Clear,5,False,leclerc,15.8,71.0,1010.1,False,19.1,248,4.4,Lap,2025_1,92.8955,4.0,2025_1
90.492,32,4,31.845,19.051,39.596,268.0,298.0,281.0,281.0,INTERMEDIATE,32,False,Racing Bulls,0 days 02:05:08.986000,Track Clear,6,False,tsunoda,15.8,71.0,1010.1,False,19.1,248,4.4,Lap,2025_1,93.35849999999999,8.0,2025_1
90.186,32,4,32.0,19.029,39.157,271.0,302.0,286.0,290.0,INTERMEDIATE,30,False,Williams,0 days 02:05:10.371000,Track Clear,7,False,albon,15.8,71.0,1010.1,False,19.1,248,4.4,Lap,2025_1,93.088,6.0,2025_1
90.234,32,4,31.898,19.33,39.006,264.0,299.0,284.0,289.0,INTERMEDIATE,32,False,Ferrari,0 days 02:05:11.770000,Track Clear,8,False,hamilton,15.8,71.0,1010.1,False,19.1,248,4.4,Lap,2025_1,92.8955,4.0,2025_1
89.383,32,4,31.618,18.85,38.915,267.0,296.0,280.0,280.0,INTERMEDIATE,32,False,Alpine,0 days 02:05:14.742000,Track Clear,9,False,gasly,15.8,71.0,1010.1,False,19.1,248,4.4,Lap,2025_1,93.124,7.0,2025_1
88.819,32,4,31.156,19.014,38.649,265.0,298.0,284.0,294.0,INTERMEDIATE,32,False,Aston Martin,0 days 02:05:16.236000,Track Clear,10,False,alonso,15.8,71.0,1010.1,False,19.1,248,4.4,Lap,2025_1,92.966,5.0,2025_1
89.032,32,4,31.369,18.773,38.89,270.0,302.0,283.0,291.0,INTERMEDIATE,32,False,Mercedes,0 days 02:05:18.165000,Track Clear,11,False,antonelli,15.8,71.0,1010.1,False,19.1,248,4.4,Lap,2025_1,92.312,2.0,2025_1
90.657,32,4,32.003,19.469,39.185,267.0,299.0,282.0,288.0,INTERMEDIATE,28,True,Aston Martin,0 days 02:05:28.186000,Track Clear,12,False,stroll,15.8,71.0,1010.1,False,19.1,248,4.4,Lap,2025_1,92.966,5.0,2025_1
90.109,32,4,32.056,19.242,38.811,263.0,299.0,282.0,289.0,INTERMEDIATE,32,False,Kick Sauber,0 days 02:05:36.380000,Track Clear,13,False,hulkenberg,15.8,71.0,1010.1,False,19.1,248,4.4,Lap,2025_1,94.102,9.0,2025_1
89.83,32,4,31.969,18.924,38.937,260.0,299.0,283.0,291.0,INTERMEDIATE,32,False,Kick Sauber,0 days 02:05:40.946000,Track Clear,14,False,bortoleto,15.9,71.0,1010.1,False,19.0,232,4.3,Lap,2025_1,94.102,9.0,2025_1
87.495,33,4,31.193,18.769,37.533,269.0,298.0,287.0,291.0,INTERMEDIATE,33,False,McLaren,0 days 02:05:46.644000,Track Clear,1,False,norris,15.9,71.0,1010.1,False,19.0,232,4.3,Lap,2025_1,90.816,1.0,2025_1
88.226,33,4,31.02,18.951,38.255,273.0,317.0,287.0,290.0,INTERMEDIATE,33,False,McLaren,0 days 02:05:49.346000,Track Clear,2,False,piastri,15.9,71.0,1010.1,False,19.0,232,4.3,Lap,2025_1,90.816,1.0,2025_1
93.76,32,4,33.259,20.172,40.329,267.0,275.0,279.0,235.0,INTERMEDIATE,31,False,Red Bull Racing,0 days 02:05:46.300000,Track Clear,15,False,lawson,15.9,71.0,1010.1,False,19.0,232,4.3,Lap,2025_1,92.874,3.0,2025_1
96.714,46,5,30.967,19.082,46.665,269.0,291.0,272.0,276.0,HARD,14,False,Ferrari,0 days 02:31:16.018000,Track Clear,1,False,hamilton,15.9,80.0,1010.3,True,19.3,141,1.4,Lap,2025_1,92.8955,4.0,2025_1
96.429,46,5,31.136,17.831,47.462,272.0,331.0,286.0,256.0,HARD,13,False,Ferrari,0 days 02:31:20.304000,Track Clear,2,False,leclerc,15.9,80.0,1010.3,True,19.3,141,1.4,Lap,2025_1,92.8955,4.0,2025_1
91.567,46,6,31.083,19.028,41.456,267.0,294.0,287.0,292.0,INTERMEDIATE,2,True,McLaren,0 days 02:31:25.580000,Track Clear,3,False,norris,15.9,80.0,1010.3,True,19.3,141,1.4,Lap,2025_1,90.816,1.0,2025_1
100.978,46,5,34.153,18.442,48.383,266.0,310.0,279.0,256.0,MEDIUM,13,True,Racing Bulls,0 days 02:31:16.550000,Track Clear,4,False,tsunoda,15.9,80.0,1010.3,True,19.3,141,1.4,Lap,2025_1,93.35849999999999,8.0,2025_1
91.87,46,6,31.808,18.881,41.181,265.0,292.0,290.0,292.0,INTERMEDIATE,2,True,Mercedes,0 days 02:31:33.721000,Track Clear,6,False,russell,15.9,80.0,1010.3,True,19.3,141,1.4,Lap,2025_1,92.312,2.0,2025_1
92.795,46,6,31.869,18.953,41.973,263.0,318.0,296.0,272.0,INTERMEDIATE,2,True,Williams,0 days 02:31:35.012000,Track Clear,7,False,albon,15.9,80.0,1010.3,True,19.3,141,1.4,Lap,2025_1,93.088,6.0,2025_1
90.78,46,6,31.827,18.635,40.318,264.0,319.0,287.0,288.0,INTERMEDIATE,2,True,Mercedes,0 days 02:31:39.484000,Track Clear,8,False,antonelli,15.7,80.0,1010.4,True,19.3,144,1.8,Lap,2025_1,92.312,2.0,2025_1
99.457,46,5,32.773,19.003,47.681,270.0,290.0,269.0,263.0,MEDIUM,13,True,Red Bull Racing,0 days 02:31:31.606000,Track Clear,9,False,lawson,15.7,80.0,1010.4,True,19.3,144,1.8,Lap,2025_1,92.874,3.0,2025_1
92.361,46,6,31.718,19.199,41.444,266.0,297.0,287.0,292.0,INTERMEDIATE,2,True,Aston Martin,0 days 02:31:39.019000,Track Clear,10,False,stroll,15.7,80.0,1010.4,True,19.3,144,1.8,Lap,2025_1,92.966,5.0,2025_1
91.21,46,6,31.335,19.143,40.732,267.0,300.0,287.0,294.0,INTERMEDIATE,2,True,Kick Sauber,0 days 02:31:41.489000,Track Clear,12,False,hulkenberg,15.7,80.0,1010.4,True,19.3,144,1.8,Lap,2025_1,94.102,9.0,2025_1
93.198,52,6,33.533,19.49,40.175,263.0,293.0,286.0,268.0,INTERMEDIATE,8,True,McLaren,0 days 02:44:09.422000,Track Clear,1,False,norris,15.1,78.0,1010.6,False,18.7,161,1.4,Lap,2025_1,90.816,1.0,2025_1
93.864,52,6,34.079,19.408,40.377,267.0,293.0,286.0,244.0,INTERMEDIATE,6,True,Red Bull Racing,0 days 02:44:10.067000,Track Clear,2,False,max_verstappen,15.1,78.0,1010.6,False,18.7,161,1.4,Lap,2025_1,92.874,3.0,2025_1
94.334,52,6,33.99,19.388,40.956,267.0,302.0,289.0,242.0,INTERMEDIATE,8,True,Mercedes,0 days 02:44:10.776000,Track Clear,3,False,russell,15.1,78.0,1010.6,False,18.7,161,1.4,Lap,2025_1,92.312,2.0,2025_1
94.996,52,6,34.191,19.708,41.097,265.0,300.0,289.0,240.0,INTERMEDIATE,8,True,Williams,0 days 02:44:11.626000,Track Clear,4,False,albon,15.1,78.0,1010.6,False,18.7,161,1.4,Lap,2025_1,93.088,6.0,2025_1
95.008,52,6,34.277,19.53,41.201,265.0,299.0,286.0,253.0,INTERMEDIATE,8,True,Mercedes,0 days 02:44:12.662000,Track Clear,5,False,antonelli,15.1,78.0,1010.6,False,18.7,161,1.4,Lap,2025_1,92.312,2.0,2025_1
95.395,52,6,34.809,19.564,41.022,262.0,295.0,286.0,257.0,INTERMEDIATE,8,True,Aston Martin,0 days 02:44:14.895000,Track Clear,6,False,stroll,15.1,78.0,1010.6,False,18.7,161,1.4,Lap,2025_1,92.966,5.0,2025_1
95.935,52,6,35.346,19.5,41.089,265.0,301.0,287.0,236.0,INTERMEDIATE,8,True,Kick Sauber,0 days 02:44:14.918000,Track Clear,7,False,hulkenberg,15.1,78.0,1010.6,False,18.7,161,1.4,Lap,2025_1,94.102,9.0,2025_1
96.326,52,6,35.475,19.5,41.351,260.0,303.0,287.0,233.0,INTERMEDIATE,6,True,Alpine,0 days 02:44:15.314000,Track Clear,8,False,gasly,15.1,78.0,1010.6,False,18.7,161,1.4,Lap,2025_1,93.124,7.0,2025_1
96.38,52,6,35.427,19.167,41.786,264.0,295.0,289.0,239.0,INTERMEDIATE,5,True,Ferrari,0 days 02:44:15.814000,Track Clear,9,False,leclerc,15.1,78.0,1010.6,False,18.7,161,1.4,Lap,2025_1,92.8955,4.0,2025_1
97.051,52,6,36.302,19.305,41.444,261.0,304.0,289.0,239.0,INTERMEDIATE,5,True,Ferrari,0 days 02:44:15.625000,Track Clear,10,False,hamilton,15.1,78.0,1010.6,False,18.7,161,1.4,Lap,2025_1,92.8955,4.0,2025_1
97.809,52,6,35.918,19.545,42.346,262.0,307.0,285.0,225.0,INTERMEDIATE,5,True,Racing Bulls,0 days 02:44:16.882000,Track Clear,11,False,tsunoda,15.1,78.0,1010.6,False,18.7,161,1.4,Lap,2025_1,93.35849999999999,8.0,2025_1
97.224,52,6,36.897,19.713,40.614,262.0,301.0,293.0,243.0,INTERMEDIATE,8,True,McLaren,0 days 02:44:17.651000,Track Clear,12,False,piastri,15.1,78.0,1010.6,False,18.7,161,1.4,Lap,2025_1,90.816,1.0,2025_1
98.747,52,6,35.981,19.771,42.995,257.0,283.0,284.0,223.0,INTERMEDIATE,6,True,Haas F1 Team,0 days 02:44:18.481000,Track Clear,13,False,ocon,15.1,78.0,1010.6,False,18.7,161,1.4,Lap,2025_1,94.51599999999999,10.0,2025_1
93.258,52,6,32.933,19.588,40.737,254.0,278.0,281.0,274.0,INTERMEDIATE,8,True,Haas F1 Team,0 days 02:44:40.073000,Track Clear,14,False,bearman,15.2,77.0,1010.4,False,18.7,161,1.6,Lap,2025_1,94.51599999999999,10.0,2025_1
90.482,53,6,32.025,19.219,39.238,267.0,287.0,289.0,290.0,INTERMEDIATE,9,True,McLaren,0 days 02:45:42.620000,Track Clear,1,False,norris,15.4,77.0,1010.6,False,18.7,154,2.3,Lap,2025_1,90.816,1.0,2025_1
90.859,53,6,32.113,19.031,39.715,270.0,292.0,286.0,273.0,INTERMEDIATE,7,True,Red Bull Racing,0 days 02:45:43.931000,Track Clear,2,False,max_verstappen,15.4,77.0,1010.6,False,18.7,154,2.3,Lap,2025_1,92.874,3.0,2025_1
91.177,53,6,32.409,19.021,39.747,272.0,298.0,289.0,272.0,INTERMEDIATE,9,True,Mercedes,0 days 02:45:45.110000,Track Clear,3,False,russell,15.4,77.0,1010.6,False,18.7,154,2.3,Lap,2025_1,92.312,2.0,2025_1
91.917,53,6,32.586,19.108,40.223,268.0,294.0,288.0,260.0,INTERMEDIATE,9,True,Williams,0 days 02:45:46.622000,Track Clear,4,False,albon,15.4,77.0,1010.6,False,18.7,154,2.3,Lap,2025_1,93.088,6.0,2025_1
91.398,53,6,32.679,19.001,39.718,269.0,297.0,288.0,280.0,INTERMEDIATE,9,True,Mercedes,0 days 02:45:47.670000,Track Clear,5,False,antonelli,15.4,77.0,1010.6,False,18.7,154,2.3,Lap,2025_1,92.312,2.0,2025_1
91.558,53,6,32.677,19.155,39.726,263.0,288.0,285.0,274.0,INTERMEDIATE,9,True,Aston Martin,0 days 02:45:50.290000,Track Clear,6,False,stroll,15.4,77.0,1010.6,False,18.7,154,2.3,Lap,2025_1,92.966,5.0,2025_1
91.815,53,6,32.726,19.124,39.965,266.0,298.0,287.0,275.0,INTERMEDIATE,9,True,Kick Sauber,0 days 02:45:50.853000,Track Clear,7,False,hulkenberg,15.4,77.0,1010.6,False,18.7,154,2.3,Lap,2025_1,94.102,9.0,2025_1
92.297,53,6,32.856,19.045,40.396,258.0,300.0,280.0,258.0,INTERMEDIATE,7,True,Alpine,0 days 02:45:51.640000,Track Clear,8,False,gasly,15.4,77.0,1010.6,False,18.7,154,2.3,Lap,2025_1,93.124,7.0,2025_1
92.731,53,6,32.685,18.763,41.283,268.0,301.0,288.0,261.0,INTERMEDIATE,6,True,Ferrari,0 days 02:45:52.194000,Track Clear,9,False,leclerc,15.4,77.0,1010.6,False,18.7,154,2.3,Lap,2025_1,92.8955,4.0,2025_1
93.039,53,6,32.86,18.86,41.319,270.0,308.0,287.0,269.0,INTERMEDIATE,6,True,Ferrari,0 days 02:45:52.676000,Track Clear,10,False,hamilton,15.4,77.0,1010.6,False,18.7,154,2.3,Lap,2025_1,92.8955,4.0,2025_1
91.809,53,6,32.931,19.045,39.833,264.0,294.0,289.0,272.0,INTERMEDIATE,9,True,McLaren,0 days 02:45:54.875000,Track Clear,11,False,piastri,15.4,77.0,1010.6,False,18.7,154,2.3,Lap,2025_1,90.816,1.0,2025_1
94.836,53,6,34.723,19.01,41.103,268.0,301.0,285.0,255.0,INTERMEDIATE,6,True,Racing Bulls,0 days 02:45:54.691000,Track Clear,12,False,tsunoda,15.4,77.0,1010.6,False,18.7,154,2.3,Lap,2025_1,93.35849999999999,8.0,2025_1
94.582,53,6,34.133,19.343,41.106,262.0,293.0,284.0,250.0,INTERMEDIATE,7,True,Haas F1 Team,0 days 02:45:57.228000,Track Clear,13,False,ocon,15.4,77.0,1010.6,False,18.7,154,2.3,Lap,2025_1,94.51599999999999,10.0,2025_1
91.366,53,6,31.993,19.286,40.087,269.0,292.0,283.0,287.0,INTERMEDIATE,9,True,Haas F1 Team,0 days 02:46:13.331000,Track Clear,14,False,bearman,15.4,77.0,1010.6,False,18.7,154,2.3,Lap,2025_1,94.51599999999999,10.0,2025_1
89.428,54,6,31.71,18.906,38.812,272.0,293.0,288.0,289.0,INTERMEDIATE,10,True,McLaren,0 days 02:47:13.102000,Track Clear,1,False,norris,15.6,75.0,1010.6,False,18.7,228,2.6,Lap,2025_1,90.816,1.0,2025_1
89.1,54,6,31.437,18.688,38.975,274.0,296.0,287.0,,INTERMEDIATE,8,True,Red Bull Racing,0 days 02:47:14.790000,Track Clear,2,False,max_verstappen,15.6,75.0,1010.6,False,18.7,228,2.6,Lap,2025_1,92.874,3.0,2025_1
90.41,54,6,32.048,18.908,39.454,274.0,299.0,289.0,284.0,INTERMEDIATE,10,True,Mercedes,0 days 02:47:16.287000,Track Clear,3,False,russell,15.6,75.0,1010.6,False,18.7,228,2.6,Lap,2025_1,92.312,2.0,2025_1
90.587,54,6,32.122,19.072,39.393,271.0,297.0,290.0,261.0,INTERMEDIATE,10,True,Williams,0 days 02:47:18.539000,Track Clear,4,False,albon,15.6,75.0,1010.6,False,18.7,228,2.6,Lap,2025_1,93.088,6.0,2025_1
90.562,54,6,32.258,18.783,39.521,270.0,305.0,300.0,289.0,INTERMEDIATE,10,True,Mercedes,0 days 02:47:19.068000,Track Clear,5,False,antonelli,15.6,75.0,1010.6,False,18.7,228,2.6,Lap,2025_1,92.312,2.0,2025_1
90.794,54,6,32.101,19.054,39.639,269.0,297.0,287.0,289.0,INTERMEDIATE,10,True,Aston Martin,0 days 02:47:21.848000,Track Clear,6,False,stroll,15.6,75.0,1010.6,False,18.7,228,2.6,Lap,2025_1,92.966,5.0,2025_1
90.994,54,6,32.446,19.07,39.478,264.0,291.0,288.0,284.0,INTERMEDIATE,10,True,Kick Sauber,0 days 02:47:22.668000,Track Clear,7,False,hulkenberg,15.6,75.0,1010.6,False,18.7,228,2.6,Lap,2025_1,94.102,9.0,2025_1
91.082,54,6,32.942,18.901,39.239,267.0,290.0,289.0,272.0,INTERMEDIATE,7,True,Ferrari,0 days 02:47:24.925000,Track Clear,8,False,leclerc,15.6,75.0,1010.6,False,18.7,228,2.6,Lap,2025_1,92.8955,4.0,2025_1
91.265,54,6,32.77,18.803,39.692,266.0,298.0,298.0,272.0,INTERMEDIATE,7,True,Ferrari,0 days 02:47:25.715000,Track Clear,9,False,hamilton,15.6,75.0,1010.6,False,18.7,228,2.6,Lap,2025_1,92.8955,4.0,2025_1
94.967,54,6,35.345,19.237,40.385,259.0,300.0,286.0,277.0,INTERMEDIATE,8,True,Alpine,0 days 02:47:23.937000,Track Clear,10,True,gasly,15.6,75.0,1010.6,False,18.7,228,2.6,Lap,2025_1,93.124,7.0,2025_1
92.507,54,6,32.689,19.188,40.63,258.0,299.0,302.0,285.0,INTERMEDIATE,10,True,McLaren,0 days 02:47:26.684000,Track Clear,11,False,piastri,15.6,75.0,1010.6,False,18.7,228,2.6,Lap,2025_1,90.816,1.0,2025_1
92.363,54,6,32.73,18.917,40.716,270.0,304.0,286.0,258.0,INTERMEDIATE,7,True,Racing Bulls,0 days 02:47:29.527000,Track Clear,12,False,tsunoda,15.6,75.0,1010.6,False,18.7,228,2.6,Lap,2025_1,93.35849999999999,8.0,2025_1
93.152,54,6,32.927,19.345,40.88,266.0,296.0,284.0,269.0,INTERMEDIATE,8,True,Haas F1 Team,0 days 02:47:31.810000,Track Clear,13,False,ocon,15.6,75.0,1010.6,False,18.7,228,2.6,Lap,2025_1,94.51599999999999,10.0,2025_1
90.49,54,6,31.429,19.147,39.914,,293.0,283.0,289.0,INTERMEDIATE,10,True,Haas F1 Team,0 days 02:47:44.697000,Track Clear,14,False,bearman,15.8,76.0,1010.4,False,18.7,159,1.3,Lap,2025_1,94.51599999999999,10.0,2025_1
89.195,55,6,30.994,19.466,38.735,273.0,297.0,288.0,295.0,INTERMEDIATE,11,True,McLaren,0 days 02:48:42.530000,Track Clear,1,False,norris,15.9,74.0,1010.5,False,18.7,199,1.5,Lap,2025_1,90.816,1.0,2025_1
88.538,55,6,30.812,18.798,38.928,276.0,302.0,299.0,284.0,INTERMEDIATE,9,True,Red Bull Racing,0 days 02:48:43.890000,Track Clear,2,False,max_verstappen,15.9,74.0,1010.5,False,18.7,199,1.5,Lap,2025_1,92.874,3.0,2025_1
90.076,55,6,31.595,18.924,39.557,275.0,299.0,289.0,292.0,INTERMEDIATE,11,True,Mercedes,0 days 02:48:46.697000,Track Clear,3,False,russell,15.9,74.0,1010.5,False,18.7,199,1.5,Lap,2025_1,92.312,2.0,2025_1
90.301,55,6,31.82,19.049,39.432,,298.0,289.0,270.0,INTERMEDIATE,11,True,Williams,0 days 02:48:49.126000,Track Clear,4,False,albon,15.9,74.0,1010.5,False,18.7,199,1.5,Lap,2025_1,93.088,6.0,2025_1
90.602,55,6,31.97,18.49,40.142,271.0,310.0,299.0,286.0,INTERMEDIATE,11,True,Mercedes,0 days 02:48:49.630000,Track Clear,5,False,antonelli,15.9,74.0,1010.5,False,18.7,199,1.5,Lap,2025_1,92.312,2.0,2025_1
90.387,55,6,31.722,19.151,39.514,272.0,298.0,287.0,296.0,INTERMEDIATE,11,True,Aston Martin,0 days 02:48:52.642000,Track Clear,6,False,stroll,15.9,74.0,1010.5,False,18.7,199,1.5,Lap,2025_1,92.966,5.0,2025_1
90.437,55,6,31.527,18.83,40.08,266.0,301.0,288.0,291.0,INTERMEDIATE,11,True,Kick Sauber,0 days 02:48:53.662000,Track Clear,7,False,hulkenberg,15.9,74.0,1010.5,False,18.7,199,1.5,Lap,2025_1,94.102,9.0,2025_1
89.975,55,6,31.892,18.59,39.493,268.0,291.0,289.0,285.0,INTERMEDIATE,8,True,Ferrari,0 days 02:48:56.007000,Track Clear,8,False,leclerc,15.9,74.0,1010.5,False,18.7,199,1.5,Lap,2025_1,92.8955,4.0,2025_1
89.874,55,6,31.41,18.451,40.013,272.0,321.0,298.0,277.0,INTERMEDIATE,8,True,Ferrari,0 days 02:48:56.980000,Track Clear,9,False,hamilton,15.9,74.0,1010.5,False,18.7,199,1.5,Lap,2025_1,92.8955,4.0,2025_1
90.051,55,6,31.795,18.949,39.307,267.0,293.0,289.0,260.0,INTERMEDIATE,11,True,McLaren,0 days 02:48:59.191000,Track Clear,10,False,piastri,15.9,74.0,1010.5,False,18.7,199,1.5,Lap,2025_1,90.816,1.0,2025_1
92.316,55,6,33.195,19.199,39.922,262.0,293.0,286.0,269.0,INTERMEDIATE,9,True,Alpine,0 days 02:48:58.904000,Track Clear,11,False,gasly,15.9,74.0,1010.5,False,18.7,199,1.5,Lap,2025_1,93.124,7.0,2025_1
91.891,55,6,32.22,18.926,40.745,271.0,304.0,286.0,261.0,INTERMEDIATE,8,True,Racing Bulls,0 days 02:49:01.890000,Track Clear,12,False,tsunoda,15.9,74.0,1010.5,False,18.7,199,1.5,Lap,2025_1,93.35849999999999,8.0,2025_1
92.26,55,6,32.69,19.264,40.306,262.0,291.0,285.0,,INTERMEDIATE,9,True,Haas F1 Team,0 days 02:49:04.962000,Track Clear,13,False,ocon,15.9,74.0,1010.5,False,18.7,199,1.5,Lap,2025_1,94.51599999999999,10.0,2025_1
91.284,55,6,31.538,19.483,40.263,267.0,292.0,282.0,287.0,INTERMEDIATE,11,True,Haas F1 Team,0 days 02:49:15.187000,Track Clear,14,False,bearman,15.9,74.0,1010.5,False,18.7,199,1.5,Lap,2025_1,94.51599999999999,10.0,2025_1
87.996,56,6,30.804,18.717,38.475,,295.0,288.0,293.0,INTERMEDIATE,12,True,McLaren,0 days 02:50:11.725000,Track Clear,1,False,norris,16.0,71.0,1010.5,False,18.7,214,1.2,Lap,2025_1,90.816,1.0,2025_1
87.921,56,6,30.695,18.32,38.906,282.0,321.0,300.0,280.0,INTERMEDIATE,10,True,Red Bull Racing,0 days 02:50:12.428000,Track Clear,2,False,max_verstappen,16.0,71.0,1010.5,False,18.7,214,1.2,Lap,2025_1,92.874,3.0,2025_1
89.454,56,6,31.449,18.852,39.153,274.0,299.0,290.0,278.0,INTERMEDIATE,12,True,Mercedes,0 days 02:50:16.773000,Track Clear,3,False,russell,16.0,71.0,1010.5,False,18.7,214,1.2,Lap,2025_1,92.312,2.0,2025_1
88.149,56,6,31.023,18.341,38.785,275.0,323.0,288.0,293.0,INTERMEDIATE,12,True,Mercedes,0 days 02:50:20.232000,Track Clear,4,False,antonelli,16.0,71.0,1010.5,False,18.7,214,1.2,Lap,2025_1,92.312,2.0,2025_1
90.298,56,6,31.241,18.867,40.19,276.0,302.0,291.0,267.0,INTERMEDIATE,12,True,Williams,0 days 02:50:19.427000,Track Clear,5,False,albon,16.0,71.0,1010.5,False,18.7,214,1.2,Lap,2025_1,93.088,6.0,2025_1
90.323,56,6,31.618,19.17,39.535,274.0,299.0,286.0,285.0,INTERMEDIATE,12,True,Aston Martin,0 days 02:50:23.029000,Track Clear,6,False,stroll,16.0,71.0,1010.5,False,18.7,214,1.2,Lap,2025_1,92.966,5.0,2025_1
90.36,56,6,31.692,18.902,39.766,269.0,297.0,287.0,289.0,INTERMEDIATE,12,True,Kick Sauber,0 days 02:50:24.099000,Track Clear,7,False,hulkenberg,16.0,71.0,1010.5,False,18.7,214,1.2,Lap,2025_1,94.102,9.0,2025_1
89.801,56,6,31.38,18.561,39.86,274.0,299.0,289.0,277.0,INTERMEDIATE,9,True,Ferrari,0 days 02:50:25.982000,Track Clear,8,False,leclerc,16.0,71.0,1010.5,False,18.7,214,1.2,Lap,2025_1,92.8955,4.0,2025_1
90.095,56,6,31.448,18.823,39.824,,300.0,288.0,280.0,INTERMEDIATE,9,True,Ferrari,0 days 02:50:26.854000,Track Clear,9,False,hamilton,16.0,71.0,1010.5,False,18.7,214,1.2,Lap,2025_1,92.8955,4.0,2025_1
88.559,56,6,30.605,18.722,39.232,275.0,295.0,292.0,295.0,INTERMEDIATE,12,True,McLaren,0 days 02:50:29.242000,Track Clear,10,False,piastri,16.0,71.0,1010.5,False,18.7,214,1.2,Lap,2025_1,90.816,1.0,2025_1
90.866,56,6,31.867,19.159,39.84,261.0,289.0,285.0,265.0,INTERMEDIATE,10,True,Alpine,0 days 02:50:31.220000,Track Clear,11,False,gasly,16.0,71.0,1010.5,False,18.7,214,1.2,Lap,2025_1,93.124,7.0,2025_1
91.524,56,6,32.151,18.97,40.403,274.0,301.0,286.0,272.0,INTERMEDIATE,9,True,Racing Bulls,0 days 02:50:33.781000,Track Clear,12,False,tsunoda,16.0,71.0,1010.5,False,18.7,214,1.2,Lap,2025_1,93.35849999999999,8.0,2025_1
91.913,56,6,32.451,19.168,40.294,,290.0,283.0,281.0,INTERMEDIATE,10,True,Haas F1 Team,0 days 02:50:37.222000,Track Clear,13,False,ocon,16.1,72.0,1010.4,False,18.7,156,0.8,Lap,2025_1,94.51599999999999,10.0,2025_1
90.226,56,6,31.349,19.207,39.67,268.0,294.0,283.0,290.0,INTERMEDIATE,12,True,Haas F1 Team,0 days 02:50:46.471000,Track Clear,14,False,bearman,16.1,72.0,1010.4,False,18.7,156,0.8,Lap,2025_1,94.51599999999999,10.0,2025_1
87.126,57,6,30.396,18.664,38.066,274.0,299.0,289.0,300.0,INTERMEDIATE,13,True,McLaren,0 days 02:51:39.721000,Track Clear,1,False,norris,16.1,72.0,1010.4,False,18.7,156,0.8,Lap,2025_1,90.816,1.0,2025_1
87.4,57,6,30.421,18.285,38.694,,321.0,287.0,293.0,INTERMEDIATE,11,True,Red Bull Racing,0 days 02:51:40.349000,Track Clear,2,False,max_verstappen,16.1,72.0,1010.4,False,18.7,156,0.8,Lap,2025_1,92.874,3.0,2025_1
89.117,57,6,31.356,18.721,39.04,,300.0,292.0,289.0,INTERMEDIATE,13,True,Mercedes,0 days 02:51:46.227000,Track Clear,3,False,russell,16.1,72.0,1010.4,False,18.7,170,1.4,Lap,2025_1,92.312,2.0,2025_1
88.65,57,6,31.048,18.709,38.893,274.0,301.0,288.0,291.0,INTERMEDIATE,13,True,Mercedes,0 days 02:51:48.381000,Track Clear,4,False,antonelli,16.1,72.0,1010.4,False,18.7,170,1.4,Lap,2025_1,92.312,2.0,2025_1
89.944,57,6,31.494,18.857,39.593,277.0,300.0,289.0,264.0,INTERMEDIATE,13,True,Williams,0 days 02:51:49.725000,Track Clear,5,False,albon,16.1,72.0,1010.4,False,18.7,170,1.4,Lap,2025_1,93.088,6.0,2025_1
90.957,57,6,31.819,19.209,39.929,272.0,298.0,286.0,288.0,INTERMEDIATE,13,True,Aston Martin,0 days 02:51:53.352000,Track Clear,6,False,stroll,16.1,72.0,1010.4,False,18.7,170,1.4,Lap,2025_1,92.966,5.0,2025_1
90.86,57,6,31.739,19.048,40.073,,301.0,282.0,290.0,INTERMEDIATE,13,True,Kick Sauber,0 days 02:51:54.459000,Track Clear,7,False,hulkenberg,16.1,72.0,1010.4,False,18.7,170,1.4,Lap,2025_1,94.102,9.0,2025_1
90.964,57,6,31.616,18.907,40.441,273.0,300.0,289.0,290.0,INTERMEDIATE,10,True,Ferrari,0 days 02:51:55.783000,Track Clear,8,False,leclerc,16.1,72.0,1010.4,False,18.7,170,1.4,Lap,2025_1,92.8955,4.0,2025_1
89.517,57,6,31.475,18.119,39.923,,319.0,302.0,296.0,INTERMEDIATE,13,True,McLaren,0 days 02:51:57.801000,Track Clear,9,False,piastri,16.1,72.0,1010.4,False,18.7,170,1.4,Lap,2025_1,90.816,1.0,2025_1
92.418,57,6,31.658,18.758,42.002,,302.0,268.0,283.0,INTERMEDIATE,10,True,Ferrari,0 days 02:51:56.949000,Track Clear,10,False,hamilton,16.1,72.0,1010.4,False,18.7,170,1.4,Lap,2025_1,92.8955,4.0,2025_1
91.312,57,6,31.774,19.075,40.463,264.0,291.0,285.0,269.0,INTERMEDIATE,11,True,Alpine,0 days 02:52:02.086000,Track Clear,11,False,gasly,16.1,72.0,1010.4,False,18.7,170,1.4,Lap,2025_1,93.124,7.0,2025_1
91.511,57,6,31.959,19.035,40.517,273.0,301.0,287.0,282.0,INTERMEDIATE,10,True,Racing Bulls,0 days 02:52:05.305000,Track Clear,12,False,tsunoda,16.1,72.0,1010.4,False,18.7,170,1.4,Lap,2025_1,93.35849999999999,8.0,2025_1
90.924,57,6,32.076,19.022,39.826,266.0,294.0,285.0,278.0,INTERMEDIATE,11,True,Haas F1 Team,0 days 02:52:09.135000,Track Clear,13,False,ocon,16.1,72.0,1010.4,False,18.7,170,1.4,Lap,2025_1,94.51599999999999,10.0,2025_1
90.553,57,6,31.384,19.175,39.994,265.0,288.0,286.0,282.0,INTERMEDIATE,13,True,Haas F1 Team,0 days 02:52:16.697000,Track Clear,14,False,bearman,16.1,72.0,1010.4,False,18.7,170,1.4,Lap,2025_1,94.51599999999999,10.0,2025_1
91.786,30,1,31.088,34.695,26.003,212.0,186.0,280.0,319.0,MEDIUM,6,True,Mercedes,0 days 01:43:58.684000,Track Clear,5,False,antonelli,26.5,60.0,1011.9,True,36.4,331,1.0,Lap,2025_6,92.3735,4.0,2025_6
91.203,30,1,31.274,34.422,25.507,209.0,188.0,289.0,341.0,MEDIUM,6,True,Williams,0 days 01:43:59.409000,Track Clear,6,False,albon,26.5,60.0,1011.9,True,36.4,331,1.0,Lap,2025_6,92.36099999999999,3.0,2025_6
91.546,30,1,31.135,34.709,25.702,212.0,187.0,288.0,337.0,MEDIUM,12,False,Williams,0 days 01:44:03.727000,Track Clear,8,False,sainz,26.5,60.0,1011.9,True,36.4,331,1.0,Lap,2025_6,92.36099999999999,3.0,2025_6
90.62,30,1,30.584,34.701,25.335,215.0,191.0,279.0,338.0,HARD,7,True,Ferrari,0 days 01:44:08.372000,Track Clear,9,False,hamilton,26.5,60.0,1011.9,True,36.4,331,1.0,Lap,2025_6,92.47749999999999,5.0,2025_6
92.735,30,1,31.198,35.297,26.24,212.0,187.0,285.0,308.0,HARD,7,True,Kick Sauber,0 days 01:44:06.789000,Track Clear,10,False,hulkenberg,26.5,60.0,1011.9,True,36.4,331,1.0,Lap,2025_6,93.29650000000001,9.0,2025_6
91.531,30,1,30.941,34.736,25.854,210.0,184.0,279.0,313.0,MEDIUM,6,True,Red Bull Racing,0 days 01:44:10.885000,Track Clear,11,False,tsunoda,26.5,60.0,1011.9,True,36.4,331,1.0,Lap,2025_6,92.1845,2.0,2025_6
93.172,30,1,31.247,35.987,25.938,210.0,186.0,283.0,329.0,HARD,7,True,Alpine,0 days 01:44:10.162000,Track Clear,12,False,gasly,26.5,60.0,1011.9,True,36.4,331,1.0,Lap,2025_6,92.86349999999999,6.0,2025_6
91.233,30,1,30.56,34.783,25.89,213.0,186.0,280.0,308.0,HARD,7,False,Racing Bulls,0 days 01:44:14.320000,Track Clear,13,False,hadjar,26.5,60.0,1011.9,True,36.4,331,1.0,Lap,2025_6,93.33,10.0,2025_6
91.122,30,1,30.856,34.696,25.57,216.0,188.0,286.0,335.0,HARD,7,True,Haas F1 Team,0 days 01:44:14.854000,Track Clear,14,False,ocon,26.5,60.0,1011.9,True,36.4,331,1.0,Lap,2025_6,93.149,8.0,2025_6
92.823,30,1,31.384,35.288,26.151,214.0,186.0,279.0,299.0,HARD,8,False,Aston Martin,0 days 01:44:25.963000,Track Clear,15,False,alonso,26.5,60.0,1011.9,True,36.4,331,1.0,Lap,2025_6,93.0755,7.0,2025_6
92.804,30,1,31.734,35.314,25.756,213.0,186.0,280.0,321.0,HARD,8,False,Aston Martin,0 days 01:44:27.045000,Track Clear,16,False,stroll,26.5,60.0,1011.9,True,36.4,331,1.0,Lap,2025_6,93.0755,7.0,2025_6
91.208,32,1,30.209,34.97,26.029,213.0,186.0,280.0,310.0,HARD,8,True,Mercedes,0 days 01:46:54.711000,Track Clear,3,False,russell,26.4,59.0,1012.2,True,36.4,335,0.7,Lap,2025_6,92.3735,4.0,2025_6
91.781,32,1,30.464,34.72,26.597,214.0,187.0,280.0,304.0,MEDIUM,8,True,Red Bull Racing,0 days 01:46:57.005000,Track Clear,4,False,max_verstappen,26.4,59.0,1012.2,True,36.4,335,0.7,Lap,2025_6,92.1845,2.0,2025_6
91.514,32,1,30.927,34.703,25.884,211.0,185.0,282.0,307.0,MEDIUM,8,True,Williams,0 days 01:47:01.683000,Track Clear,5,False,albon,26.4,59.0,1012.2,True,36.4,335,0.7,Lap,2025_6,92.36099999999999,3.0,2025_6
91.967,32,1,30.998,34.98,25.989,209.0,180.0,281.0,309.0,MEDIUM,8,True,Mercedes,0 days 01:47:03.187000,Track Clear,6,False,antonelli,26.4,59.0,1012.2,True,36.4,335,0.7,Lap,2025_6,92.3735,4.0,2025_6
91.597,32,1,30.968,34.799,25.83,213.0,186.0,282.0,306.0,MEDIUM,14,False,Williams,0 days 01:47:08.046000,Track Clear,7,False,sainz,26.4,59.0,1012.2,True,36.4,335,0.7,Lap,2025_6,92.36099999999999,3.0,2025_6
91.641,32,1,30.948,35.003,25.69,211.0,187.0,285.0,327.0,MEDIUM,8,True,Ferrari,0 days 01:47:08.693000,Track Clear,8,False,leclerc,26.4,59.0,1012.2,True,36.4,335,0.7,Lap,2025_6,92.47749999999999,5.0,2025_6
91.221,32,1,30.595,34.969,25.657,,187.0,285.0,316.0,HARD,9,True,Ferrari,0 days 01:47:10.131000,Track Clear,9,False,hamilton,26.4,59.0,1012.2,True,36.4,335,0.7,Lap,2025_6,92.47749999999999,5.0,2025_6
104.171,8,1,31.681,43.106,29.384,308.0,242.0,216.0,318.0,INTERMEDIATE,8,True,McLaren,0 days 01:10:21.381000,Track Clear,1,False,piastri,19.2,75.0,988.6,False,24.2,40,1.0,Lap,2025_12,102.0135,1.0,2025_12
105.834,8,1,32.223,43.021,30.59,298.0,234.0,204.0,308.0,INTERMEDIATE,8,True,Red Bull Racing,0 days 01:10:20.710000,Track Clear,2,False,max_verstappen,19.2,75.0,988.6,False,24.2,40,1.0,Lap,2025_12,104.798,8.0,2025_12
104.869,8,1,32.657,42.786,29.426,296.0,238.0,205.0,307.0,INTERMEDIATE,8,True,McLaren,0 days 01:10:24.347000,Track Clear,3,False,norris,19.2,75.0,988.6,False,24.2,40,1.0,Lap,2025_12,102.0135,1.0,2025_12
106.102,8,1,32.457,43.174,30.471,291.0,235.0,204.0,305.0,INTERMEDIATE,8,True,Ferrari,0 days 01:10:26.786000,Track Clear,4,False,hamilton,19.2,75.0,988.6,False,24.2,40,1.0,Lap,2025_12,103.86449999999999,3.0,2025_12
106.083,8,1,32.684,43.237,30.162,295.0,236.0,207.0,309.0,INTERMEDIATE,8,True,Alpine,0 days 01:10:27.658000,Track Clear,5,False,gasly,19.2,75.0,988.6,False,24.2,40,1.0,Lap,2025_12,104.436,6.0,2025_12
106.42,8,1,32.453,43.657,30.31,291.0,237.0,207.0,315.0,INTERMEDIATE,8,True,Aston Martin,0 days 01:10:28.513000,Track Clear,6,False,alonso,19.2,75.0,988.6,False,24.2,40,1.0,Lap,2025_12,104.094,5.0,2025_12
106.227,8,1,32.323,43.458,30.446,302.0,236.0,209.0,308.0,INTERMEDIATE,8,True,Williams,0 days 01:10:30.235000,Track Clear,7,False,sainz,19.2,75.0,988.6,False,24.2,40,1.0,Lap,2025_12,104.66499999999999,7.0,2025_12
106.496,8,1,32.551,43.511,30.434,292.0,237.0,205.0,309.0,INTERMEDIATE,8,True,Williams,0 days 01:10:31.260000,Track Clear,8,False,albon,19.2,75.0,988.6,False,24.2,40,1.0,Lap,2025_12,104.66499999999999,7.0,2025_12
106.957,8,1,32.643,44.022,30.292,290.0,237.0,200.0,313.0,INTERMEDIATE,8,True,Red Bull Racing,0 days 01:10:32.619000,Track Clear,9,False,tsunoda,19.2,75.0,988.6,False,24.2,40,1.0,Lap,2025_12,104.798,8.0,2025_12
106.517,8,1,32.566,43.773,30.178,289.0,238.0,206.0,303.0,INTERMEDIATE,8,True,Kick Sauber,0 days 01:10:34.163000,Track Clear,10,False,hulkenberg,19.2,74.0,988.4,False,24.8,238,1.1,Lap,2025_12,103.748,2.0,2025_12
107.293,8,1,32.632,44.249,30.412,288.0,236.0,193.0,298.0,INTERMEDIATE,8,True,Haas F1 Team,0 days 01:10:35.977000,Track Clear,11,False,ocon,19.2,74.0,988.4,False,24.8,238,1.1,Lap,2025_12,104.025,4.0,2025_12
104.393,9,1,32.311,42.336,29.746,289.0,237.0,214.0,299.0,INTERMEDIATE,9,True,McLaren,0 days 01:12:05.552000,Track Clear,1,False,piastri,19.2,74.0,988.6,False,24.8,71,0.7,Lap,2025_12,102.0135,1.0,2025_12
106.326,9,1,32.688,43.578,30.06,294.0,235.0,210.0,309.0,INTERMEDIATE,9,True,Red Bull Racing,0 days 01:12:06.544000,Track Clear,2,False,max_verstappen,19.2,74.0,988.6,False,24.8,71,0.7,Lap,2025_12,104.798,8.0,2025_12
105.595,9,1,32.526,43.325,29.744,295.0,236.0,214.0,303.0,INTERMEDIATE,9,True,McLaren,0 days 01:12:09.216000,Track Clear,3,False,norris,19.2,74.0,988.6,False,24.8,71,0.7,Lap,2025_12,102.0135,1.0,2025_12
108.049,9,1,33.149,44.203,30.697,288.0,227.0,200.0,300.0,INTERMEDIATE,9,True,Ferrari,0 days 01:12:12.888000,Track Clear,4,False,hamilton,19.2,74.0,988.6,False,24.8,71,0.7,Lap,2025_12,103.86449999999999,3.0,2025_12
107.962,9,1,33.078,44.273,30.611,293.0,235.0,205.0,314.0,INTERMEDIATE,9,True,Alpine,0 days 01:12:13.741000,Track Clear,5,False,gasly,19.2,74.0,988.6,False,24.8,71,0.7,Lap,2025_12,104.436,6.0,2025_12
107.569,9,1,32.757,44.149,30.663,289.0,235.0,205.0,314.0,INTERMEDIATE,9,True,Aston Martin,0 days 01:12:14.933000,Track Clear,6,False,alonso,19.2,74.0,988.6,False,24.8,71,0.7,Lap,2025_12,104.094,5.0,2025_12
107.819,9,1,32.922,44.35,30.547,299.0,235.0,205.0,311.0,INTERMEDIATE,9,True,Williams,0 days 01:12:16.462000,Track Clear,7,False,sainz,19.2,74.0,988.6,False,24.8,71,0.7,Lap,2025_12,104.66499999999999,7.0,2025_12
108.888,9,1,33.399,44.888,30.601,295.0,234.0,205.0,311.0,INTERMEDIATE,9,True,Williams,0 days 01:12:17.756000,Track Clear,9,False,albon,19.2,74.0,988.6,False,24.8,71,0.7,Lap,2025_12,104.66499999999999,7.0,2025_12
109.0,9,1,33.264,44.752,30.984,,233.0,201.0,313.0,INTERMEDIATE,9,True,Red Bull Racing,0 days 01:12:19.576000,Track Clear,10,False,tsunoda,19.2,74.0,988.6,False,24.8,71,0.7,Lap,2025_12,104.798,8.0,2025_12
109.361,9,1,33.553,45.191,30.617,249.0,234.0,208.0,300.0,INTERMEDIATE,9,True,Haas F1 Team,0 days 01:12:23.270000,Track Clear,12,False,ocon,19.2,74.0,988.6,False,24.8,71,0.7,Lap,2025_12,104.025,4.0,2025_12
104.89,10,1,32.185,43.284,29.421,294.0,238.0,218.0,306.0,INTERMEDIATE,10,True,McLaren,0 days 01:13:49.945000,Track Clear,1,False,piastri,19.0,74.0,988.6,False,24.1,275,0.7,Lap,2025_12,102.0135,1.0,2025_12
106.432,10,1,32.657,44.139,29.636,293.0,239.0,210.0,309.0,INTERMEDIATE,10,True,Red Bull Racing,0 days 01:13:52.870000,Track Clear,2,False,max_verstappen,19.0,74.0,988.6,False,24.1,275,0.7,Lap,2025_12,104.798,8.0,2025_12
105.857,10,1,32.396,43.819,29.642,,237.0,213.0,307.0,INTERMEDIATE,10,True,McLaren,0 days 01:13:54.811000,Track Clear,3,False,norris,19.0,74.0,988.6,False,24.1,275,0.7,Lap,2025_12,102.0135,1.0,2025_12
108.242,10,1,32.745,44.528,30.969,293.0,228.0,200.0,304.0,INTERMEDIATE,10,True,Ferrari,0 days 01:14:00.937000,Track Clear,4,False,hamilton,19.0,74.0,988.6,False,24.1,275,0.7,Lap,2025_12,103.86449999999999,3.0,2025_12
108.953,10,1,33.314,45.153,30.486,290.0,233.0,209.0,306.0,INTERMEDIATE,10,True,Alpine,0 days 01:14:01.703000,Track Clear,6,False,gasly,19.0,74.0,988.6,False,24.1,275,0.7,Lap,2025_12,104.436,6.0,2025_12
108.951,10,1,33.111,45.151,30.689,293.0,234.0,209.0,315.0,INTERMEDIATE,10,True,Aston Martin,0 days 01:14:02.502000,Track Clear,7,False,alonso,19.0,74.0,988.6,False,24.1,275,0.7,Lap,2025_12,104.094,5.0,2025_12
108.531,10,1,33.07,44.821,30.64,297.0,235.0,206.0,310.0,INTERMEDIATE,10,True,Williams,0 days 01:14:04.281000,Track Clear,8,False,sainz,19.0,74.0,988.6,False,24.1,275,0.7,Lap,2025_12,104.66499999999999,7.0,2025_12
109.218,10,1,33.367,45.322,30.529,290.0,234.0,211.0,316.0,INTERMEDIATE,10,True,Williams,0 days 01:14:06.644000,Track Clear,9,False,albon,19.0,74.0,988.6,False,24.1,275,0.7,Lap,2025_12,104.66499999999999,7.0,2025_12
110.083,10,1,33.442,45.635,31.006,279.0,232.0,202.0,310.0,INTERMEDIATE,10,True,Red Bull Racing,0 days 01:14:08.576000,Track Clear,11,False,tsunoda,19.0,74.0,988.6,False,24.1,275,0.7,Lap,2025_12,104.798,8.0,2025_12
109.77,10,1,33.766,45.506,30.498,283.0,233.0,209.0,302.0,INTERMEDIATE,10,True,Haas F1 Team,0 days 01:14:12.631000,Track Clear,12,False,ocon,19.0,74.0,988.6,False,24.1,275,0.7,Lap,2025_12,104.025,4.0,2025_12
111.991,11,1,33.505,47.734,30.752,255.0,230.0,204.0,310.0,INTERMEDIATE,11,True,Williams,0 days 01:15:55.862000,Track Clear,8,False,albon,18.9,73.0,988.8,True,23.3,105,1.1,Lap,2025_12,104.66499999999999,7.0,2025_12
111.866,11,1,34.081,47.41,30.375,269.0,227.0,212.0,302.0,INTERMEDIATE,11,True,Haas F1 Team,0 days 01:16:02.401000,Track Clear,10,False,ocon,18.9,73.0,988.8,True,23.3,105,1.1,Lap,2025_12,104.025,4.0,2025_12
105.789,11,2,32.22,44.209,29.36,285.0,240.0,218.0,312.0,INTERMEDIATE,2,True,Kick Sauber,0 days 01:16:11.231000,Track Clear,12,False,hulkenberg,18.9,73.0,988.8,True,23.3,105,1.1,Lap,2025_12,103.748,2.0,2025_12
108.439,11,3,33.719,44.749,29.971,290.0,241.0,202.0,308.0,INTERMEDIATE,2,True,Mercedes,0 days 01:16:26.643000,Track Clear,15,False,antonelli,18.9,73.0,988.8,True,23.3,105,1.1,Lap,2025_12,105.149,9.0,2025_12
107.154,12,3,33.005,45.064,29.085,276.0,241.0,207.0,309.0,INTERMEDIATE,2,True,Aston Martin,0 days 01:17:56.500000,Track Clear,5,False,stroll,18.5,72.0,988.6,True,21.5,69,5.8,Lap,2025_12,104.094,5.0,2025_12
107.347,12,2,33.179,44.867,29.301,280.0,242.0,210.0,305.0,INTERMEDIATE,3,True,Kick Sauber,0 days 01:17:57.020000,Track Clear,6,False,hulkenberg,18.5,72.0,988.6,True,21.5,69,5.8,Lap,2025_12,103.748,2.0,2025_12
110.786,12,1,33.98,46.13,30.676,286.0,236.0,198.0,305.0,INTERMEDIATE,12,True,Haas F1 Team,0 days 01:17:54.267000,Track Clear,7,False,ocon,18.5,72.0,988.6,True,21.5,69,5.8,Lap,2025_12,104.025,4.0,2025_12
107.571,12,2,32.83,45.089,29.652,279.0,243.0,204.0,311.0,INTERMEDIATE,2,True,Mercedes,0 days 01:18:01.248000,Track Clear,11,False,russell,18.5,72.0,988.6,True,21.5,69,5.8,Lap,2025_12,105.149,9.0,2025_12
108.142,12,2,33.873,44.628,29.641,290.0,238.0,200.0,305.0,INTERMEDIATE,2,True,Ferrari,0 days 01:18:11.181000,Track Clear,14,False,leclerc,18.5,72.0,988.6,True,21.5,69,5.8,Lap,2025_12,103.86449999999999,3.0,2025_12
107.009,12,3,33.207,44.121,29.681,294.0,242.0,196.0,308.0,INTERMEDIATE,3,True,Mercedes,0 days 01:18:15.082000,Track Clear,15,False,antonelli,18.5,72.0,988.6,True,21.5,69,5.8,Lap,2025_12,105.149,9.0,2025_12
108.339,12,2,33.888,44.272,30.179,282.0,238.0,201.0,304.0,INTERMEDIATE,2,True,Racing Bulls,0 days 01:18:18.123000,Track Clear,16,False,hadjar,18.5,72.0,988.6,True,21.5,69,5.8,Lap,2025_12,118.532,10.0,2025_12
108.51,12,2,34.01,44.576,29.924,285.0,240.0,197.0,301.0,INTERMEDIATE,2,True,Haas F1 Team,0 days 01:18:19.286000,Track Clear,17,False,bearman,18.5,72.0,988.6,True,21.5,69,5.8,Lap,2025_12,104.025,4.0,2025_12
107.585,13,2,32.915,45.072,29.598,285.0,239.0,208.0,307.0,INTERMEDIATE,2,True,McLaren,0 days 01:19:26.922000,Track Clear,1,False,piastri,18.1,74.0,988.8,True,21.0,67,4.5,Lap,2025_12,102.0135,1.0,2025_12
102.3,23,2,32.244,41.849,28.207,291.0,248.0,226.0,302.0,INTERMEDIATE,12,True,McLaren,0 days 01:43:49.708000,Track Clear,1,False,piastri,17.0,81.0,988.9,False,22.8,57,2.4,Lap,2025_12,102.0135,1.0,2025_12
102.383,23,2,32.364,42.16,27.859,289.0,246.0,226.0,304.0,INTERMEDIATE,12,True,McLaren,0 days 01:43:53,Track Clear,2,False,norris,17.0,81.0,988.9,False,22.8,57,2.4,Lap,2025_12,102.0135,1.0,2025_12
104.958,23,3,33.21,43.659,28.089,288.0,243.0,225.0,301.0,INTERMEDIATE,13,True,Aston Martin,0 days 01:43:57.511000,Track Clear,3,False,stroll,17.0,81.0,988.9,False,22.8,57,2.4,Lap,2025_12,104.094,5.0,2025_12
105.226,23,2,33.375,43.472,28.379,291.0,244.0,223.0,298.0,INTERMEDIATE,14,True,Kick Sauber,0 days 01:43:58.466000,Track Clear,4,False,hulkenberg,17.0,81.0,988.9,False,22.8,57,2.4,Lap,2025_12,103.748,2.0,2025_12
105.583,23,2,33.284,43.81,28.489,287.0,241.0,223.0,307.0,INTERMEDIATE,12,True,Alpine,0 days 01:43:59.617000,Track Clear,5,False,gasly,17.0,81.0,988.9,False,22.8,57,2.4,Lap,2025_12,104.436,6.0,2025_12
105.518,23,2,33.136,43.544,28.838,291.0,246.0,215.0,301.0,INTERMEDIATE,12,True,Ferrari,0 days 01:44:00.366000,Track Clear,6,False,hamilton,17.0,81.0,988.9,False,22.8,57,2.4,Lap,2025_12,103.86449999999999,3.0,2025_12
105.37,23,2,32.932,43.933,28.505,299.0,246.0,225.0,307.0,INTERMEDIATE,13,True,Mercedes,0 days 01:44:01.031000,Track Clear,7,False,russell,17.0,81.0,988.9,False,22.8,57,2.4,Lap,2025_12,105.149,9.0,2025_12
106.209,23,2,33.313,44.092,28.804,288.0,243.0,225.0,302.0,INTERMEDIATE,12,True,Aston Martin,0 days 01:44:01.908000,Track Clear,8,False,alonso,17.0,81.0,988.9,False,22.8,57,2.4,Lap,2025_12,104.094,5.0,2025_12
105.893,23,2,33.174,43.973,28.746,291.0,243.0,223.0,307.0,INTERMEDIATE,12,True,Williams,0 days 01:44:03.080000,Track Clear,9,False,sainz,17.0,81.0,988.9,False,22.8,57,2.4,Lap,2025_12,104.66499999999999,7.0,2025_12
105.863,23,2,33.293,43.941,28.629,295.0,244.0,221.0,307.0,INTERMEDIATE,12,True,Red Bull Racing,0 days 01:44:03.959000,Track Clear,10,False,max_verstappen,17.0,81.0,988.9,False,22.8,57,2.4,Lap,2025_12,104.798,8.0,2025_12
106.294,23,2,33.421,44.013,28.86,289.0,243.0,226.0,308.0,INTERMEDIATE,11,True,Williams,0 days 01:44:04.750000,Track Clear,11,False,albon,17.0,81.0,988.9,False,22.8,57,2.4,Lap,2025_12,104.66499999999999,7.0,2025_12
106.291,23,2,33.438,43.916,28.937,291.0,243.0,221.0,303.0,INTERMEDIATE,13,True,Ferrari,0 days 01:44:05.671000,Track Clear,12,False,leclerc,17.0,81.0,988.9,False,22.8,57,2.4,Lap,2025_12,103.86449999999999,3.0,2025_12
105.993,23,2,33.343,43.959,28.691,285.0,245.0,225.0,295.0,INTERMEDIATE,5,True,Haas F1 Team,0 days 01:44:08,Track Clear,13,False,ocon,17.0,81.0,988.9,False,22.8,57,2.4,Lap,2025_12,104.025,4.0,2025_12
107.784,23,2,33.964,44.983,28.837,275.0,243.0,224.0,309.0,INTERMEDIATE,12,True,Red Bull Racing,0 days 01:44:08.776000,Track Clear,14,False,tsunoda,17.0,81.0,988.9,False,22.8,57,2.4,Lap,2025_12,104.798,8.0,2025_12
107.955,23,2,33.811,44.782,29.362,288.0,245.0,213.0,309.0,INTERMEDIATE,13,True,Haas F1 Team,0 days 01:44:09.458000,Track Clear,15,False,bearman,17.0,81.0,988.9,False,22.8,57,2.4,Lap,2025_12,104.025,4.0,2025_12
101.978,24,2,32.135,41.59,28.253,293.0,246.0,228.0,305.0,INTERMEDIATE,13,True,McLaren,0 days 01:45:32.008000,Track Clear,1,False,piastri,17.0,82.0,988.9,False,22.9,58,1.6,Lap,2025_12,102.0135,1.0,2025_12
101.834,24,2,32.087,41.871,27.876,291.0,245.0,227.0,303.0,INTERMEDIATE,13,True,McLaren,0 days 01:45:35.383000,Track Clear,2,False,norris,17.0,82.0,988.9,False,22.9,58,1.6,Lap,2025_12,102.0135,1.0,2025_12
103.673,24,3,32.676,42.831,28.166,292.0,244.0,226.0,302.0,INTERMEDIATE,14,True,Aston Martin,0 days 01:45:42.469000,Track Clear,3,False,stroll,17.1,80.0,988.9,False,22.9,65,1.8,Lap,2025_12,104.094,5.0,2025_12
103.475,24,2,32.715,42.676,28.084,295.0,244.0,229.0,302.0,INTERMEDIATE,15,True,Kick Sauber,0 days 01:45:43.692000,Track Clear,4,False,hulkenberg,17.1,80.0,988.9,False,22.9,65,1.8,Lap,2025_12,103.748,2.0,2025_12
104.631,24,2,32.684,43.191,28.756,286.0,243.0,224.0,295.0,INTERMEDIATE,13,True,Alpine,0 days 01:45:45.200000,Track Clear,5,False,gasly,17.1,80.0,988.9,False,22.9,65,1.8,Lap,2025_12,104.436,6.0,2025_12
104.023,24,2,32.574,43.337,28.112,302.0,248.0,228.0,307.0,INTERMEDIATE,14,True,Mercedes,0 days 01:45:46.401000,Track Clear,6,False,russell,17.1,80.0,988.9,False,22.9,65,1.8,Lap,2025_12,105.149,9.0,2025_12
105.853,24,2,32.664,44.641,28.548,292.0,242.0,220.0,297.0,INTERMEDIATE,13,True,Ferrari,0 days 01:45:45.884000,Track Clear,7,True,hamilton,17.1,80.0,988.9,False,22.9,65,1.8,Lap,2025_12,103.86449999999999,3.0,2025_12
104.879,24,2,32.587,43.913,28.379,291.0,246.0,225.0,305.0,INTERMEDIATE,13,True,Aston Martin,0 days 01:45:48.117000,Track Clear,8,False,alonso,17.1,80.0,988.9,False,22.9,65,1.8,Lap,2025_12,104.094,5.0,2025_12
104.859,24,2,32.569,43.736,28.554,288.0,243.0,224.0,306.0,INTERMEDIATE,13,True,Williams,0 days 01:45:48.973000,Track Clear,9,False,sainz,17.1,80.0,988.9,False,22.9,65,1.8,Lap,2025_12,104.66499999999999,7.0,2025_12
105.017,24,2,32.645,43.603,28.769,293.0,242.0,224.0,307.0,INTERMEDIATE,13,True,Red Bull Racing,0 days 01:45:49.822000,Track Clear,10,False,max_verstappen,17.1,80.0,988.9,False,22.9,65,1.8,Lap,2025_12,104.798,8.0,2025_12
104.946,24,2,32.786,43.512,28.648,284.0,242.0,225.0,309.0,INTERMEDIATE,12,True,Williams,0 days 01:45:51.044000,Track Clear,11,False,albon,17.1,80.0,988.9,False,22.9,65,1.8,Lap,2025_12,104.66499999999999,7.0,2025_12
104.821,24,2,33.081,43.247,28.493,299.0,245.0,220.0,309.0,INTERMEDIATE,14,True,Ferrari,0 days 01:45:51.962000,Track Clear,12,False,leclerc,17.1,80.0,988.9,False,22.9,65,1.8,Lap,2025_12,103.86449999999999,3.0,2025_12
104.602,24,2,32.97,43.326,28.306,295.0,245.0,227.0,306.0,INTERMEDIATE,6,True,Haas F1 Team,0 days 01:45:53.993000,Track Clear,13,False,ocon,17.1,80.0,988.9,False,22.9,65,1.8,Lap,2025_12,104.025,4.0,2025_12
105.467,24,2,32.739,43.716,29.012,289.0,245.0,222.0,311.0,INTERMEDIATE,13,True,Red Bull Racing,0 days 01:45:56.560000,Track Clear,14,False,tsunoda,17.1,80.0,988.9,False,22.9,65,1.8,Lap,2025_12,104.798,8.0,2025_12
105.308,24,2,32.77,43.329,29.209,291.0,243.0,218.0,297.0,INTERMEDIATE,14,True,Haas F1 Team,0 days 01:45:57.413000,Track Clear,15,False,bearman,17.1,80.0,988.9,False,22.9,65,1.8,Lap,2025_12,104.025,4.0,2025_12
101.581,25,2,31.977,41.713,27.891,,246.0,229.0,306.0,INTERMEDIATE,14,True,McLaren,0 days 01:47:13.986000,Track Clear,1,False,piastri,17.2,80.0,988.9,False,22.8,0,0.9,Lap,2025_12,102.0135,1.0,2025_12
102.017,25,2,31.971,42.11,27.936,,246.0,230.0,304.0,INTERMEDIATE,14,True,McLaren,0 days 01:47:17.217000,Track Clear,2,False,norris,17.2,80.0,988.9,False,22.8,0,0.9,Lap,2025_12,102.0135,1.0,2025_12
103.667,25,3,32.622,42.962,28.083,,244.0,228.0,304.0,INTERMEDIATE,15,True,Aston Martin,0 days 01:47:26.142000,Track Clear,3,False,stroll,17.2,80.0,988.9,False,22.8,0,0.9,Lap,2025_12,104.094,5.0,2025_12
103.716,25,2,32.51,43.008,28.198,293.0,245.0,228.0,303.0,INTERMEDIATE,16,True,Kick Sauber,0 days 01:47:27.167000,Track Clear,4,False,hulkenberg,17.2,80.0,988.9,False,22.8,0,0.9,Lap,2025_12,103.748,2.0,2025_12
104.204,25,2,32.597,43.234,28.373,287.0,243.0,226.0,295.0,INTERMEDIATE,14,True,Alpine,0 days 01:47:29.831000,Track Clear,5,False,gasly,17.2,80.0,988.9,False,22.8,0,0.9,Lap,2025_12,104.436,6.0,2025_12
104.303,25,2,32.245,43.464,28.594,,248.0,225.0,309.0,INTERMEDIATE,15,True,Mercedes,0 days 01:47:30.424000,Track Clear,6,False,russell,17.2,80.0,988.9,False,22.8,0,0.9,Lap,2025_12,105.149,9.0,2025_12
103.72,25,2,32.092,43.236,28.392,297.0,244.0,218.0,308.0,INTERMEDIATE,14,True,Ferrari,0 days 01:47:31.737000,Track Clear,7,False,hamilton,17.2,80.0,988.9,False,22.8,0,0.9,Lap,2025_12,103.86449999999999,3.0,2025_12
104.158,25,2,32.273,43.318,28.567,290.0,242.0,223.0,302.0,INTERMEDIATE,14,True,Aston Martin,0 days 01:47:32.996000,Track Clear,8,False,alonso,17.2,80.0,988.9,False,22.8,0,0.9,Lap,2025_12,104.094,5.0,2025_12
104.229,25,2,32.396,43.332,28.501,297.0,243.0,224.0,308.0,INTERMEDIATE,14,True,Williams,0 days 01:47:33.832000,Track Clear,9,False,sainz,17.2,80.0,988.9,False,22.8,0,0.9,Lap,2025_12,104.66499999999999,7.0,2025_12
104.139,25,2,32.336,43.373,28.43,297.0,243.0,224.0,307.0,INTERMEDIATE,14,True,Red Bull Racing,0 days 01:47:34.839000,Track Clear,10,False,max_verstappen,17.2,80.0,988.9,False,22.8,0,0.9,Lap,2025_12,104.798,8.0,2025_12
104.01,25,2,32.533,43.11,28.367,293.0,243.0,226.0,310.0,INTERMEDIATE,13,True,Williams,0 days 01:47:35.990000,Track Clear,11,False,albon,17.2,80.0,988.9,False,22.8,0,0.9,Lap,2025_12,104.66499999999999,7.0,2025_12
104.251,25,2,32.937,42.836,28.478,296.0,242.0,219.0,308.0,INTERMEDIATE,15,True,Ferrari,0 days 01:47:36.783000,Track Clear,12,False,leclerc,17.1,81.0,988.9,False,22.7,64,1.2,Lap,2025_12,103.86449999999999,3.0,2025_12
104.235,25,2,32.716,43.164,28.355,289.0,244.0,229.0,303.0,INTERMEDIATE,7,True,Haas F1 Team,0 days 01:47:38.595000,Track Clear,13,False,ocon,17.1,81.0,988.9,False,22.7,64,1.2,Lap,2025_12,104.025,4.0,2025_12
104.662,25,2,32.708,43.416,28.538,291.0,243.0,226.0,310.0,INTERMEDIATE,14,True,Red Bull Racing,0 days 01:47:42.027000,Track Clear,14,False,tsunoda,17.1,81.0,988.9,False,22.7,64,1.2,Lap,2025_12,104.798,8.0,2025_12
104.627,25,2,32.492,43.29,28.845,300.0,245.0,224.0,311.0,INTERMEDIATE,15,True,Haas F1 Team,0 days 01:47:42.721000,Track Clear,15,False,bearman,17.1,81.0,988.9,False,22.7,64,1.2,Lap,2025_12,104.025,4.0,2025_12
101.646,26,2,31.823,41.962,27.861,,244.0,231.0,304.0,INTERMEDIATE,15,True,McLaren,0 days 01:48:55.567000,Track Clear,1,False,piastri,17.2,80.0,988.9,False,22.5,115,1.3,Lap,2025_12,102.0135,1.0,2025_12
102.004,26,2,32.026,42.045,27.933,292.0,245.0,230.0,302.0,INTERMEDIATE,15,True,McLaren,0 days 01:48:59.234000,Track Clear,2,False,norris,17.2,80.0,988.9,False,22.5,115,1.3,Lap,2025_12,102.0135,1.0,2025_12
103.525,26,3,32.267,43.134,28.124,290.0,242.0,226.0,304.0,INTERMEDIATE,16,True,Aston Martin,0 days 01:49:09.809000,Track Clear,3,False,stroll,17.2,80.0,988.9,False,22.5,115,1.3,Lap,2025_12,104.094,5.0,2025_12
103.905,26,2,32.397,43.138,28.37,286.0,244.0,225.0,299.0,INTERMEDIATE,17,True,Kick Sauber,0 days 01:49:10.883000,Track Clear,4,False,hulkenberg,17.2,80.0,988.9,False,22.5,115,1.3,Lap,2025_12,103.748,2.0,2025_12
104.244,26,2,32.554,43.314,28.376,288.0,242.0,227.0,299.0,INTERMEDIATE,15,True,Alpine,0 days 01:49:14.035000,Track Clear,5,False,gasly,17.2,80.0,988.9,False,22.5,115,1.3,Lap,2025_12,104.436,6.0,2025_12
103.735,26,2,32.32,43.057,28.358,296.0,247.0,221.0,312.0,INTERMEDIATE,15,True,Ferrari,0 days 01:49:15.457000,Track Clear,6,False,hamilton,17.2,80.0,988.9,False,22.5,115,1.3,Lap,2025_12,103.86449999999999,3.0,2025_12
104.89,26,2,32.417,43.44,29.033,300.0,242.0,227.0,310.0,INTERMEDIATE,16,True,Mercedes,0 days 01:49:14.727000,Track Clear,7,False,russell,17.2,80.0,988.9,False,22.5,115,1.3,Lap,2025_12,105.149,9.0,2025_12
103.977,26,2,32.391,43.039,28.547,294.0,240.0,225.0,308.0,INTERMEDIATE,15,True,Aston Martin,0 days 01:49:17.154000,Track Clear,8,False,alonso,17.2,80.0,988.9,False,22.5,115,1.3,Lap,2025_12,104.094,5.0,2025_12
104.287,26,2,32.451,43.298,28.538,300.0,242.0,225.0,308.0,INTERMEDIATE,15,True,Williams,0 days 01:49:18.061000,Track Clear,9,False,sainz,17.2,80.0,988.9,False,22.5,115,1.3,Lap,2025_12,104.66499999999999,7.0,2025_12
104.304,26,2,32.365,43.372,28.567,293.0,244.0,224.0,306.0,INTERMEDIATE,15,True,Red Bull Racing,0 days 01:49:18.978000,Track Clear,10,False,max_verstappen,17.2,80.0,988.9,False,22.5,115,1.3,Lap,2025_12,104.798,8.0,2025_12
104.357,26,2,32.748,43.096,28.513,294.0,242.0,227.0,307.0,INTERMEDIATE,14,True,Williams,0 days 01:49:20,Track Clear,11,False,albon,17.2,80.0,988.9,False,22.5,115,1.3,Lap,2025_12,104.66499999999999,7.0,2025_12
104.13,26,2,32.852,43.059,28.219,299.0,240.0,224.0,308.0,INTERMEDIATE,16,True,Ferrari,0 days 01:49:21.034000,Track Clear,12,False,leclerc,17.2,80.0,988.9,False,22.5,115,1.3,Lap,2025_12,103.86449999999999,3.0,2025_12
104.236,26,2,32.675,43.328,28.233,278.0,243.0,227.0,304.0,INTERMEDIATE,8,True,Haas F1 Team,0 days 01:49:22.830000,Track Clear,13,False,ocon,17.2,80.0,988.9,False,22.5,115,1.3,Lap,2025_12,104.025,4.0,2025_12
103.157,26,2,32.451,42.487,28.219,306.0,243.0,226.0,298.0,INTERMEDIATE,16,True,Haas F1 Team,0 days 01:49:27.348000,Track Clear,14,False,bearman,17.2,80.0,988.9,False,22.5,115,1.3,Lap,2025_12,104.025,4.0,2025_12
106.003,26,2,33.06,44.474,28.469,288.0,244.0,223.0,312.0,INTERMEDIATE,15,True,Red Bull Racing,0 days 01:49:26.689000,Track Clear,15,False,tsunoda,17.2,80.0,988.9,False,22.5,115,1.3,Lap,2025_12,104.798,8.0,2025_12
102.133,27,2,31.792,42.311,28.03,,241.0,232.0,306.0,INTERMEDIATE,16,True,McLaren,0 days 01:50:37.213000,Track Clear,1,False,piastri,17.1,81.0,988.9,False,22.5,222,0.8,Lap,2025_12,102.0135,1.0,2025_12
102.096,27,2,31.862,42.047,28.187,,242.0,228.0,304.0,INTERMEDIATE,16,True,McLaren,0 days 01:50:41.238000,Track Clear,2,False,norris,17.2,82.0,988.9,False,22.6,53,0.8,Lap,2025_12,102.0135,1.0,2025_12
103.329,27,3,32.481,42.814,28.034,291.0,242.0,226.0,304.0,INTERMEDIATE,17,True,Aston Martin,0 days 01:50:53.334000,Track Clear,3,False,stroll,17.2,82.0,988.9,False,22.6,53,0.8,Lap,2025_12,104.094,5.0,2025_12
103.748,27,2,32.452,42.664,28.632,289.0,244.0,225.0,299.0,INTERMEDIATE,18,True,Kick Sauber,0 days 01:50:54.788000,Track Clear,4,False,hulkenberg,17.2,82.0,988.9,False,22.6,53,0.8,Lap,2025_12,103.748,2.0,2025_12
103.205,27,2,32.301,42.728,28.176,291.0,243.0,227.0,308.0,INTERMEDIATE,16,True,Alpine,0 days 01:50:58.279000,Track Clear,5,False,gasly,17.2,82.0,988.9,False,22.6,53,0.8,Lap,2025_12,104.436,6.0,2025_12
102.922,27,2,31.885,42.601,28.436,294.0,245.0,220.0,312.0,INTERMEDIATE,16,True,Ferrari,0 days 01:50:59.192000,Track Clear,6,False,hamilton,17.2,82.0,988.9,False,22.6,53,0.8,Lap,2025_12,103.86449999999999,3.0,2025_12
103.854,27,2,32.288,42.96,28.606,301.0,242.0,226.0,309.0,INTERMEDIATE,17,True,Mercedes,0 days 01:50:59.617000,Track Clear,7,False,russell,17.2,82.0,988.9,False,22.6,53,0.8,Lap,2025_12,105.149,9.0,2025_12
103.527,27,2,32.256,43.013,28.258,295.0,242.0,227.0,307.0,INTERMEDIATE,16,True,Aston Martin,0 days 01:51:01.131000,Track Clear,8,False,alonso,17.2,82.0,988.9,False,22.6,53,0.8,Lap,2025_12,104.094,5.0,2025_12
103.772,27,2,32.231,43.073,28.468,301.0,243.0,222.0,309.0,INTERMEDIATE,16,True,Williams,0 days 01:51:02.348000,Track Clear,9,False,sainz,17.2,82.0,988.9,False,22.6,53,0.8,Lap,2025_12,104.66499999999999,7.0,2025_12
103.903,27,2,32.315,43.187,28.401,298.0,242.0,221.0,309.0,INTERMEDIATE,16,True,Red Bull Racing,0 days 01:51:03.282000,Track Clear,10,False,max_verstappen,17.2,82.0,988.9,False,22.6,53,0.8,Lap,2025_12,104.798,8.0,2025_12
104.082,27,2,32.502,43.084,28.496,299.0,241.0,226.0,312.0,INTERMEDIATE,15,True,Williams,0 days 01:51:04.357000,Track Clear,11,False,albon,17.2,82.0,988.9,False,22.6,53,0.8,Lap,2025_12,104.66499999999999,7.0,2025_12
103.878,27,2,32.653,42.684,28.541,,245.0,223.0,313.0,INTERMEDIATE,17,True,Ferrari,0 days 01:51:05.164000,Track Clear,12,False,leclerc,17.2,82.0,988.9,False,22.6,53,0.8,Lap,2025_12,103.86449999999999,3.0,2025_12
103.925,27,2,32.425,43.054,28.446,291.0,243.0,226.0,304.0,INTERMEDIATE,9,True,Haas F1 Team,0 days 01:51:07.066000,Track Clear,13,False,ocon,17.2,82.0,988.9,False,22.6,53,0.8,Lap,2025_12,104.025,4.0,2025_12
102.738,27,2,32.057,42.097,28.584,292.0,242.0,222.0,301.0,INTERMEDIATE,17,True,Haas F1 Team,0 days 01:51:10.505000,Track Clear,14,False,bearman,17.2,82.0,988.9,False,22.6,53,0.8,Lap,2025_12,104.025,4.0,2025_12
104.288,27,2,32.719,43.226,28.343,299.0,244.0,222.0,312.0,INTERMEDIATE,16,True,Red Bull Racing,0 days 01:51:12.692000,Track Clear,15,False,tsunoda,17.2,82.0,988.9,False,22.6,53,0.8,Lap,2025_12,104.798,8.0,2025_12
102.428,28,2,32.004,42.272,28.152,,241.0,231.0,306.0,INTERMEDIATE,17,True,McLaren,0 days 01:52:19.346000,Track Clear,1,False,piastri,17.4,81.0,988.8,False,22.6,325,0.7,Lap,2025_12,102.0135,1.0,2025_12
102.362,28,2,31.994,42.051,28.317,293.0,244.0,221.0,304.0,INTERMEDIATE,17,True,McLaren,0 days 01:52:23.334000,Track Clear,2,False,norris,17.4,81.0,988.8,False,22.6,325,0.7,Lap,2025_12,102.0135,1.0,2025_12
103.656,28,3,32.5,42.979,28.177,289.0,243.0,225.0,304.0,INTERMEDIATE,18,True,Aston Martin,0 days 01:52:36.663000,Track Clear,3,False,stroll,17.4,82.0,989.0,False,22.8,263,0.8,Lap,2025_12,104.094,5.0,2025_12
103.414,28,2,32.408,42.858,28.148,291.0,243.0,230.0,300.0,INTERMEDIATE,19,True,Kick Sauber,0 days 01:52:38.536000,Track Clear,4,False,hulkenberg,17.4,82.0,989.0,False,22.8,263,0.8,Lap,2025_12,103.748,2.0,2025_12
103.575,28,2,32.286,42.741,28.548,290.0,242.0,223.0,300.0,INTERMEDIATE,17,True,Alpine,0 days 01:52:41.484000,Track Clear,5,False,gasly,17.4,82.0,989.0,False,22.8,263,0.8,Lap,2025_12,104.436,6.0,2025_12
103.668,28,2,31.925,42.851,28.892,299.0,246.0,221.0,312.0,INTERMEDIATE,17,True,Ferrari,0 days 01:52:42.114000,Track Clear,6,False,hamilton,17.4,82.0,989.0,False,22.8,263,0.8,Lap,2025_12,103.86449999999999,3.0,2025_12
103.669,28,2,32.295,42.763,28.611,300.0,242.0,225.0,306.0,INTERMEDIATE,18,True,Mercedes,0 days 01:52:43.471000,Track Clear,7,False,russell,17.4,82.0,989.0,False,22.8,263,0.8,Lap,2025_12,105.149,9.0,2025_12
103.779,28,2,32.306,42.843,28.63,296.0,241.0,222.0,307.0,INTERMEDIATE,17,True,Aston Martin,0 days 01:52:44.658000,Track Clear,8,False,alonso,17.4,82.0,989.0,False,22.8,263,0.8,Lap,2025_12,104.094,5.0,2025_12
104.265,28,2,32.356,43.235,28.674,300.0,241.0,222.0,308.0,INTERMEDIATE,17,True,Williams,0 days 01:52:46.120000,Track Clear,9,False,sainz,17.4,82.0,989.0,False,22.8,263,0.8,Lap,2025_12,104.66499999999999,7.0,2025_12
104.243,28,2,32.313,43.301,28.629,294.0,243.0,221.0,308.0,INTERMEDIATE,17,True,Red Bull Racing,0 days 01:52:47.185000,Track Clear,10,False,max_verstappen,17.4,82.0,989.0,False,22.8,263,0.8,Lap,2025_12,104.798,8.0,2025_12
104.367,28,2,32.586,43.132,28.649,294.0,241.0,224.0,311.0,INTERMEDIATE,16,True,Williams,0 days 01:52:48.439000,Track Clear,11,False,albon,17.4,82.0,989.0,False,22.8,263,0.8,Lap,2025_12,104.66499999999999,7.0,2025_12
104.728,28,2,32.902,42.901,28.925,296.0,241.0,224.0,303.0,INTERMEDIATE,18,True,Ferrari,0 days 01:52:49.042000,Track Clear,12,False,leclerc,17.4,82.0,989.0,False,22.8,263,0.8,Lap,2025_12,103.86449999999999,3.0,2025_12
104.874,28,2,32.497,43.234,29.143,295.0,241.0,221.0,303.0,INTERMEDIATE,10,True,Haas F1 Team,0 days 01:52:50.991000,Track Clear,13,False,ocon,17.4,82.0,989.0,False,22.8,263,0.8,Lap,2025_12,104.025,4.0,2025_12
103.912,28,2,32.415,42.648,28.849,294.0,241.0,223.0,302.0,INTERMEDIATE,18,True,Haas F1 Team,0 days 01:52:53.243000,Track Clear,14,False,bearman,17.4,82.0,989.0,False,22.8,263,0.8,Lap,2025_12,104.025,4.0,2025_12
105.522,28,2,32.676,43.988,28.858,293.0,243.0,221.0,312.0,INTERMEDIATE,17,True,Red Bull Racing,0 days 01:52:56.980000,Track Clear,15,False,tsunoda,17.4,82.0,989.0,False,22.8,263,0.8,Lap,2025_12,104.798,8.0,2025_12
102.815,29,2,32.093,42.455,28.267,292.0,243.0,229.0,306.0,INTERMEDIATE,18,True,McLaren,0 days 01:54:01.774000,Track Clear,1,False,piastri,17.5,82.0,988.9,False,22.8,330,1.3,Lap,2025_12,102.0135,1.0,2025_12
102.634,29,2,32.082,42.298,28.254,291.0,243.0,229.0,304.0,INTERMEDIATE,18,True,McLaren,0 days 01:54:05.696000,Track Clear,2,False,norris,17.5,82.0,988.9,False,22.8,330,1.3,Lap,2025_12,102.0135,1.0,2025_12
103.467,29,3,32.49,42.786,28.191,,243.0,224.0,306.0,INTERMEDIATE,19,True,Aston Martin,0 days 01:54:20.319000,Track Clear,3,False,stroll,17.5,82.0,988.9,False,22.8,330,1.3,Lap,2025_12,104.094,5.0,2025_12
103.643,29,2,32.429,42.691,28.523,288.0,243.0,226.0,300.0,INTERMEDIATE,20,True,Kick Sauber,0 days 01:54:21.950000,Track Clear,4,False,hulkenberg,17.5,82.0,988.9,False,22.8,330,1.3,Lap,2025_12,103.748,2.0,2025_12
103.851,29,2,32.204,43.082,28.565,294.0,245.0,220.0,304.0,INTERMEDIATE,18,True,Ferrari,0 days 01:54:25.782000,Track Clear,5,False,hamilton,17.5,82.0,988.9,False,22.8,330,1.3,Lap,2025_12,103.86449999999999,3.0,2025_12
104.969,29,2,32.435,43.131,29.403,287.0,241.0,214.0,297.0,INTERMEDIATE,18,True,Alpine,0 days 01:54:25.059000,Track Clear,6,False,gasly,17.5,82.0,988.9,False,22.8,330,1.3,Lap,2025_12,104.436,6.0,2025_12
103.869,29,2,32.294,42.904,28.671,,243.0,222.0,308.0,INTERMEDIATE,19,True,Mercedes,0 days 01:54:27.140000,Track Clear,7,False,russell,17.5,82.0,988.9,False,22.8,330,1.3,Lap,2025_12,105.149,9.0,2025_12
103.763,29,2,32.545,42.793,28.425,295.0,242.0,223.0,307.0,INTERMEDIATE,18,True,Aston Martin,0 days 01:54:28.437000,Track Clear,8,False,alonso,17.5,82.0,988.9,False,22.8,330,1.3,Lap,2025_12,104.094,5.0,2025_12
104.379,29,2,32.469,43.196,28.714,,242.0,221.0,308.0,INTERMEDIATE,18,True,Williams,0 days 01:54:30.385000,Track Clear,9,False,sainz,17.5,82.0,988.9,False,22.8,330,1.3,Lap,2025_12,104.66499999999999,7.0,2025_12
104.716,29,2,32.647,43.321,28.748,293.0,241.0,216.0,310.0,INTERMEDIATE,18,True,Red Bull Racing,0 days 01:54:31.428000,Track Clear,10,False,max_verstappen,17.5,82.0,988.9,False,22.8,330,1.3,Lap,2025_12,104.798,8.0,2025_12
104.591,29,2,32.552,43.239,28.8,300.0,241.0,221.0,307.0,INTERMEDIATE,17,True,Williams,0 days 01:54:32.806000,Track Clear,11,False,albon,17.5,82.0,988.9,False,22.8,330,1.3,Lap,2025_12,104.66499999999999,7.0,2025_12
104.472,29,2,32.468,43.197,28.807,297.0,244.0,223.0,303.0,INTERMEDIATE,19,True,Ferrari,0 days 01:54:33.770000,Track Clear,12,False,leclerc,17.5,82.0,988.9,False,22.8,330,1.3,Lap,2025_12,103.86449999999999,3.0,2025_12
105.498,29,2,32.758,43.632,29.108,290.0,241.0,222.0,300.0,INTERMEDIATE,11,True,Haas F1 Team,0 days 01:54:35.865000,Track Clear,13,False,ocon,17.5,81.0,988.9,False,22.4,22,1.3,Lap,2025_12,104.025,4.0,2025_12
104.926,29,2,32.721,43.165,29.04,292.0,242.0,217.0,302.0,INTERMEDIATE,19,True,Haas F1 Team,0 days 01:54:37.155000,Track Clear,14,False,bearman,17.5,81.0,988.9,False,22.4,22,1.3,Lap,2025_12,104.025,4.0,2025_12
104.551,29,2,32.757,43.367,28.427,295.0,244.0,222.0,312.0,INTERMEDIATE,18,True,Red Bull Racing,0 days 01:54:42.502000,Track Clear,15,False,tsunoda,17.5,81.0,988.9,False,22.4,22,1.3,Lap,2025_12,104.798,8.0,2025_12
102.887,30,2,32.008,42.543,28.336,294.0,243.0,232.0,306.0,INTERMEDIATE,19,True,McLaren,0 days 01:55:44.589000,Track Clear,1,False,piastri,17.6,80.0,988.8,False,22.4,262,0.8,Lap,2025_12,102.0135,1.0,2025_12
102.403,30,2,32.014,42.095,28.294,294.0,243.0,229.0,305.0,INTERMEDIATE,19,True,McLaren,0 days 01:55:48.330000,Track Clear,2,False,norris,17.6,80.0,988.8,False,22.4,262,0.8,Lap,2025_12,102.0135,1.0,2025_12
104.094,30,3,32.575,43.008,28.511,292.0,239.0,225.0,304.0,INTERMEDIATE,20,True,Aston Martin,0 days 01:56:03.786000,Track Clear,3,False,stroll,17.6,80.0,988.8,False,22.4,262,0.8,Lap,2025_12,104.094,5.0,2025_12
103.379,30,2,32.536,42.515,28.328,289.0,244.0,230.0,302.0,INTERMEDIATE,21,True,Kick Sauber,0 days 01:56:05.593000,Track Clear,4,False,hulkenberg,17.6,80.0,988.8,False,22.4,262,0.8,Lap,2025_12,103.748,2.0,2025_12
103.57,30,2,32.208,42.719,28.643,290.0,237.0,221.0,297.0,INTERMEDIATE,19,True,Ferrari,0 days 01:56:09.633000,Track Clear,5,False,hamilton,17.6,80.0,988.8,False,22.4,262,0.8,Lap,2025_12,103.86449999999999,3.0,2025_12
105.061,30,2,33.004,43.384,28.673,290.0,242.0,226.0,300.0,INTERMEDIATE,19,True,Alpine,0 days 01:56:10.028000,Track Clear,6,False,gasly,17.6,80.0,988.8,False,22.4,262,0.8,Lap,2025_12,104.436,6.0,2025_12
104.714,30,2,32.581,43.329,28.804,299.0,246.0,222.0,308.0,INTERMEDIATE,20,True,Mercedes,0 days 01:56:11.009000,Track Clear,7,False,russell,17.6,80.0,988.8,False,22.4,262,0.8,Lap,2025_12,105.149,9.0,2025_12
104.281,30,2,32.517,43.086,28.678,297.0,243.0,224.0,312.0,INTERMEDIATE,19,True,Aston Martin,0 days 01:56:12.200000,Track Clear,8,False,alonso,17.6,80.0,988.8,False,22.4,262,0.8,Lap,2025_12,104.094,5.0,2025_12
104.712,30,2,32.602,43.417,28.693,297.0,241.0,217.0,307.0,INTERMEDIATE,19,True,Williams,0 days 01:56:14.764000,Track Clear,9,False,sainz,17.6,80.0,988.8,False,22.4,262,0.8,Lap,2025_12,104.66499999999999,7.0,2025_12
104.721,30,2,32.507,43.399,28.815,286.0,241.0,221.0,308.0,INTERMEDIATE,19,True,Red Bull Racing,0 days 01:56:16.144000,Track Clear,10,False,max_verstappen,17.6,80.0,988.8,False,22.4,262,0.8,Lap,2025_12,104.798,8.0,2025_12
104.618,30,2,32.677,43.093,28.848,295.0,241.0,222.0,310.0,INTERMEDIATE,18,True,Williams,0 days 01:56:17.397000,Track Clear,11,False,albon,17.6,80.0,988.8,False,22.4,262,0.8,Lap,2025_12,104.66499999999999,7.0,2025_12
104.511,30,2,32.605,43.199,28.707,296.0,241.0,222.0,302.0,INTERMEDIATE,20,True,Ferrari,0 days 01:56:18.242000,Track Clear,12,False,leclerc,17.6,80.0,988.8,False,22.4,262,0.8,Lap,2025_12,103.86449999999999,3.0,2025_12
104.269,30,2,32.802,42.796,28.671,293.0,241.0,220.0,302.0,INTERMEDIATE,20,True,Haas F1 Team,0 days 01:56:22.081000,Track Clear,13,False,bearman,17.6,80.0,988.8,False,22.4,262,0.8,Lap,2025_12,104.025,4.0,2025_12
106.803,30,2,33.675,44.28,28.848,256.0,240.0,221.0,304.0,INTERMEDIATE,12,True,Haas F1 Team,0 days 01:56:21.363000,Track Clear,14,False,ocon,17.6,80.0,988.8,False,22.4,262,0.8,Lap,2025_12,104.025,4.0,2025_12
104.388,30,2,32.609,43.298,28.481,,243.0,223.0,312.0,INTERMEDIATE,19,True,Red Bull Racing,0 days 01:56:27.053000,Track Clear,15,False,tsunoda,17.6,80.0,988.8,False,22.4,262,0.8,Lap,2025_12,104.798,8.0,2025_12
102.642,31,2,32.061,42.638,27.943,290.0,243.0,233.0,306.0,INTERMEDIATE,20,True,McLaren,0 days 01:57:27.476000,Track Clear,1,False,piastri,17.7,82.0,988.8,False,22.4,346,1.7,Lap,2025_12,102.0135,1.0,2025_12
102.087,31,2,31.974,42.14,27.973,291.0,245.0,231.0,303.0,INTERMEDIATE,20,True,McLaren,0 days 01:57:30.733000,Track Clear,2,False,norris,17.7,82.0,988.8,False,22.4,346,1.7,Lap,2025_12,102.0135,1.0,2025_12
104.096,31,3,32.686,42.968,28.442,290.0,241.0,228.0,305.0,INTERMEDIATE,21,True,Aston Martin,0 days 01:57:47.880000,Track Clear,3,False,stroll,17.7,80.0,988.8,False,23.0,230,1.1,Lap,2025_12,104.094,5.0,2025_12
103.832,31,2,32.567,42.853,28.412,,243.0,231.0,302.0,INTERMEDIATE,22,True,Kick Sauber,0 days 01:57:48.972000,Track Clear,4,False,hulkenberg,17.7,80.0,988.8,False,23.0,230,1.1,Lap,2025_12,103.748,2.0,2025_12
103.59,31,2,32.197,42.802,28.591,292.0,243.0,227.0,301.0,INTERMEDIATE,20,True,Ferrari,0 days 01:57:53.203000,Track Clear,5,False,hamilton,17.7,80.0,988.8,False,23.0,230,1.1,Lap,2025_12,103.86449999999999,3.0,2025_12
104.504,31,2,32.532,43.23,28.742,292.0,240.0,227.0,302.0,INTERMEDIATE,20,True,Alpine,0 days 01:57:55.089000,Track Clear,6,False,gasly,17.7,80.0,988.8,False,23.0,230,1.1,Lap,2025_12,104.436,6.0,2025_12
104.706,31,2,32.473,43.362,28.871,302.0,242.0,229.0,308.0,INTERMEDIATE,21,True,Mercedes,0 days 01:57:55.723000,Track Clear,7,False,russell,17.7,80.0,988.8,False,23.0,230,1.1,Lap,2025_12,105.149,9.0,2025_12
104.625,31,2,32.604,43.226,28.795,291.0,241.0,224.0,307.0,INTERMEDIATE,20,True,Aston Martin,0 days 01:57:56.481000,Track Clear,8,False,alonso,17.7,80.0,988.8,False,23.0,230,1.1,Lap,2025_12,104.094,5.0,2025_12
104.747,31,2,32.558,43.458,28.731,299.0,241.0,222.0,308.0,INTERMEDIATE,20,True,Williams,0 days 01:57:59.476000,Track Clear,9,False,sainz,17.7,80.0,988.8,False,23.0,230,1.1,Lap,2025_12,104.66499999999999,7.0,2025_12
104.559,31,2,32.345,43.564,28.65,295.0,242.0,224.0,311.0,INTERMEDIATE,20,True,Red Bull Racing,0 days 01:58:00.865000,Track Clear,10,False,max_verstappen,17.7,80.0,988.8,False,23.0,230,1.1,Lap,2025_12,104.798,8.0,2025_12
104.761,31,2,32.5,43.452,28.809,299.0,240.0,223.0,309.0,INTERMEDIATE,19,True,Williams,0 days 01:58:02.015000,Track Clear,11,False,albon,17.7,80.0,988.8,False,23.0,230,1.1,Lap,2025_12,104.66499999999999,7.0,2025_12
104.832,31,2,32.632,43.447,28.753,,240.0,219.0,304.0,INTERMEDIATE,21,True,Ferrari,0 days 01:58:02.753000,Track Clear,12,False,leclerc,17.7,80.0,988.8,False,23.0,230,1.1,Lap,2025_12,103.86449999999999,3.0,2025_12
104.0,31,2,32.65,42.843,28.507,,242.0,221.0,302.0,INTERMEDIATE,21,True,Haas F1 Team,0 days 01:58:06.350000,Track Clear,13,False,bearman,17.7,80.0,988.8,False,23.0,230,1.1,Lap,2025_12,104.025,4.0,2025_12
104.509,31,2,32.464,43.598,28.447,292.0,241.0,230.0,307.0,INTERMEDIATE,13,True,Haas F1 Team,0 days 01:58:08.166000,Track Clear,14,False,ocon,17.7,80.0,988.8,False,23.0,230,1.1,Lap,2025_12,104.025,4.0,2025_12
104.794,31,2,32.721,43.593,28.48,293.0,244.0,223.0,314.0,INTERMEDIATE,20,True,Red Bull Racing,0 days 01:58:11.441000,Track Clear,15,False,tsunoda,17.7,80.0,988.8,False,23.0,230,1.1,Lap,2025_12,104.798,8.0,2025_12
102.01,32,2,31.913,42.163,27.934,291.0,243.0,233.0,306.0,INTERMEDIATE,21,True,McLaren,0 days 01:59:10.118000,Track Clear,1,False,piastri,17.9,80.0,988.7,False,23.3,72,1.5,Lap,2025_12,102.0135,1.0,2025_12
101.925,32,2,31.92,41.948,28.057,295.0,245.0,229.0,306.0,INTERMEDIATE,21,True,McLaren,0 days 01:59:12.820000,Track Clear,2,False,norris,17.9,80.0,988.7,False,23.3,72,1.5,Lap,2025_12,102.0135,1.0,2025_12
104.277,32,3,32.418,43.271,28.588,293.0,241.0,229.0,306.0,INTERMEDIATE,22,True,Aston Martin,0 days 01:59:31.976000,Track Clear,3,False,stroll,17.9,80.0,988.7,False,23.3,72,1.5,Lap,2025_12,104.094,5.0,2025_12
103.946,32,2,32.55,42.788,28.608,293.0,246.0,231.0,310.0,INTERMEDIATE,23,True,Kick Sauber,0 days 01:59:32.804000,Track Clear,4,False,hulkenberg,17.9,80.0,988.7,False,23.3,72,1.5,Lap,2025_12,103.748,2.0,2025_12
103.029,32,2,32.154,42.291,28.584,294.0,241.0,226.0,302.0,INTERMEDIATE,21,True,Ferrari,0 days 01:59:36.793000,Track Clear,5,False,hamilton,17.9,80.0,988.7,False,23.3,72,1.5,Lap,2025_12,103.86449999999999,3.0,2025_12
104.368,32,2,32.737,43.133,28.498,293.0,240.0,229.0,302.0,INTERMEDIATE,21,True,Alpine,0 days 01:59:39.593000,Track Clear,6,False,gasly,17.9,80.0,988.9,False,23.5,101,0.5,Lap,2025_12,104.436,6.0,2025_12
104.186,32,2,32.464,43.019,28.703,300.0,245.0,227.0,312.0,INTERMEDIATE,22,True,Mercedes,0 days 01:59:40.429000,Track Clear,7,False,russell,17.9,80.0,988.9,False,23.5,101,0.5,Lap,2025_12,105.149,9.0,2025_12
104.587,32,2,32.507,43.42,28.66,296.0,239.0,222.0,308.0,INTERMEDIATE,21,True,Aston Martin,0 days 01:59:41.106000,Track Clear,8,False,alonso,17.9,80.0,988.9,False,23.5,101,0.5,Lap,2025_12,104.094,5.0,2025_12
105.107,32,2,32.771,43.682,28.654,301.0,240.0,221.0,308.0,INTERMEDIATE,21,True,Williams,0 days 01:59:44.223000,Track Clear,9,False,sainz,17.9,80.0,988.9,False,23.5,101,0.5,Lap,2025_12,104.66499999999999,7.0,2025_12
104.511,32,2,32.555,43.556,28.4,296.0,243.0,226.0,310.0,INTERMEDIATE,21,True,Red Bull Racing,0 days 01:59:45.424000,Track Clear,10,False,max_verstappen,17.9,80.0,988.9,False,23.5,101,0.5,Lap,2025_12,104.798,8.0,2025_12
105.126,32,2,32.672,43.841,28.613,295.0,239.0,227.0,309.0,INTERMEDIATE,20,True,Williams,0 days 01:59:46.776000,Track Clear,11,False,albon,17.9,80.0,988.9,False,23.5,101,0.5,Lap,2025_12,104.66499999999999,7.0,2025_12
105.187,32,2,32.654,44.06,28.473,294.0,239.0,225.0,302.0,INTERMEDIATE,22,True,Ferrari,0 days 01:59:47.585000,Track Clear,12,True,leclerc,17.9,80.0,988.9,False,23.5,101,0.5,Lap,2025_12,103.86449999999999,3.0,2025_12
103.978,32,2,32.594,43.04,28.344,,241.0,219.0,302.0,INTERMEDIATE,22,True,Haas F1 Team,0 days 01:59:50.350000,Track Clear,13,False,bearman,17.9,80.0,988.9,False,23.5,101,0.5,Lap,2025_12,104.025,4.0,2025_12
103.911,32,2,32.566,42.937,28.408,291.0,242.0,228.0,300.0,INTERMEDIATE,14,True,Haas F1 Team,0 days 01:59:52.675000,Track Clear,14,False,ocon,17.9,80.0,988.9,False,23.5,101,0.5,Lap,2025_12,104.025,4.0,2025_12
104.939,32,2,32.944,43.635,28.36,291.0,242.0,223.0,313.0,INTERMEDIATE,21,True,Red Bull Racing,0 days 01:59:56.235000,Track Clear,15,False,tsunoda,17.9,80.0,988.9,False,23.5,101,0.5,Lap,2025_12,104.798,8.0,2025_12
101.663,33,2,31.885,41.893,27.885,292.0,244.0,226.0,306.0,INTERMEDIATE,22,True,McLaren,0 days 02:00:52.128000,Track Clear,1,False,piastri,18.0,77.0,988.8,False,23.6,217,1.1,Lap,2025_12,102.0135,1.0,2025_12
101.411,33,2,31.961,41.733,27.717,292.0,246.0,233.0,303.0,INTERMEDIATE,22,True,McLaren,0 days 02:00:54.745000,Track Clear,2,False,norris,18.0,77.0,988.8,False,23.6,217,1.1,Lap,2025_12,102.0135,1.0,2025_12
103.803,33,3,32.507,42.953,28.343,289.0,242.0,230.0,303.0,INTERMEDIATE,23,True,Aston Martin,0 days 02:01:16.253000,Track Clear,3,False,stroll,18.0,77.0,988.8,False,23.6,217,1.1,Lap,2025_12,104.094,5.0,2025_12
103.882,33,2,32.418,42.974,28.49,290.0,244.0,230.0,301.0,INTERMEDIATE,24,True,Kick Sauber,0 days 02:01:16.750000,Track Clear,4,False,hulkenberg,18.0,77.0,988.8,False,23.6,217,1.1,Lap,2025_12,103.748,2.0,2025_12
102.567,33,2,32.049,42.267,28.251,292.0,243.0,228.0,302.0,INTERMEDIATE,22,True,Ferrari,0 days 02:01:19.822000,Track Clear,5,False,hamilton,18.0,77.0,988.8,False,23.6,217,1.1,Lap,2025_12,103.86449999999999,3.0,2025_12
105.205,33,2,32.758,43.464,28.983,298.0,240.0,226.0,300.0,INTERMEDIATE,22,True,Alpine,0 days 02:01:23.961000,Track Clear,6,False,gasly,18.0,77.0,988.8,False,23.6,217,1.1,Lap,2025_12,104.436,6.0,2025_12
104.928,33,2,32.259,43.664,29.005,,246.0,223.0,311.0,INTERMEDIATE,23,True,Mercedes,0 days 02:01:24.615000,Track Clear,7,False,russell,18.0,77.0,988.8,False,23.6,217,1.1,Lap,2025_12,105.149,9.0,2025_12
104.331,33,2,32.42,43.258,28.653,293.0,238.0,224.0,306.0,INTERMEDIATE,22,True,Aston Martin,0 days 02:01:25.693000,Track Clear,8,False,alonso,18.0,77.0,988.8,False,23.6,217,1.1,Lap,2025_12,104.094,5.0,2025_12
104.414,33,2,32.536,43.294,28.584,300.0,241.0,221.0,308.0,INTERMEDIATE,22,True,Williams,0 days 02:01:29.330000,Track Clear,9,False,sainz,18.0,77.0,988.8,False,23.6,217,1.1,Lap,2025_12,104.66499999999999,7.0,2025_12
104.306,33,2,32.321,43.443,28.542,,240.0,225.0,309.0,INTERMEDIATE,22,True,Red Bull Racing,0 days 02:01:29.935000,Track Clear,10,False,max_verstappen,18.0,77.0,988.8,False,23.6,217,1.1,Lap,2025_12,104.798,8.0,2025_12
104.063,33,2,32.491,43.087,28.485,299.0,241.0,224.0,309.0,INTERMEDIATE,21,True,Williams,0 days 02:01:31.902000,Track Clear,11,False,albon,18.0,77.0,988.8,False,23.6,217,1.1,Lap,2025_12,104.66499999999999,7.0,2025_12
104.096,33,2,32.469,43.213,28.414,295.0,242.0,224.0,303.0,INTERMEDIATE,23,True,Ferrari,0 days 02:01:32.772000,Track Clear,12,False,leclerc,18.0,77.0,988.8,False,23.6,217,1.1,Lap,2025_12,103.86449999999999,3.0,2025_12
103.937,33,2,32.576,42.987,28.374,,242.0,223.0,303.0,INTERMEDIATE,23,True,Haas F1 Team,0 days 02:01:34.328000,Track Clear,13,False,bearman,18.0,77.0,988.8,False,23.6,217,1.1,Lap,2025_12,104.025,4.0,2025_12
103.97,33,2,32.672,43.108,28.19,289.0,242.0,230.0,298.0,INTERMEDIATE,15,True,Haas F1 Team,0 days 02:01:36.586000,Track Clear,14,False,ocon,18.0,76.0,988.9,False,23.5,127,1.2,Lap,2025_12,104.025,4.0,2025_12
105.663,33,2,32.944,43.942,28.777,290.0,241.0,226.0,313.0,INTERMEDIATE,22,True,Red Bull Racing,0 days 02:01:41.174000,Track Clear,15,False,tsunoda,18.0,76.0,988.9,False,23.5,127,1.2,Lap,2025_12,104.798,8.0,2025_12
101.386,34,2,31.863,41.864,27.659,293.0,243.0,236.0,305.0,INTERMEDIATE,23,True,McLaren,0 days 02:02:33.791000,Track Clear,1,False,piastri,18.0,76.0,988.9,False,23.5,127,1.2,Lap,2025_12,102.0135,1.0,2025_12
101.136,34,2,31.952,41.696,27.488,294.0,244.0,233.0,306.0,INTERMEDIATE,23,True,McLaren,0 days 02:02:36.156000,Track Clear,2,False,norris,18.0,76.0,988.9,False,23.5,127,1.2,Lap,2025_12,102.0135,1.0,2025_12
103.089,34,2,32.49,42.965,27.634,286.0,246.0,234.0,322.0,INTERMEDIATE,25,True,Kick Sauber,0 days 02:03:00.632000,Track Clear,3,False,hulkenberg,18.0,73.0,988.9,False,23.3,144,1.3,Lap,2025_12,103.748,2.0,2025_12
104.881,34,3,32.617,43.077,29.187,288.0,241.0,227.0,306.0,INTERMEDIATE,24,True,Aston Martin,0 days 02:03:00.056000,Track Clear,4,False,stroll,18.0,73.0,988.9,False,23.3,144,1.3,Lap,2025_12,104.094,5.0,2025_12
103.044,34,2,31.879,42.677,28.488,293.0,243.0,219.0,322.0,INTERMEDIATE,23,True,Ferrari,0 days 02:03:02.389000,Track Clear,5,False,hamilton,18.0,73.0,988.9,False,23.3,144,1.3,Lap,2025_12,103.86449999999999,3.0,2025_12
104.227,34,2,32.636,43.19,28.401,296.0,241.0,229.0,300.0,INTERMEDIATE,23,True,Alpine,0 days 02:03:09.166000,Track Clear,6,False,gasly,18.0,73.0,988.9,False,23.3,144,1.3,Lap,2025_12,104.436,6.0,2025_12
104.359,34,2,32.311,43.74,28.308,302.0,246.0,228.0,320.0,INTERMEDIATE,24,True,Mercedes,0 days 02:03:09.543000,Track Clear,7,False,russell,18.0,73.0,988.9,False,23.3,144,1.3,Lap,2025_12,105.149,9.0,2025_12
104.712,34,2,32.634,43.607,28.471,294.0,239.0,229.0,326.0,INTERMEDIATE,23,True,Aston Martin,0 days 02:03:10.024000,Track Clear,8,False,alonso,18.0,73.0,988.9,False,23.3,144,1.3,Lap,2025_12,104.094,5.0,2025_12
103.923,34,2,32.325,43.352,28.246,291.0,241.0,228.0,323.0,INTERMEDIATE,23,True,Red Bull Racing,0 days 02:03:14.241000,Track Clear,9,False,max_verstappen,18.0,73.0,988.9,False,23.3,144,1.3,Lap,2025_12,104.798,8.0,2025_12
105.146,34,2,32.402,43.282,29.462,303.0,244.0,207.0,309.0,INTERMEDIATE,23,True,Williams,0 days 02:03:13.744000,Track Clear,10,False,sainz,18.0,73.0,988.9,False,23.3,144,1.3,Lap,2025_12,104.66499999999999,7.0,2025_12
104.29,34,2,32.282,43.22,28.788,301.0,242.0,221.0,312.0,INTERMEDIATE,22,True,Williams,0 days 02:03:15.965000,Track Clear,11,False,albon,18.0,73.0,988.9,False,23.3,144,1.3,Lap,2025_12,104.66499999999999,7.0,2025_12
104.024,34,2,32.289,43.087,28.648,297.0,240.0,220.0,318.0,INTERMEDIATE,24,True,Ferrari,0 days 02:03:16.868000,Track Clear,12,False,leclerc,18.0,73.0,988.9,False,23.3,144,1.3,Lap,2025_12,103.86449999999999,3.0,2025_12
103.948,34,2,32.528,43.004,28.416,292.0,239.0,220.0,302.0,INTERMEDIATE,24,True,Haas F1 Team,0 days 02:03:18.265000,Track Clear,13,False,bearman,18.0,73.0,988.9,False,23.3,144,1.3,Lap,2025_12,104.025,4.0,2025_12
104.039,34,2,32.441,43.222,28.376,286.0,242.0,230.0,299.0,INTERMEDIATE,16,True,Haas F1 Team,0 days 02:03:20.556000,Track Clear,14,False,ocon,18.0,73.0,988.9,False,23.3,144,1.3,Lap,2025_12,104.025,4.0,2025_12
105.52,34,2,33.002,43.658,28.86,295.0,240.0,225.0,311.0,INTERMEDIATE,23,True,Red Bull Racing,0 days 02:03:26.837000,Track Clear,15,False,tsunoda,18.0,73.0,988.9,False,23.3,144,1.3,Lap,2025_12,104.798,8.0,2025_12
101.091,35,2,31.824,41.694,27.573,292.0,247.0,235.0,306.0,INTERMEDIATE,24,True,McLaren,0 days 02:04:15.177000,Track Clear,1,False,piastri,18.2,74.0,988.9,False,23.2,248,0.7,Lap,2025_12,102.0135,1.0,2025_12
101.103,35,2,31.757,41.819,27.527,292.0,245.0,232.0,303.0,INTERMEDIATE,24,True,McLaren,0 days 02:04:17.292000,Track Clear,2,False,norris,18.2,74.0,988.9,False,23.2,248,0.7,Lap,2025_12,102.0135,1.0,2025_12
101.463,35,2,32.151,41.559,27.753,288.0,247.0,232.0,298.0,INTERMEDIATE,26,True,Kick Sauber,0 days 02:04:43.721000,Track Clear,3,False,hulkenberg,18.3,74.0,988.9,False,23.3,87,0.9,Lap,2025_12,103.748,2.0,2025_12
101.444,35,2,32.229,41.588,27.627,303.0,242.0,231.0,302.0,INTERMEDIATE,24,True,Ferrari,0 days 02:04:45.433000,Track Clear,4,False,hamilton,18.3,74.0,988.9,False,23.3,87,0.9,Lap,2025_12,103.86449999999999,3.0,2025_12
105.225,35,3,33.312,43.641,28.272,,240.0,230.0,306.0,INTERMEDIATE,25,True,Aston Martin,0 days 02:04:44.937000,Track Clear,5,False,stroll,18.3,74.0,988.9,False,23.3,87,0.9,Lap,2025_12,104.094,5.0,2025_12
102.768,35,2,32.404,42.301,28.063,288.0,242.0,229.0,307.0,INTERMEDIATE,24,True,Alpine,0 days 02:04:53.393000,Track Clear,6,False,gasly,18.3,74.0,988.9,False,23.3,87,0.9,Lap,2025_12,104.436,6.0,2025_12
102.795,35,2,32.079,42.637,28.079,292.0,248.0,232.0,323.0,INTERMEDIATE,25,True,Mercedes,0 days 02:04:53.902000,Track Clear,7,False,russell,18.3,74.0,988.9,False,23.3,87,0.9,Lap,2025_12,105.149,9.0,2025_12
103.238,35,2,32.243,42.791,28.204,310.0,237.0,231.0,308.0,INTERMEDIATE,24,True,Aston Martin,0 days 02:04:54.736000,Track Clear,8,False,alonso,18.3,74.0,988.9,False,23.3,87,0.9,Lap,2025_12,104.094,5.0,2025_12
102.617,35,2,32.234,42.506,27.877,295.0,242.0,229.0,309.0,INTERMEDIATE,24,True,Red Bull Racing,0 days 02:04:58.164000,Track Clear,9,False,max_verstappen,18.3,74.0,988.9,False,23.3,87,0.9,Lap,2025_12,104.798,8.0,2025_12
104.475,35,2,32.91,43.248,28.317,301.0,239.0,227.0,304.0,INTERMEDIATE,24,True,Williams,0 days 02:04:58.890000,Track Clear,10,False,sainz,18.3,74.0,988.9,False,23.3,87,0.9,Lap,2025_12,104.66499999999999,7.0,2025_12
103.415,35,2,32.389,42.702,28.324,303.0,240.0,224.0,305.0,INTERMEDIATE,25,True,Ferrari,0 days 02:05:00.892000,Track Clear,11,False,leclerc,18.3,74.0,988.9,False,23.3,87,0.9,Lap,2025_12,103.86449999999999,3.0,2025_12
105.664,35,2,33.615,43.41,28.639,292.0,239.0,222.0,310.0,INTERMEDIATE,23,True,Williams,0 days 02:05:00.255000,Track Clear,12,False,albon,18.3,74.0,988.9,False,23.3,87,0.9,Lap,2025_12,104.66499999999999,7.0,2025_12
104.439,35,2,32.516,43.479,28.444,296.0,240.0,221.0,318.0,INTERMEDIATE,25,True,Haas F1 Team,0 days 02:05:02.213000,Track Clear,13,False,bearman,18.3,74.0,988.9,False,23.3,87,0.9,Lap,2025_12,104.025,4.0,2025_12
103.436,35,2,32.411,43.013,28.012,295.0,241.0,229.0,307.0,INTERMEDIATE,17,True,Haas F1 Team,0 days 02:05:04.595000,Track Clear,14,False,ocon,18.3,74.0,988.9,False,23.3,87,0.9,Lap,2025_12,104.025,4.0,2025_12
105.239,35,2,32.838,43.635,28.766,297.0,241.0,225.0,312.0,INTERMEDIATE,24,True,Red Bull Racing,0 days 02:05:12.357000,Track Clear,15,False,tsunoda,18.3,74.0,988.9,False,23.3,87,0.9,Lap,2025_12,104.798,8.0,2025_12
100.97,36,2,31.707,41.63,27.633,293.0,245.0,237.0,306.0,INTERMEDIATE,25,True,McLaren,0 days 02:05:56.268000,Track Clear,1,False,piastri,18.5,73.0,988.9,False,23.2,68,1.9,Lap,2025_12,102.0135,1.0,2025_12
100.71,36,2,31.889,41.323,27.498,294.0,245.0,235.0,304.0,INTERMEDIATE,25,True,McLaren,0 days 02:05:58.395000,Track Clear,2,False,norris,18.5,73.0,988.9,False,23.2,68,1.9,Lap,2025_12,102.0135,1.0,2025_12
101.519,36,2,32.185,41.764,27.57,290.0,247.0,234.0,302.0,INTERMEDIATE,27,True,Kick Sauber,0 days 02:06:25.184000,Track Clear,3,False,hulkenberg,18.5,73.0,988.9,False,23.2,68,1.9,Lap,2025_12,103.748,2.0,2025_12
101.354,36,2,31.633,41.726,27.995,294.0,242.0,230.0,318.0,INTERMEDIATE,25,True,Ferrari,0 days 02:06:26.877000,Track Clear,4,False,hamilton,18.5,73.0,988.9,False,23.2,68,1.9,Lap,2025_12,103.86449999999999,3.0,2025_12
103.139,36,3,32.367,42.784,27.988,292.0,244.0,226.0,306.0,INTERMEDIATE,26,True,Aston Martin,0 days 02:06:30.162000,Track Clear,5,False,stroll,18.5,73.0,988.9,False,23.2,68,1.9,Lap,2025_12,104.094,5.0,2025_12
102.42,36,2,32.278,42.114,28.028,,242.0,230.0,301.0,INTERMEDIATE,25,True,Alpine,0 days 02:06:36.161000,Track Clear,6,False,gasly,18.5,73.0,988.9,False,23.2,68,1.9,Lap,2025_12,104.436,6.0,2025_12
102.502,36,2,32.073,42.571,27.858,308.0,244.0,233.0,318.0,INTERMEDIATE,26,True,Mercedes,0 days 02:06:36.697000,Track Clear,7,False,russell,18.5,73.0,988.9,False,23.2,68,1.9,Lap,2025_12,105.149,9.0,2025_12
102.516,36,2,31.861,42.626,28.029,311.0,239.0,233.0,321.0,INTERMEDIATE,25,True,Aston Martin,0 days 02:06:37.974000,Track Clear,8,False,alonso,18.5,72.0,988.8,False,23.2,275,1.4,Lap,2025_12,104.094,5.0,2025_12
101.924,36,2,32.072,42.122,27.73,301.0,244.0,233.0,311.0,INTERMEDIATE,25,True,Red Bull Racing,0 days 02:06:40.781000,Track Clear,9,False,max_verstappen,18.5,72.0,988.8,False,23.2,275,1.4,Lap,2025_12,104.798,8.0,2025_12
103.152,36,2,32.264,42.745,28.143,302.0,244.0,226.0,311.0,INTERMEDIATE,25,True,Williams,0 days 02:06:43.365000,Track Clear,10,False,sainz,18.5,72.0,988.8,False,23.2,275,1.4,Lap,2025_12,104.66499999999999,7.0,2025_12
102.957,36,2,31.923,42.583,28.451,310.0,245.0,227.0,322.0,INTERMEDIATE,26,True,Ferrari,0 days 02:06:44.307000,Track Clear,11,False,leclerc,18.5,72.0,988.8,False,23.2,275,1.4,Lap,2025_12,103.86449999999999,3.0,2025_12
102.965,36,2,32.306,42.473,28.186,303.0,242.0,224.0,312.0,INTERMEDIATE,24,True,Williams,0 days 02:06:45.919000,Track Clear,12,False,albon,18.5,72.0,988.8,False,23.2,275,1.4,Lap,2025_12,104.66499999999999,7.0,2025_12
102.937,36,2,32.293,42.61,28.034,307.0,245.0,224.0,320.0,INTERMEDIATE,26,True,Haas F1 Team,0 days 02:06:46.652000,Track Clear,13,False,bearman,18.5,72.0,988.8,False,23.2,275,1.4,Lap,2025_12,104.025,4.0,2025_12
102.888,36,2,32.44,42.479,27.969,300.0,245.0,231.0,306.0,INTERMEDIATE,18,True,Haas F1 Team,0 days 02:06:48.031000,Track Clear,14,False,ocon,18.5,72.0,988.8,False,23.2,275,1.4,Lap,2025_12,104.025,4.0,2025_12
104.526,36,2,32.837,43.118,28.571,,242.0,226.0,313.0,INTERMEDIATE,25,True,Red Bull Racing,0 days 02:06:57.596000,Track Clear,15,False,tsunoda,18.5,72.0,988.8,False,23.2,275,1.4,Lap,2025_12,104.798,8.0,2025_12
100.351,37,2,31.79,41.242,27.319,291.0,246.0,239.0,307.0,INTERMEDIATE,26,True,McLaren,0 days 02:07:37.238000,Track Clear,1,False,piastri,18.5,72.0,988.8,False,23.2,275,1.4,Lap,2025_12,102.0135,1.0,2025_12
100.803,37,2,31.943,41.518,27.342,293.0,245.0,237.0,305.0,INTERMEDIATE,26,True,McLaren,0 days 02:07:39.105000,Track Clear,2,False,norris,18.5,72.0,988.8,False,23.2,275,1.4,Lap,2025_12,102.0135,1.0,2025_12
101.009,37,2,32.114,41.539,27.356,286.0,248.0,237.0,301.0,INTERMEDIATE,28,True,Kick Sauber,0 days 02:08:06.703000,Track Clear,3,False,hulkenberg,18.5,73.0,988.8,False,23.4,101,0.6,Lap,2025_12,103.748,2.0,2025_12
100.507,37,2,31.667,41.518,27.322,291.0,245.0,234.0,319.0,INTERMEDIATE,26,True,Ferrari,0 days 02:08:08.231000,Track Clear,4,False,hamilton,18.5,73.0,988.8,False,23.4,101,0.6,Lap,2025_12,103.86449999999999,3.0,2025_12
102.74,37,3,32.246,42.524,27.97,,244.0,228.0,306.0,INTERMEDIATE,27,True,Aston Martin,0 days 02:08:13.301000,Track Clear,5,False,stroll,18.5,73.0,988.8,False,23.4,101,0.6,Lap,2025_12,104.094,5.0,2025_12
101.825,37,2,32.184,41.807,27.834,287.0,243.0,232.0,301.0,INTERMEDIATE,26,True,Alpine,0 days 02:08:18.581000,Track Clear,6,False,gasly,18.5,73.0,988.8,False,23.4,101,0.6,Lap,2025_12,104.436,6.0,2025_12
101.85,37,2,31.954,42.202,27.694,310.0,246.0,235.0,322.0,INTERMEDIATE,27,True,Mercedes,0 days 02:08:19.199000,Track Clear,8,False,russell,18.5,73.0,988.8,False,23.4,101,0.6,Lap,2025_12,105.149,9.0,2025_12
101.583,37,2,31.969,41.958,27.656,298.0,244.0,235.0,310.0,INTERMEDIATE,26,True,Red Bull Racing,0 days 02:08:22.705000,Track Clear,9,False,max_verstappen,18.5,73.0,988.8,False,23.4,101,0.6,Lap,2025_12,104.798,8.0,2025_12
103.057,37,2,32.305,42.797,27.955,,245.0,230.0,308.0,INTERMEDIATE,26,True,Williams,0 days 02:08:26.517000,Track Clear,10,False,sainz,18.5,73.0,988.8,False,23.4,101,0.6,Lap,2025_12,104.66499999999999,7.0,2025_12
102.994,37,2,31.982,42.887,28.125,306.0,246.0,230.0,318.0,INTERMEDIATE,27,True,Ferrari,0 days 02:08:27.264000,Track Clear,11,False,leclerc,18.5,73.0,988.8,False,23.4,101,0.6,Lap,2025_12,103.86449999999999,3.0,2025_12
102.684,37,2,32.181,42.431,28.072,301.0,243.0,229.0,311.0,INTERMEDIATE,25,True,Williams,0 days 02:08:28.884000,Track Clear,12,False,albon,18.5,73.0,988.8,False,23.4,101,0.6,Lap,2025_12,104.66499999999999,7.0,2025_12
103.169,37,2,32.253,42.514,28.402,303.0,242.0,230.0,304.0,INTERMEDIATE,27,True,Haas F1 Team,0 days 02:08:29.589000,Track Clear,13,True,bearman,18.5,73.0,988.8,False,23.4,101,0.6,Lap,2025_12,104.025,4.0,2025_12
102.966,37,2,32.358,42.586,28.022,288.0,244.0,230.0,301.0,INTERMEDIATE,19,True,Haas F1 Team,0 days 02:08:30.919000,Track Clear,14,False,ocon,18.5,73.0,988.8,False,23.4,101,0.6,Lap,2025_12,104.025,4.0,2025_12
104.616,37,2,32.927,43.159,28.53,294.0,244.0,227.0,313.0,INTERMEDIATE,26,True,Red Bull Racing,0 days 02:08:42.122000,Track Clear,15,False,tsunoda,18.5,72.0,988.9,False,23.7,59,1.5,Lap,2025_12,104.798,8.0,2025_12
100.127,38,2,31.558,41.292,27.277,,246.0,243.0,307.0,INTERMEDIATE,27,True,McLaren,0 days 02:09:17.589000,Track Clear,1,False,piastri,18.5,72.0,988.9,False,23.7,59,1.5,Lap,2025_12,102.0135,1.0,2025_12
99.668,38,2,31.754,41.103,26.811,291.0,247.0,240.0,304.0,INTERMEDIATE,27,True,McLaren,0 days 02:09:19.908000,Track Clear,2,False,norris,18.5,72.0,988.9,False,23.7,59,1.5,Lap,2025_12,102.0135,1.0,2025_12
101.023,38,2,32.244,41.527,27.252,287.0,247.0,238.0,300.0,INTERMEDIATE,29,True,Kick Sauber,0 days 02:09:47.712000,Track Clear,3,False,hulkenberg,18.6,72.0,989.0,False,24.5,80,2.1,Lap,2025_12,103.748,2.0,2025_12
101.149,38,2,31.612,42.056,27.481,310.0,242.0,234.0,323.0,INTERMEDIATE,27,True,Ferrari,0 days 02:09:48.738000,Track Clear,4,False,hamilton,18.6,72.0,989.0,False,24.5,80,2.1,Lap,2025_12,103.86449999999999,3.0,2025_12
102.379,38,3,32.257,42.32,27.802,,243.0,228.0,306.0,INTERMEDIATE,28,True,Aston Martin,0 days 02:09:56.041000,Track Clear,5,False,stroll,18.6,72.0,989.0,False,24.5,80,2.1,Lap,2025_12,104.094,5.0,2025_12
102.926,38,2,32.458,42.461,28.007,289.0,241.0,231.0,303.0,INTERMEDIATE,27,True,Alpine,0 days 02:10:00.406000,Track Clear,7,False,gasly,18.6,72.0,989.0,False,24.5,80,2.1,Lap,2025_12,104.436,6.0,2025_12
101.19,38,2,31.967,41.824,27.399,296.0,245.0,237.0,310.0,INTERMEDIATE,27,True,Red Bull Racing,0 days 02:10:04.288000,Track Clear,8,False,max_verstappen,18.6,72.0,989.0,False,24.5,80,2.1,Lap,2025_12,104.798,8.0,2025_12
102.692,38,2,32.224,42.545,27.923,301.0,246.0,225.0,309.0,INTERMEDIATE,27,True,Williams,0 days 02:10:09.574000,Track Clear,9,False,sainz,18.6,72.0,989.0,False,24.5,80,2.1,Lap,2025_12,104.66499999999999,7.0,2025_12
102.457,38,2,32.063,42.583,27.811,307.0,242.0,231.0,317.0,INTERMEDIATE,28,True,Ferrari,0 days 02:10:10.258000,Track Clear,10,False,leclerc,18.6,72.0,989.0,False,24.5,80,2.1,Lap,2025_12,103.86449999999999,3.0,2025_12
102.667,38,2,32.366,42.202,28.099,305.0,239.0,230.0,312.0,INTERMEDIATE,26,True,Williams,0 days 02:10:11.568000,Track Clear,11,False,albon,18.6,72.0,989.0,False,24.5,80,2.1,Lap,2025_12,104.66499999999999,7.0,2025_12
102.626,38,2,32.469,42.129,28.028,296.0,241.0,229.0,307.0,INTERMEDIATE,28,True,Haas F1 Team,0 days 02:10:12.758000,Track Clear,12,False,bearman,18.6,72.0,989.0,False,24.5,80,2.1,Lap,2025_12,104.025,4.0,2025_12
102.672,38,2,32.272,42.448,27.952,294.0,241.0,233.0,307.0,INTERMEDIATE,20,True,Haas F1 Team,0 days 02:10:13.885000,Track Clear,13,False,ocon,18.6,72.0,989.0,False,24.5,80,2.1,Lap,2025_12,104.025,4.0,2025_12
104.811,38,2,33.066,43.512,28.233,296.0,244.0,225.0,313.0,INTERMEDIATE,27,True,Red Bull Racing,0 days 02:10:26.738000,Track Clear,14,False,tsunoda,18.6,72.0,989.0,False,24.5,80,2.1,Lap,2025_12,104.798,8.0,2025_12
99.8,39,2,31.658,41.125,27.017,,246.0,246.0,306.0,INTERMEDIATE,28,True,McLaren,0 days 02:10:57.716000,Track Clear,1,False,piastri,18.7,70.0,988.9,False,24.1,123,2.1,Lap,2025_12,102.0135,1.0,2025_12
99.55,39,2,31.646,41.063,26.841,293.0,245.0,242.0,306.0,INTERMEDIATE,28,True,McLaren,0 days 02:10:59.576000,Track Clear,2,False,norris,18.7,70.0,988.9,False,24.1,123,2.1,Lap,2025_12,102.0135,1.0,2025_12
100.101,39,2,31.914,41.087,27.1,,249.0,240.0,302.0,INTERMEDIATE,30,True,Kick Sauber,0 days 02:11:28.735000,Track Clear,3,False,hulkenberg,18.7,70.0,988.9,False,24.1,123,2.1,Lap,2025_12,103.748,2.0,2025_12
100.836,39,2,31.647,41.69,27.499,307.0,244.0,232.0,307.0,INTERMEDIATE,28,True,Ferrari,0 days 02:11:29.887000,Track Clear,4,False,hamilton,18.7,70.0,988.9,False,24.1,123,2.1,Lap,2025_12,103.86449999999999,3.0,2025_12
101.474,40,2,31.622,42.302,27.55,303.0,245.0,235.0,330.0,INTERMEDIATE,29,True,Red Bull Racing,0 days 02:13:26.236000,Track Clear,7,False,max_verstappen,18.8,70.0,988.9,False,23.6,47,1.5,Lap,2025_12,104.798,8.0,2025_12
99.633,40,2,31.667,41.057,26.909,291.0,241.0,239.0,303.0,INTERMEDIATE,30,True,Ferrari,0 days 02:13:33.766000,Track Clear,8,False,leclerc,18.8,70.0,988.9,False,23.6,47,1.5,Lap,2025_12,103.86449999999999,3.0,2025_12
102.143,40,2,32.352,42.285,27.506,299.0,244.0,232.0,311.0,INTERMEDIATE,29,True,Williams,0 days 02:13:36.157000,Track Clear,9,False,sainz,18.8,70.0,988.9,False,23.6,47,1.5,Lap,2025_12,104.66499999999999,7.0,2025_12
102.225,40,2,32.095,42.273,27.857,297.0,247.0,229.0,323.0,INTERMEDIATE,28,True,Williams,0 days 02:13:36.936000,Track Clear,10,False,albon,18.8,70.0,988.9,False,23.6,47,1.5,Lap,2025_12,104.66499999999999,7.0,2025_12
102.278,40,2,32.01,42.352,27.916,310.0,244.0,228.0,321.0,INTERMEDIATE,30,True,Haas F1 Team,0 days 02:13:37.662000,Track Clear,11,False,bearman,18.8,70.0,988.9,False,23.6,47,1.5,Lap,2025_12,104.025,4.0,2025_12
101.975,40,2,32.321,42.228,27.426,291.0,240.0,235.0,317.0,INTERMEDIATE,22,True,Haas F1 Team,0 days 02:13:38.616000,Track Clear,12,False,ocon,18.9,68.0,988.9,False,23.6,307,2.3,Lap,2025_12,104.025,4.0,2025_12
104.432,40,2,32.755,43.168,28.509,291.0,245.0,228.0,314.0,INTERMEDIATE,29,True,Red Bull Racing,0 days 02:13:56.351000,Track Clear,13,False,tsunoda,18.9,68.0,988.9,False,23.6,307,2.3,Lap,2025_12,104.798,8.0,2025_12
99.273,41,2,31.453,40.804,27.016,292.0,244.0,247.0,307.0,INTERMEDIATE,30,True,McLaren,0 days 02:14:16.977000,Track Clear,1,False,piastri,18.9,68.0,988.9,False,23.6,307,2.3,Lap,2025_12,102.0135,1.0,2025_12
99.297,41,2,31.556,41.023,26.718,295.0,242.0,247.0,306.0,INTERMEDIATE,30,True,McLaren,0 days 02:14:18.412000,Track Clear,2,False,norris,18.9,68.0,988.9,False,23.6,307,2.3,Lap,2025_12,102.0135,1.0,2025_12
100.716,41,2,32.16,41.235,27.321,288.0,234.0,238.0,301.0,INTERMEDIATE,32,True,Kick Sauber,0 days 02:14:48.932000,Track Clear,3,False,hulkenberg,18.9,69.0,989.0,False,23.6,0,0.0,Lap,2025_12,103.748,2.0,2025_12
99.616,41,2,31.544,40.989,27.083,294.0,237.0,241.0,306.0,INTERMEDIATE,31,True,Ferrari,0 days 02:15:13.399000,Track Clear,8,False,leclerc,18.9,69.0,989.0,False,23.6,0,0.0,Lap,2025_12,103.86449999999999,3.0,2025_12
101.5,41,2,31.955,42.108,27.437,313.0,248.0,240.0,325.0,INTERMEDIATE,29,True,Williams,0 days 02:15:19.161000,Track Clear,11,False,albon,18.9,69.0,989.0,False,23.6,0,0.0,Lap,2025_12,104.66499999999999,7.0,2025_12
102.031,41,2,32.041,42.487,27.503,312.0,239.0,242.0,309.0,INTERMEDIATE,23,True,Haas F1 Team,0 days 02:15:20.591000,Track Clear,12,False,ocon,18.9,69.0,989.0,False,23.6,0,0.0,Lap,2025_12,104.025,4.0,2025_12
98.87,42,2,31.535,40.363,26.972,293.0,243.0,247.0,307.0,INTERMEDIATE,31,True,McLaren,0 days 02:15:56.250000,Track Clear,1,False,piastri,19.0,69.0,988.8,False,23.5,296,2.5,Lap,2025_12,102.0135,1.0,2025_12
98.778,42,2,31.697,40.554,26.527,,247.0,246.0,306.0,INTERMEDIATE,31,True,McLaren,0 days 02:15:57.709000,Track Clear,2,False,norris,19.0,69.0,988.8,False,23.5,296,2.5,Lap,2025_12,102.0135,1.0,2025_12
119.092,5,1,32.95,54.45,31.692,313.0,184.0,212.0,295.0,INTERMEDIATE,5,True,McLaren,0 days 02:26:25.966000,Track Clear,1,False,piastri,17.4,84.0,964.9,False,25.5,2,1.1,Lap,2025_13,106.492,1.0,2025_13
120.568,5,1,33.49,55.624,31.454,302.0,188.0,211.0,292.0,INTERMEDIATE,5,True,McLaren,0 days 02:26:25.591000,Track Clear,2,False,norris,17.4,84.0,964.9,False,25.5,2,1.1,Lap,2025_13,106.492,1.0,2025_13
120.463,5,1,32.971,56.048,31.444,302.0,184.0,211.0,288.0,INTERMEDIATE,5,True,Ferrari,0 days 02:26:26.594000,Track Clear,3,False,leclerc,17.4,84.0,964.9,False,25.5,2,1.1,Lap,2025_13,107.1425,2.0,2025_13
120.696,5,1,33.16,55.955,31.581,295.0,186.0,209.0,295.0,INTERMEDIATE,5,True,Red Bull Racing,0 days 02:26:26.785000,Track Clear,4,False,max_verstappen,17.4,84.0,964.9,False,25.5,2,1.1,Lap,2025_13,107.7255,5.0,2025_13
121.343,5,1,33.28,56.415,31.648,279.0,178.0,211.0,287.0,INTERMEDIATE,5,True,Williams,0 days 02:26:27.390000,Track Clear,5,False,albon,17.4,84.0,964.9,False,25.5,2,1.1,Lap,2025_13,107.5265,3.0,2025_13
121.47,5,1,33.384,56.526,31.56,303.0,184.0,212.0,293.0,INTERMEDIATE,5,True,Mercedes,0 days 02:26:27.909000,Track Clear,6,False,russell,17.4,84.0,964.9,False,25.5,2,1.1,Lap,2025_13,107.62049999999999,4.0,2025_13
122.398,5,1,33.974,56.431,31.993,282.0,185.0,211.0,277.0,INTERMEDIATE,5,True,Red Bull Racing,0 days 02:26:28.510000,Track Clear,7,False,tsunoda,17.4,84.0,964.9,False,25.5,2,1.1,Lap,2025_13,107.7255,5.0,2025_13
122.531,5,1,33.726,57.058,31.747,269.0,180.0,208.0,287.0,INTERMEDIATE,5,True,Racing Bulls,0 days 02:26:29.091000,Track Clear,8,False,hadjar,17.4,84.0,964.9,False,25.5,2,1.1,Lap,2025_13,108.21,9.0,2025_13
122.728,5,1,33.627,57.587,31.514,268.0,185.0,211.0,285.0,INTERMEDIATE,5,True,Racing Bulls,0 days 02:26:29.433000,Track Clear,9,False,lawson,17.4,84.0,964.9,False,25.5,2,1.1,Lap,2025_13,108.21,9.0,2025_13
123.632,5,1,33.943,57.89,31.799,284.0,179.0,211.0,273.0,INTERMEDIATE,5,True,Kick Sauber,0 days 02:26:30.527000,Track Clear,10,False,bortoleto,17.4,84.0,964.9,False,25.5,2,1.1,Lap,2025_13,107.97200000000001,6.0,2025_13
124.024,5,1,33.602,58.415,32.007,252.0,179.0,211.0,281.0,INTERMEDIATE,5,True,Haas F1 Team,0 days 02:26:31.177000,Track Clear,11,False,ocon,17.4,84.0,964.9,False,25.5,2,1.1,Lap,2025_13,108.04599999999999,7.0,2025_13
124.052,5,1,33.652,58.412,31.988,299.0,176.0,211.0,274.0,INTERMEDIATE,5,True,Haas F1 Team,0 days 02:26:31.534000,Track Clear,12,False,bearman,17.4,84.0,964.9,False,25.5,2,1.1,Lap,2025_13,108.04599999999999,7.0,2025_13
123.809,5,1,33.247,58.527,32.035,260.0,178.0,210.0,282.0,INTERMEDIATE,5,True,Alpine,0 days 02:26:32.313000,Track Clear,13,False,gasly,17.4,84.0,964.9,False,25.5,2,1.1,Lap,2025_13,108.55799999999999,10.0,2025_13
123.799,5,1,33.863,57.716,32.22,311.0,180.0,212.0,274.0,INTERMEDIATE,5,True,Kick Sauber,0 days 02:26:32.877000,Track Clear,14,False,hulkenberg,17.4,84.0,964.9,False,25.5,2,1.1,Lap,2025_13,107.97200000000001,6.0,2025_13
124.273,5,1,34.119,57.888,32.266,,178.0,209.0,273.0,INTERMEDIATE,5,True,Alpine,0 days 02:26:33.466000,Track Clear,15,False,colapinto,17.4,82.0,965.0,False,25.6,335,0.9,Lap,2025_13,108.55799999999999,10.0,2025_13
123.311,5,1,33.596,57.825,31.89,314.0,182.0,210.0,270.0,INTERMEDIATE,5,True,Williams,0 days 02:26:34.924000,Track Clear,16,True,sainz,17.4,82.0,965.0,False,25.6,335,0.9,Lap,2025_13,107.5265,3.0,2025_13
124.228,5,1,34.067,57.408,32.753,307.0,180.0,209.0,258.0,INTERMEDIATE,5,True,Aston Martin,0 days 02:26:34.392000,Track Clear,17,False,stroll,17.4,82.0,965.0,False,25.6,335,0.9,Lap,2025_13,108.174,8.0,2025_13
123.577,5,1,33.191,58.196,32.19,304.0,173.0,211.0,285.0,INTERMEDIATE,5,True,Ferrari,0 days 02:26:35.302000,Track Clear,18,False,hamilton,17.4,82.0,965.0,False,25.6,335,0.9,Lap,2025_13,107.1425,2.0,2025_13
123.291,5,1,33.455,57.967,31.869,290.0,173.0,210.0,287.0,INTERMEDIATE,5,True,Mercedes,0 days 02:26:36.078000,Track Clear,19,False,antonelli,17.4,82.0,965.0,False,25.6,335,0.9,Lap,2025_13,107.62049999999999,4.0,2025_13
122.826,5,1,33.664,56.932,32.23,297.0,179.0,209.0,278.0,INTERMEDIATE,5,True,Aston Martin,0 days 02:26:37.144000,Track Clear,20,False,alonso,17.4,82.0,965.0,False,25.6,335,0.9,Lap,2025_13,108.174,8.0,2025_13
119.215,6,1,33.243,54.495,31.477,299.0,185.0,210.0,293.0,INTERMEDIATE,6,True,McLaren,0 days 02:28:25.058000,Track Clear,1,False,piastri,17.4,82.0,965.0,False,25.7,307,1.1,Lap,2025_13,106.492,1.0,2025_13
119.136,6,1,33.123,54.396,31.617,298.0,179.0,209.0,296.0,INTERMEDIATE,6,True,McLaren,0 days 02:28:26.159000,Track Clear,2,False,norris,17.4,82.0,965.0,False,25.7,307,1.1,Lap,2025_13,106.492,1.0,2025_13
120.142,6,1,32.732,55.815,31.595,312.0,173.0,209.0,302.0,INTERMEDIATE,6,True,Ferrari,0 days 02:28:27.057000,Track Clear,3,False,leclerc,17.4,82.0,965.0,False,25.7,307,1.1,Lap,2025_13,107.1425,2.0,2025_13
120.19,6,1,32.869,55.36,31.961,304.0,180.0,206.0,303.0,INTERMEDIATE,6,True,Red Bull Racing,0 days 02:28:27.481000,Track Clear,4,False,max_verstappen,17.4,82.0,965.0,False,25.7,307,1.1,Lap,2025_13,107.7255,5.0,2025_13
119.891,6,1,32.626,55.726,31.539,324.0,182.0,210.0,295.0,INTERMEDIATE,6,True,Mercedes,0 days 02:28:29.379000,Track Clear,5,False,russell,17.4,82.0,965.0,False,25.7,307,1.1,Lap,2025_13,107.62049999999999,4.0,2025_13
121.752,6,1,33.266,56.609,31.877,317.0,183.0,208.0,292.0,INTERMEDIATE,6,True,Williams,0 days 02:28:28.733000,Track Clear,6,False,albon,17.4,82.0,965.0,False,25.7,307,1.1,Lap,2025_13,107.5265,3.0,2025_13
120.831,6,1,33.33,55.77,31.731,300.0,184.0,208.0,291.0,INTERMEDIATE,6,True,Red Bull Racing,0 days 02:28:30.908000,Track Clear,7,False,tsunoda,17.4,82.0,965.0,False,25.7,307,1.1,Lap,2025_13,107.7255,5.0,2025_13
121.255,6,1,33.303,56.27,31.682,284.0,178.0,205.0,292.0,INTERMEDIATE,6,True,Racing Bulls,0 days 02:28:31.622000,Track Clear,8,False,hadjar,17.4,82.0,965.0,False,25.7,307,1.1,Lap,2025_13,108.21,9.0,2025_13
121.212,6,1,33.056,56.62,31.536,315.0,179.0,208.0,294.0,INTERMEDIATE,6,True,Racing Bulls,0 days 02:28:32.161000,Track Clear,9,False,lawson,17.4,82.0,965.0,False,25.7,307,1.1,Lap,2025_13,108.21,9.0,2025_13
121.165,6,1,33.267,56.214,31.684,302.0,179.0,210.0,291.0,INTERMEDIATE,6,True,Kick Sauber,0 days 02:28:34.159000,Track Clear,10,False,bortoleto,17.4,82.0,965.0,False,25.7,307,1.1,Lap,2025_13,107.97200000000001,6.0,2025_13
121.578,6,1,33.087,56.776,31.715,277.0,181.0,210.0,291.0,INTERMEDIATE,6,True,Haas F1 Team,0 days 02:28:35.201000,Track Clear,11,False,ocon,17.4,82.0,965.0,False,25.7,307,1.1,Lap,2025_13,108.04599999999999,7.0,2025_13
121.873,6,1,33.801,56.299,31.773,,180.0,208.0,288.0,INTERMEDIATE,6,True,Haas F1 Team,0 days 02:28:35.586000,Track Clear,12,False,bearman,17.4,83.0,965.0,False,25.8,305,1.7,Lap,2025_13,108.04599999999999,7.0,2025_13
122.097,6,1,33.294,57.041,31.762,307.0,177.0,204.0,287.0,INTERMEDIATE,6,True,Alpine,0 days 02:28:36.122000,Track Clear,13,False,gasly,17.4,83.0,965.0,False,25.8,305,1.7,Lap,2025_13,108.55799999999999,10.0,2025_13
122.049,6,1,33.521,56.897,31.631,289.0,185.0,210.0,288.0,INTERMEDIATE,6,True,Kick Sauber,0 days 02:28:36.676000,Track Clear,14,False,hulkenberg,17.4,83.0,965.0,False,25.8,305,1.7,Lap,2025_13,107.97200000000001,6.0,2025_13
122.275,6,1,33.442,57.041,31.792,300.0,178.0,207.0,290.0,INTERMEDIATE,6,True,Alpine,0 days 02:28:37.739000,Track Clear,15,False,colapinto,17.4,83.0,965.0,False,25.8,305,1.7,Lap,2025_13,108.55799999999999,10.0,2025_13
122.267,6,1,33.435,56.982,31.85,307.0,182.0,209.0,292.0,INTERMEDIATE,6,True,Williams,0 days 02:28:38.235000,Track Clear,16,False,sainz,17.4,83.0,965.0,False,25.8,305,1.7,Lap,2025_13,107.5265,3.0,2025_13
122.152,6,1,33.502,56.678,31.972,313.0,171.0,208.0,293.0,INTERMEDIATE,6,True,Ferrari,0 days 02:28:38.879000,Track Clear,17,False,hamilton,17.4,83.0,965.0,False,25.8,305,1.7,Lap,2025_13,107.1425,2.0,2025_13
123.162,6,1,33.794,57.336,32.032,310.0,173.0,206.0,272.0,INTERMEDIATE,6,True,Aston Martin,0 days 02:28:38.620000,Track Clear,18,False,stroll,17.4,83.0,965.0,False,25.8,305,1.7,Lap,2025_13,108.174,8.0,2025_13
122.847,6,1,33.539,57.678,31.63,299.0,175.0,208.0,288.0,INTERMEDIATE,6,True,Mercedes,0 days 02:28:39.369000,Track Clear,19,False,antonelli,17.4,83.0,965.0,False,25.8,305,1.7,Lap,2025_13,107.62049999999999,4.0,2025_13
122.757,6,1,33.986,56.899,31.872,289.0,178.0,205.0,283.0,INTERMEDIATE,6,True,Aston Martin,0 days 02:28:39.970000,Track Clear,20,False,alonso,17.4,83.0,965.0,False,25.8,305,1.7,Lap,2025_13,108.174,8.0,2025_13
119.768,7,1,33.264,54.542,31.962,300.0,175.0,209.0,294.0,INTERMEDIATE,7,True,McLaren,0 days 02:30:24.273000,Track Clear,1,False,piastri,17.5,83.0,965.0,False,25.9,317,2.6,Lap,2025_13,106.492,1.0,2025_13
119.859,7,1,33.245,54.894,31.72,295.0,167.0,210.0,300.0,INTERMEDIATE,7,True,McLaren,0 days 02:30:25.295000,Track Clear,2,False,norris,17.5,83.0,965.0,False,25.9,317,2.6,Lap,2025_13,106.492,1.0,2025_13
120.554,7,1,33.067,55.695,31.792,310.0,177.0,206.0,303.0,INTERMEDIATE,7,True,Ferrari,0 days 02:30:27.199000,Track Clear,3,False,leclerc,17.5,83.0,965.0,False,25.9,317,2.6,Lap,2025_13,107.1425,2.0,2025_13
120.542,7,1,33.065,55.58,31.897,301.0,175.0,206.0,306.0,INTERMEDIATE,7,True,Red Bull Racing,0 days 02:30:27.671000,Track Clear,4,False,max_verstappen,17.5,83.0,965.0,False,25.9,317,2.6,Lap,2025_13,107.7255,5.0,2025_13
120.418,7,1,32.922,55.859,31.637,315.0,181.0,206.0,302.0,INTERMEDIATE,7,True,Mercedes,0 days 02:30:29.270000,Track Clear,5,False,russell,17.5,83.0,965.0,False,25.9,317,2.6,Lap,2025_13,107.62049999999999,4.0,2025_13
121.326,7,1,33.356,56.168,31.802,299.0,183.0,207.0,297.0,INTERMEDIATE,7,True,Williams,0 days 02:30:30.485000,Track Clear,6,False,albon,17.5,83.0,965.0,False,25.9,317,2.6,Lap,2025_13,107.5265,3.0,2025_13
121.258,7,1,33.392,55.947,31.919,288.0,184.0,207.0,294.0,INTERMEDIATE,7,True,Red Bull Racing,0 days 02:30:31.739000,Track Clear,7,False,tsunoda,17.5,83.0,965.0,False,25.9,317,2.6,Lap,2025_13,107.7255,5.0,2025_13
121.677,7,1,33.227,56.505,31.945,305.0,181.0,203.0,300.0,INTERMEDIATE,7,True,Racing Bulls,0 days 02:30:32.877000,Track Clear,8,False,hadjar,17.5,83.0,965.0,False,25.9,317,2.6,Lap,2025_13,108.21,9.0,2025_13
121.796,7,1,33.188,56.787,31.821,306.0,175.0,206.0,297.0,INTERMEDIATE,7,True,Racing Bulls,0 days 02:30:33.373000,Track Clear,9,False,lawson,17.5,83.0,965.0,False,25.9,317,2.6,Lap,2025_13,108.21,9.0,2025_13
121.461,7,1,33.128,56.396,31.937,311.0,181.0,209.0,294.0,INTERMEDIATE,7,True,Kick Sauber,0 days 02:30:35.324000,Track Clear,10,False,bortoleto,17.5,83.0,965.0,False,25.9,317,2.6,Lap,2025_13,107.97200000000001,6.0,2025_13
121.831,7,1,33.025,56.783,32.023,301.0,177.0,207.0,293.0,INTERMEDIATE,7,True,Haas F1 Team,0 days 02:30:36.779000,Track Clear,11,False,ocon,17.5,80.0,965.0,False,25.5,313,2.7,Lap,2025_13,108.04599999999999,7.0,2025_13
121.707,7,1,33.672,56.055,31.98,300.0,183.0,206.0,293.0,INTERMEDIATE,7,True,Haas F1 Team,0 days 02:30:37.459000,Track Clear,12,False,bearman,17.5,80.0,965.0,False,25.5,313,2.7,Lap,2025_13,108.04599999999999,7.0,2025_13
122.794,7,1,33.448,57.237,32.109,312.0,171.0,205.0,290.0,INTERMEDIATE,7,True,Alpine,0 days 02:30:38.219000,Track Clear,13,True,gasly,17.5,80.0,965.0,False,25.5,313,2.7,Lap,2025_13,108.55799999999999,10.0,2025_13
122.875,7,1,33.626,57.208,32.041,313.0,178.0,209.0,292.0,INTERMEDIATE,7,True,Kick Sauber,0 days 02:30:38.725000,Track Clear,14,False,hulkenberg,17.5,80.0,965.0,False,25.5,313,2.7,Lap,2025_13,107.97200000000001,6.0,2025_13
123.101,7,1,33.334,57.986,31.781,308.0,174.0,204.0,299.0,INTERMEDIATE,7,True,Alpine,0 days 02:30:40.014000,Track Clear,15,False,colapinto,17.5,80.0,965.0,False,25.5,313,2.7,Lap,2025_13,108.55799999999999,10.0,2025_13
122.51,7,1,33.377,57.518,31.615,308.0,169.0,207.0,297.0,INTERMEDIATE,7,True,Ferrari,0 days 02:30:41.031000,Track Clear,16,False,hamilton,17.5,80.0,965.0,False,25.5,313,2.7,Lap,2025_13,107.1425,2.0,2025_13
123.356,7,1,33.344,57.758,32.254,310.0,181.0,209.0,294.0,INTERMEDIATE,7,True,Williams,0 days 02:30:40.502000,Track Clear,17,False,sainz,17.5,80.0,965.0,False,25.5,313,2.7,Lap,2025_13,107.5265,3.0,2025_13
122.188,7,1,33.363,57.394,31.431,314.0,170.0,191.0,291.0,INTERMEDIATE,7,True,Mercedes,0 days 02:30:42.216000,Track Clear,18,True,antonelli,17.5,80.0,965.0,False,25.5,313,2.7,Lap,2025_13,107.62049999999999,4.0,2025_13
123.682,7,1,34.347,57.068,32.267,315.0,175.0,208.0,281.0,INTERMEDIATE,7,True,Aston Martin,0 days 02:30:41.782000,Track Clear,19,False,stroll,17.5,80.0,965.0,False,25.5,313,2.7,Lap,2025_13,108.174,8.0,2025_13
123.279,7,1,33.499,57.385,32.395,317.0,178.0,208.0,287.0,INTERMEDIATE,7,True,Aston Martin,0 days 02:30:42.727000,Track Clear,20,False,alonso,17.5,80.0,965.0,False,25.5,313,2.7,Lap,2025_13,108.174,8.0,2025_13
120.611,8,1,33.464,55.068,32.079,299.0,176.0,206.0,297.0,INTERMEDIATE,8,True,McLaren,0 days 02:32:24.041000,Track Clear,1,False,piastri,17.5,81.0,965.1,False,25.5,297,1.9,Lap,2025_13,106.492,1.0,2025_13
120.747,8,1,33.377,55.317,32.053,293.0,171.0,206.0,295.0,INTERMEDIATE,8,True,McLaren,0 days 02:32:25.154000,Track Clear,2,False,norris,17.5,81.0,965.1,False,25.5,297,1.9,Lap,2025_13,106.492,1.0,2025_13
121.82,8,1,33.191,56.337,32.292,317.0,175.0,203.0,,INTERMEDIATE,8,True,Ferrari,0 days 02:32:27.753000,Track Clear,3,False,leclerc,17.5,81.0,965.1,False,25.5,297,1.9,Lap,2025_13,107.1425,2.0,2025_13
121.993,8,1,33.191,56.432,32.37,299.0,173.0,202.0,,INTERMEDIATE,8,True,Red Bull Racing,0 days 02:32:28.213000,Track Clear,4,False,max_verstappen,17.5,81.0,965.1,False,25.5,297,1.9,Lap,2025_13,107.7255,5.0,2025_13
122.472,8,1,33.157,57.256,32.059,309.0,171.0,205.0,303.0,INTERMEDIATE,8,True,Mercedes,0 days 02:32:29.688000,Track Clear,5,False,russell,17.5,81.0,965.1,False,25.5,297,1.9,Lap,2025_13,107.62049999999999,4.0,2025_13
122.471,8,1,33.554,56.677,32.24,,173.0,205.0,299.0,INTERMEDIATE,8,True,Williams,0 days 02:32:31.811000,Track Clear,6,False,albon,17.5,81.0,965.1,False,25.5,297,1.9,Lap,2025_13,107.5265,3.0,2025_13
122.33,8,1,33.411,56.508,32.411,298.0,176.0,204.0,298.0,INTERMEDIATE,8,True,Red Bull Racing,0 days 02:32:32.997000,Track Clear,7,False,tsunoda,17.5,81.0,965.1,False,25.5,297,1.9,Lap,2025_13,107.7255,5.0,2025_13
122.837,8,1,33.661,57.025,32.151,301.0,174.0,201.0,302.0,INTERMEDIATE,8,True,Racing Bulls,0 days 02:32:34.554000,Track Clear,8,True,hadjar,17.5,81.0,965.1,False,25.5,275,2.0,Lap,2025_13,108.21,9.0,2025_13
122.746,8,1,33.498,57.006,32.242,291.0,183.0,205.0,299.0,INTERMEDIATE,8,True,Racing Bulls,0 days 02:32:35.169000,Track Clear,9,False,lawson,17.5,81.0,965.1,False,25.5,275,2.0,Lap,2025_13,108.21,9.0,2025_13
122.601,8,1,33.405,57.023,32.173,310.0,172.0,207.0,298.0,INTERMEDIATE,8,True,Kick Sauber,0 days 02:32:36.785000,Track Clear,10,False,bortoleto,17.5,81.0,965.1,False,25.5,275,2.0,Lap,2025_13,107.97200000000001,6.0,2025_13
123.179,8,1,33.251,57.596,32.332,311.0,175.0,206.0,303.0,INTERMEDIATE,8,True,Haas F1 Team,0 days 02:32:38.610000,Track Clear,11,False,ocon,17.5,81.0,965.1,False,25.5,275,2.0,Lap,2025_13,108.04599999999999,7.0,2025_13
123.403,8,1,33.846,57.118,32.439,,169.0,206.0,301.0,INTERMEDIATE,8,True,Haas F1 Team,0 days 02:32:39.166000,Track Clear,12,False,bearman,17.5,81.0,965.1,False,25.5,275,2.0,Lap,2025_13,108.04599999999999,7.0,2025_13
123.228,8,1,33.609,57.455,32.164,311.0,173.0,204.0,284.0,INTERMEDIATE,8,True,Alpine,0 days 02:32:41.013000,Track Clear,13,False,gasly,17.5,81.0,965.1,False,25.5,275,2.0,Lap,2025_13,108.55799999999999,10.0,2025_13
121.599,8,1,33.197,56.553,31.849,317.0,172.0,204.0,295.0,INTERMEDIATE,8,True,Ferrari,0 days 02:32:43.541000,Track Clear,14,False,hamilton,17.5,81.0,965.1,False,25.5,275,2.0,Lap,2025_13,107.1425,2.0,2025_13
123.968,8,1,33.412,57.668,32.888,316.0,180.0,208.0,293.0,INTERMEDIATE,8,True,Kick Sauber,0 days 02:32:41.600000,Track Clear,15,False,hulkenberg,17.5,81.0,965.1,False,25.5,275,2.0,Lap,2025_13,107.97200000000001,6.0,2025_13
124.446,8,1,33.645,58.168,32.633,312.0,169.0,201.0,291.0,INTERMEDIATE,8,True,Alpine,0 days 02:32:43.115000,Track Clear,16,True,colapinto,17.5,81.0,965.1,False,25.5,275,2.0,Lap,2025_13,108.55799999999999,10.0,2025_13
124.324,8,1,33.708,58.058,32.558,306.0,179.0,204.0,295.0,INTERMEDIATE,8,True,Williams,0 days 02:32:43.858000,Track Clear,17,False,sainz,17.5,81.0,965.1,False,25.5,275,2.0,Lap,2025_13,107.5265,3.0,2025_13
124.219,8,1,33.877,58.088,32.254,302.0,176.0,205.0,284.0,INTERMEDIATE,8,True,Mercedes,0 days 02:32:44.404000,Track Clear,18,False,antonelli,17.5,81.0,965.1,False,25.5,275,2.0,Lap,2025_13,107.62049999999999,4.0,2025_13
123.866,8,1,33.724,57.611,32.531,310.0,175.0,203.0,,INTERMEDIATE,8,True,Aston Martin,0 days 02:32:45.464000,Track Clear,19,False,stroll,17.5,81.0,965.1,False,25.5,275,2.0,Lap,2025_13,108.174,8.0,2025_13
123.891,8,1,33.885,57.555,32.451,294.0,174.0,203.0,289.0,INTERMEDIATE,8,True,Aston Martin,0 days 02:32:46.006000,Track Clear,20,False,alonso,17.5,81.0,965.1,False,25.5,275,2.0,Lap,2025_13,108.174,8.0,2025_13
121.409,9,1,33.779,55.551,32.079,300.0,175.0,205.0,292.0,INTERMEDIATE,9,True,McLaren,0 days 02:34:24.652000,Track Clear,1,False,piastri,17.6,83.0,965.2,False,25.9,357,2.3,Lap,2025_13,106.492,1.0,2025_13
121.841,9,1,33.757,55.761,32.323,297.0,164.0,205.0,298.0,INTERMEDIATE,9,True,McLaren,0 days 02:34:25.901000,Track Clear,2,False,norris,17.6,83.0,965.2,False,25.9,357,2.3,Lap,2025_13,106.492,1.0,2025_13
123.71,9,1,33.632,57.514,32.564,308.0,173.0,205.0,,INTERMEDIATE,9,True,Ferrari,0 days 02:34:29.573000,Track Clear,3,False,leclerc,17.6,83.0,965.2,False,25.9,357,2.3,Lap,2025_13,107.1425,2.0,2025_13
123.462,9,1,33.521,57.495,32.446,294.0,163.0,201.0,305.0,INTERMEDIATE,9,True,Red Bull Racing,0 days 02:34:30.206000,Track Clear,4,False,max_verstappen,17.6,83.0,965.2,False,25.9,357,2.3,Lap,2025_13,107.7255,5.0,2025_13
123.892,9,1,33.565,57.989,32.338,310.0,166.0,203.0,295.0,INTERMEDIATE,9,True,Mercedes,0 days 02:34:32.160000,Track Clear,5,False,russell,17.6,83.0,965.2,False,25.9,357,2.3,Lap,2025_13,107.62049999999999,4.0,2025_13
123.577,9,1,33.823,57.44,32.314,293.0,172.0,204.0,301.0,INTERMEDIATE,9,True,Williams,0 days 02:34:34.282000,Track Clear,6,False,albon,17.5,79.0,965.1,False,25.9,339,1.5,Lap,2025_13,107.5265,3.0,2025_13
123.48,9,1,33.699,57.442,32.339,,173.0,204.0,297.0,INTERMEDIATE,9,True,Red Bull Racing,0 days 02:34:35.327000,Track Clear,7,False,tsunoda,17.5,79.0,965.1,False,25.9,339,1.5,Lap,2025_13,107.7255,5.0,2025_13
123.822,9,1,33.776,57.784,32.262,302.0,171.0,200.0,300.0,INTERMEDIATE,9,True,Racing Bulls,0 days 02:34:37.391000,Track Clear,8,False,hadjar,17.5,79.0,965.1,False,25.9,339,1.5,Lap,2025_13,108.21,9.0,2025_13
124.162,9,1,33.765,58.053,32.344,285.0,169.0,204.0,301.0,INTERMEDIATE,9,True,Racing Bulls,0 days 02:34:37.915000,Track Clear,9,False,lawson,17.5,79.0,965.1,False,25.9,339,1.5,Lap,2025_13,108.21,9.0,2025_13
123.996,9,1,33.618,58.002,32.376,307.0,175.0,206.0,,INTERMEDIATE,9,True,Kick Sauber,0 days 02:34:39.386000,Track Clear,10,True,bortoleto,17.5,79.0,965.1,False,25.9,339,1.5,Lap,2025_13,107.97200000000001,6.0,2025_13
124.581,9,1,33.402,58.618,32.561,301.0,163.0,203.0,304.0,INTERMEDIATE,9,True,Haas F1 Team,0 days 02:34:41.789000,Track Clear,11,False,ocon,17.5,79.0,965.1,False,25.9,339,1.5,Lap,2025_13,108.04599999999999,7.0,2025_13
124.288,9,1,33.969,57.663,32.656,299.0,174.0,204.0,303.0,INTERMEDIATE,9,True,Haas F1 Team,0 days 02:34:42.569000,Track Clear,12,False,bearman,17.5,79.0,965.1,False,25.9,339,1.5,Lap,2025_13,108.04599999999999,7.0,2025_13
124.389,9,1,33.446,58.843,32.1,312.0,169.0,203.0,301.0,INTERMEDIATE,9,True,Ferrari,0 days 02:34:45.140000,Track Clear,13,False,hamilton,17.5,79.0,965.1,False,25.9,339,1.5,Lap,2025_13,107.1425,2.0,2025_13
126.857,9,1,34.134,59.655,33.068,322.0,159.0,203.0,279.0,INTERMEDIATE,9,True,Alpine,0 days 02:34:44.241000,Track Clear,14,False,gasly,17.5,79.0,965.1,False,25.9,339,1.5,Lap,2025_13,108.55799999999999,10.0,2025_13
125.89,9,1,33.814,58.666,33.41,314.0,166.0,205.0,292.0,INTERMEDIATE,9,True,Kick Sauber,0 days 02:34:45.568000,Track Clear,15,False,hulkenberg,17.5,79.0,965.1,False,25.9,339,1.5,Lap,2025_13,107.97200000000001,6.0,2025_13
125.097,9,1,33.905,58.578,32.614,310.0,161.0,200.0,290.0,INTERMEDIATE,9,True,Alpine,0 days 02:34:47.561000,Track Clear,16,False,colapinto,17.5,79.0,965.1,False,25.9,339,1.5,Lap,2025_13,108.55799999999999,10.0,2025_13
125.122,9,1,33.927,58.513,32.682,303.0,173.0,202.0,296.0,INTERMEDIATE,9,True,Williams,0 days 02:34:48.182000,Track Clear,17,False,sainz,17.5,79.0,965.1,False,25.9,339,1.5,Lap,2025_13,107.5265,3.0,2025_13
125.404,9,1,33.917,58.891,32.596,294.0,155.0,203.0,292.0,INTERMEDIATE,9,True,Mercedes,0 days 02:34:48.623000,Track Clear,18,False,antonelli,17.5,79.0,965.1,False,25.9,339,1.5,Lap,2025_13,107.62049999999999,4.0,2025_13
125.241,9,1,34.146,58.423,32.672,305.0,167.0,201.0,286.0,INTERMEDIATE,9,True,Aston Martin,0 days 02:34:49.330000,Track Clear,19,False,stroll,17.5,79.0,965.1,False,25.9,339,1.5,Lap,2025_13,108.174,8.0,2025_13
125.329,9,1,34.17,58.631,32.528,305.0,162.0,203.0,292.0,INTERMEDIATE,9,True,Aston Martin,0 days 02:34:49.897000,Track Clear,20,False,alonso,17.5,79.0,965.1,False,25.9,339,1.5,Lap,2025_13,108.174,8.0,2025_13
122.104,10,1,33.974,56.147,31.983,,177.0,205.0,290.0,INTERMEDIATE,10,True,McLaren,0 days 02:36:26.061000,Track Clear,1,False,piastri,17.5,83.0,965.1,False,25.9,327,1.8,Lap,2025_13,106.492,1.0,2025_13
122.285,10,1,33.815,56.274,32.196,302.0,173.0,198.0,,INTERMEDIATE,10,True,McLaren,0 days 02:36:27.742000,Track Clear,2,False,norris,17.5,83.0,965.1,False,25.9,327,1.8,Lap,2025_13,106.492,1.0,2025_13
124.208,10,1,33.674,58.244,32.29,309.0,169.0,202.0,305.0,INTERMEDIATE,10,True,Ferrari,0 days 02:36:33.283000,Track Clear,3,False,leclerc,17.5,82.0,965.1,False,25.9,355,1.9,Lap,2025_13,107.1425,2.0,2025_13
123.978,10,1,33.575,58.285,32.118,304.0,176.0,204.0,307.0,INTERMEDIATE,10,True,Red Bull Racing,0 days 02:36:33.668000,Track Clear,4,False,max_verstappen,17.5,82.0,965.1,False,25.9,355,1.9,Lap,2025_13,107.7255,5.0,2025_13
124.205,10,1,33.94,58.08,32.185,312.0,169.0,203.0,290.0,INTERMEDIATE,10,True,Mercedes,0 days 02:36:36.052000,Track Clear,5,False,russell,17.5,82.0,965.1,False,25.9,355,1.9,Lap,2025_13,107.62049999999999,4.0,2025_13
124.104,10,1,33.824,57.976,32.304,305.0,171.0,204.0,302.0,INTERMEDIATE,10,True,Williams,0 days 02:36:37.859000,Track Clear,6,False,albon,17.5,82.0,965.1,False,25.9,355,1.9,Lap,2025_13,107.5265,3.0,2025_13
124.98,10,1,34.008,58.413,32.559,295.0,176.0,202.0,295.0,INTERMEDIATE,10,True,Red Bull Racing,0 days 02:36:38.807000,Track Clear,7,False,tsunoda,17.5,82.0,965.1,False,25.9,355,1.9,Lap,2025_13,107.7255,5.0,2025_13
124.736,10,1,33.991,58.21,32.535,304.0,165.0,198.0,299.0,INTERMEDIATE,10,True,Racing Bulls,0 days 02:36:41.213000,Track Clear,8,False,hadjar,17.5,82.0,965.1,False,25.9,355,1.9,Lap,2025_13,108.21,9.0,2025_13
124.537,10,1,33.945,58.004,32.588,302.0,172.0,202.0,297.0,INTERMEDIATE,10,True,Racing Bulls,0 days 02:36:42.077000,Track Clear,9,False,lawson,17.5,82.0,965.1,False,25.9,355,1.9,Lap,2025_13,108.21,9.0,2025_13
124.833,10,1,33.95,58.465,32.418,306.0,174.0,204.0,295.0,INTERMEDIATE,10,True,Kick Sauber,0 days 02:36:43.382000,Track Clear,10,False,bortoleto,17.5,82.0,965.1,False,25.9,355,1.9,Lap,2025_13,107.97200000000001,6.0,2025_13
125.31,10,1,33.555,58.965,32.79,312.0,163.0,201.0,301.0,INTERMEDIATE,10,True,Haas F1 Team,0 days 02:36:46.370000,Track Clear,11,False,ocon,17.5,82.0,965.1,False,25.9,355,1.9,Lap,2025_13,108.04599999999999,7.0,2025_13
124.996,10,1,34.173,58.11,32.713,300.0,168.0,202.0,296.0,INTERMEDIATE,10,True,Haas F1 Team,0 days 02:36:46.857000,Track Clear,12,False,bearman,17.5,82.0,965.1,False,25.9,355,1.9,Lap,2025_13,108.04599999999999,7.0,2025_13
123.457,10,1,33.847,57.247,32.363,304.0,169.0,202.0,297.0,INTERMEDIATE,10,True,Ferrari,0 days 02:36:49.529000,Track Clear,13,False,hamilton,17.5,82.0,965.1,False,25.9,355,1.9,Lap,2025_13,107.1425,2.0,2025_13
125.517,10,1,34.012,58.921,32.584,311.0,159.0,201.0,286.0,INTERMEDIATE,10,True,Alpine,0 days 02:36:51.098000,Track Clear,14,False,gasly,17.5,82.0,965.1,False,25.9,355,1.9,Lap,2025_13,108.55799999999999,10.0,2025_13
126.075,10,1,34.02,59.085,32.97,316.0,165.0,203.0,294.0,INTERMEDIATE,10,True,Kick Sauber,0 days 02:36:51.458000,Track Clear,15,False,hulkenberg,17.5,82.0,965.1,False,25.9,355,1.9,Lap,2025_13,107.97200000000001,6.0,2025_13
125.749,10,1,34.116,59.247,32.386,312.0,175.0,200.0,287.0,INTERMEDIATE,10,True,Alpine,0 days 02:36:52.658000,Track Clear,16,False,colapinto,17.5,82.0,965.1,False,25.9,355,1.9,Lap,2025_13,108.55799999999999,10.0,2025_13
125.764,10,1,34.084,59.069,32.611,305.0,166.0,202.0,293.0,INTERMEDIATE,10,True,Williams,0 days 02:36:53.304000,Track Clear,17,False,sainz,17.5,82.0,965.1,False,25.9,355,1.9,Lap,2025_13,107.5265,3.0,2025_13
125.624,10,1,34.059,58.955,32.61,310.0,167.0,201.0,291.0,INTERMEDIATE,10,True,Mercedes,0 days 02:36:54.027000,Track Clear,18,False,antonelli,17.5,82.0,965.1,False,25.9,355,1.9,Lap,2025_13,107.62049999999999,4.0,2025_13
125.6,10,1,34.269,58.671,32.66,302.0,166.0,201.0,294.0,INTERMEDIATE,10,True,Aston Martin,0 days 02:36:55.226000,Track Clear,19,False,alonso,17.5,82.0,965.1,False,25.9,355,1.9,Lap,2025_13,108.174,8.0,2025_13
126.686,10,1,34.284,58.822,33.58,306.0,167.0,200.0,287.0,INTERMEDIATE,10,True,Aston Martin,0 days 02:36:54.571000,Track Clear,20,False,stroll,17.5,82.0,965.1,False,25.9,355,1.9,Lap,2025_13,108.174,8.0,2025_13
121.466,11,1,33.844,55.869,31.753,,175.0,207.0,292.0,INTERMEDIATE,11,True,McLaren,0 days 02:38:28.165000,Track Clear,1,False,piastri,17.5,82.0,965.1,False,25.9,355,1.9,Lap,2025_13,106.492,1.0,2025_13
121.576,11,1,33.67,56.152,31.754,304.0,174.0,207.0,305.0,INTERMEDIATE,11,True,McLaren,0 days 02:38:30.027000,Track Clear,2,False,norris,17.5,82.0,965.1,False,25.9,355,1.9,Lap,2025_13,106.492,1.0,2025_13
122.478,11,1,33.686,56.886,31.906,,173.0,205.0,,INTERMEDIATE,11,True,Ferrari,0 days 02:38:37.491000,Track Clear,3,False,leclerc,17.6,81.0,965.2,False,25.4,318,2.2,Lap,2025_13,107.1425,2.0,2025_13
122.968,11,1,33.737,57.469,31.762,305.0,179.0,206.0,295.0,INTERMEDIATE,11,True,Red Bull Racing,0 days 02:38:37.646000,Track Clear,4,False,max_verstappen,17.6,81.0,965.2,False,25.4,318,2.2,Lap,2025_13,107.7255,5.0,2025_13
123.386,11,1,33.817,57.677,31.892,315.0,172.0,205.0,287.0,INTERMEDIATE,11,True,Mercedes,0 days 02:38:40.257000,Track Clear,5,False,russell,17.6,81.0,965.2,False,25.4,318,2.2,Lap,2025_13,107.62049999999999,4.0,2025_13
123.439,11,1,33.703,57.574,32.162,306.0,170.0,207.0,,INTERMEDIATE,11,True,Williams,0 days 02:38:41.963000,Track Clear,6,False,albon,17.6,81.0,965.2,False,25.4,318,2.2,Lap,2025_13,107.5265,3.0,2025_13
124.137,11,1,34.101,57.624,32.412,299.0,174.0,204.0,289.0,INTERMEDIATE,11,True,Red Bull Racing,0 days 02:38:43.787000,Track Clear,7,False,tsunoda,17.6,81.0,965.2,False,25.4,318,2.2,Lap,2025_13,107.7255,5.0,2025_13
124.304,11,1,34.175,57.817,32.312,311.0,171.0,199.0,294.0,INTERMEDIATE,11,True,Racing Bulls,0 days 02:38:45.949000,Track Clear,8,False,hadjar,17.6,81.0,965.2,False,25.4,318,2.2,Lap,2025_13,108.21,9.0,2025_13
124.295,11,1,33.6,58.518,32.177,318.0,175.0,204.0,300.0,INTERMEDIATE,11,True,Racing Bulls,0 days 02:38:46.614000,Track Clear,9,False,lawson,17.6,81.0,965.2,False,25.4,318,2.2,Lap,2025_13,108.21,9.0,2025_13
124.626,11,1,34.021,58.136,32.469,305.0,171.0,203.0,290.0,INTERMEDIATE,11,True,Kick Sauber,0 days 02:38:48.215000,Track Clear,10,False,bortoleto,17.6,81.0,965.2,False,25.4,318,2.2,Lap,2025_13,107.97200000000001,6.0,2025_13
122.741,11,1,33.947,56.991,31.803,320.0,174.0,204.0,294.0,INTERMEDIATE,11,True,Haas F1 Team,0 days 02:38:51.853000,Track Clear,11,False,bearman,17.6,81.0,965.2,False,25.4,318,2.2,Lap,2025_13,108.04599999999999,7.0,2025_13
125.656,11,1,34.228,58.996,32.432,241.0,169.0,204.0,280.0,INTERMEDIATE,11,True,Haas F1 Team,0 days 02:38:51.680000,Track Clear,12,False,ocon,17.6,81.0,965.2,False,25.4,318,2.2,Lap,2025_13,108.04599999999999,7.0,2025_13
124.737,11,1,33.988,58.856,31.893,313.0,172.0,205.0,291.0,INTERMEDIATE,11,True,Alpine,0 days 02:38:58.407000,Track Clear,13,False,colapinto,17.6,81.0,965.2,False,25.4,318,2.2,Lap,2025_13,108.55799999999999,10.0,2025_13
124.978,11,1,34.03,58.599,32.349,303.0,172.0,204.0,295.0,INTERMEDIATE,11,True,Williams,0 days 02:38:59.068000,Track Clear,15,True,sainz,17.6,81.0,965.2,False,25.4,318,2.2,Lap,2025_13,107.5265,3.0,2025_13
125.433,11,1,34.079,59.364,31.99,,168.0,202.0,292.0,INTERMEDIATE,11,True,Mercedes,0 days 02:38:59.651000,Track Clear,16,False,antonelli,17.6,81.0,965.2,False,25.4,318,2.2,Lap,2025_13,107.62049999999999,4.0,2025_13
125.288,11,1,34.381,58.387,32.52,301.0,173.0,203.0,281.0,INTERMEDIATE,11,True,Aston Martin,0 days 02:39:01.257000,Track Clear,17,False,stroll,17.6,81.0,965.2,False,25.4,318,2.2,Lap,2025_13,108.174,8.0,2025_13
120.458,12,1,33.459,55.493,31.506,,172.0,209.0,306.0,INTERMEDIATE,12,True,McLaren,0 days 02:40:31.603000,Track Clear,1,False,norris,17.6,80.0,965.2,False,25.3,0,1.8,Lap,2025_13,106.492,1.0,2025_13
123.373,12,1,33.995,56.969,32.409,305.0,178.0,206.0,286.0,INTERMEDIATE,12,True,Red Bull Racing,0 days 02:40:47.924000,Track Clear,6,False,tsunoda,17.6,81.0,965.2,False,25.1,318,1.1,Lap,2025_13,107.7255,5.0,2025_13
124.24,12,1,34.448,57.751,32.041,298.0,171.0,202.0,284.0,INTERMEDIATE,12,True,Racing Bulls,0 days 02:40:50.253000,Track Clear,8,True,hadjar,17.6,81.0,965.2,False,25.1,318,1.1,Lap,2025_13,108.21,9.0,2025_13
124.249,12,1,33.561,58.533,32.155,308.0,169.0,208.0,294.0,INTERMEDIATE,12,True,Haas F1 Team,0 days 02:40:57.336000,Track Clear,11,False,ocon,17.6,81.0,965.2,False,25.1,318,1.1,Lap,2025_13,108.04599999999999,7.0,2025_13
